<?xml version="1.0" encoding="utf-8"?>
<agendalist lastupdate="2024-02-11 23:29:26">
	<agenda>
		<id>a13VV000002p0qy</id>
		<name><![CDATA[Thursday AM Refreshment Break]]></name>
		<date>2024-02-08</date>
		<sessionopen></sessionopen>
		<datetime>2024-02-08T18:00:00.000Z</datetime>
		<enddatetime>2024-02-08T18:10:00.000Z</enddatetime>
		<track><![CDATA[Break]]></track>
		<tracknum></tracknum>
		<trackcategory></trackcategory>
		<sessionnum></sessionnum>
		<session><![CDATA[]]></session>
		<sessionagenda><![CDATA[]]></sessionagenda>
		<sessionstarttime>10:00</sessionstarttime>
		<sessionendtime>10:10 AM</sessionendtime>
		<starttime><![CDATA[]]></starttime>
		<roomlocation>Floor 1</roomlocation>
		<publishroom>false</publishroom>
		<room><![CDATA[GAB Lobby]]></room>
		<numberregistered>0.0</numberregistered>
		<seesionoccupancy></seesionoccupancy>
		<sessiondescription><![CDATA[]]></sessiondescription>
		<regrequired>false</regrequired>
		<sessionaudiance><![CDATA[]]></sessionaudiance>
		<roomnum></roomnum>
		<anchor>Thursday</anchor>
		<sessionformat>General Event</sessionformat>
		<sessionlinkURL><![CDATA[]]></sessionlinkURL>
		<sessionslidesURL><![CDATA[]]></sessionslidesURL>
		<sessionssponsorlogo><![CDATA[]]></sessionssponsorlogo>
		<sessionsponsor><![CDATA[]]></sessionsponsor>
	</agenda>
	<agenda>
		<id>a13VV000002p0r3</id>
		<name><![CDATA[Keynote 6: Open Compute Project]]></name>
		<date>2024-02-08</date>
		<sessionopen></sessionopen>
		<datetime>2024-02-08T19:35:00.000Z</datetime>
		<enddatetime>2024-02-08T20:05:00.000Z</enddatetime>
		<track><![CDATA[CS 2024 Keynotes]]></track>
		<tracknum></tracknum>
		<trackcategory>Keynote</trackcategory>
		<sessionnum>K-6</sessionnum>
		<session><![CDATA[]]></session>
		<sessionagenda><![CDATA[]]></sessionagenda>
		<sessionstarttime>11:35</sessionstarttime>
		<sessionendtime>12:05 PM</sessionendtime>
		<starttime><![CDATA[]]></starttime>
		<roomlocation>Floor 1</roomlocation>
		<publishroom>false</publishroom>
		<room><![CDATA[GAB J (Great America Ballroom J)]]></room>
		<numberregistered>0.0</numberregistered>
		<seesionoccupancy></seesionoccupancy>
		<sessiondescription><![CDATA[]]></sessiondescription>
		<regrequired>false</regrequired>
		<sessionaudiance><![CDATA[]]></sessionaudiance>
		<roomnum></roomnum>
		<anchor>Keynote6</anchor>
		<sessionformat>Keynote</sessionformat>
		<sessionlinkURL><![CDATA[]]></sessionlinkURL>
		<sessionslidesURL><![CDATA[]]></sessionslidesURL>
		<sessionssponsorlogo><![CDATA[]]></sessionssponsorlogo>
		<sessionsponsor><![CDATA[]]></sessionsponsor>
	</agenda>
	<agenda>
		<id>a13VV000002p0r2</id>
		<name><![CDATA[Special Presentation 4: Arm]]></name>
		<date>2024-02-08</date>
		<sessionopen></sessionopen>
		<datetime>2024-02-08T19:20:00.000Z</datetime>
		<enddatetime>2024-02-08T19:35:00.000Z</enddatetime>
		<track><![CDATA[CS 2024 Keynotes]]></track>
		<tracknum></tracknum>
		<trackcategory>Keynote</trackcategory>
		<sessionnum>SP-4</sessionnum>
		<session><![CDATA[]]></session>
		<sessionagenda><![CDATA[]]></sessionagenda>
		<sessionstarttime>11:20</sessionstarttime>
		<sessionendtime>11:35 AM</sessionendtime>
		<starttime><![CDATA[]]></starttime>
		<roomlocation>Floor 1</roomlocation>
		<publishroom>false</publishroom>
		<room><![CDATA[GAB J (Great America Ballroom J)]]></room>
		<numberregistered>0.0</numberregistered>
		<seesionoccupancy></seesionoccupancy>
		<sessiondescription><![CDATA[]]></sessiondescription>
		<regrequired>false</regrequired>
		<sessionaudiance><![CDATA[]]></sessionaudiance>
		<roomnum></roomnum>
		<anchor>SpecialPresentation 4</anchor>
		<sessionformat>Special Event</sessionformat>
		<sessionlinkURL><![CDATA[]]></sessionlinkURL>
		<sessionslidesURL><![CDATA[]]></sessionslidesURL>
		<sessionssponsorlogo><![CDATA[]]></sessionssponsorlogo>
		<sessionsponsor><![CDATA[]]></sessionsponsor>
	</agenda>
	<agenda>
		<id>a13VV000002ybJi</id>
		<name><![CDATA[C-201: Making Chiplets a Viable Market (sponsored by SmartSoC Solutions)]]></name>
		<date>2024-02-08</date>
		<sessionopen></sessionopen>
		<datetime>2024-02-08T17:02:00.000Z</datetime>
		<enddatetime>2024-02-08T18:00:00.000Z</enddatetime>
		<track><![CDATA[Panel]]></track>
		<tracknum></tracknum>
		<trackcategory>Session</trackcategory>
		<sessionnum>C-201</sessionnum>
		<session><![CDATA[]]></session>
		<sessionagenda><![CDATA[]]></sessionagenda>
		<sessionstarttime>9:00</sessionstarttime>
		<sessionendtime>10:00 AM</sessionendtime>
		<starttime><![CDATA[]]></starttime>
		<roomlocation>Floor 2</roomlocation>
		<publishroom>false</publishroom>
		<room><![CDATA[GAMR 3 (Great America Meeting Room 3)]]></room>
		<numberregistered>0.0</numberregistered>
		<seesionoccupancy></seesionoccupancy>
		<sessiondescription><![CDATA[Many articles have raised the idea of designers being able to shop for the chiplets they want in a marketplace and then simply drop them into their designs. Obviously, such a concept depends on a viable market in which chiplet designers can make a return on their investment. Clearly it would require standards for chiplets so designers would know what they’re getting and how it would integrate into their devices. Each chiplet must carry information about its connections and characteristics in a specific form. The chiplet would also have to pass both security and interoperability tests. Clearly such a marketplace will take time to develop and will require an organization to oversee it.]]></sessiondescription>
		<regrequired>false</regrequired>
		<sessionaudiance><![CDATA[]]></sessionaudiance>
		<roomnum></roomnum>
		<anchor>C-201:</anchor>
		<sessionformat>Panel Session</sessionformat>
		<sessionlinkURL><![CDATA[]]></sessionlinkURL>
		<sessionslidesURL><![CDATA[]]></sessionslidesURL>
		<sessionssponsorlogo><![CDATA[]]></sessionssponsorlogo>
		<sessionsponsor><![CDATA[]]></sessionsponsor>
	</agenda>
	<agenda>
		<id>a13VV000002p0r6</id>
		<name><![CDATA[A-202: Design - 4]]></name>
		<date>2024-02-08</date>
		<sessionopen></sessionopen>
		<datetime>2024-02-08T22:00:00.000Z</datetime>
		<enddatetime>2024-02-08T23:20:00.000Z</enddatetime>
		<track><![CDATA[Design/Security]]></track>
		<tracknum></tracknum>
		<trackcategory>Session</trackcategory>
		<sessionnum>A-202</sessionnum>
		<session><![CDATA[]]></session>
		<sessionagenda><![CDATA[]]></sessionagenda>
		<sessionstarttime>2:00</sessionstarttime>
		<sessionendtime>3:20 PM</sessionendtime>
		<starttime><![CDATA[]]></starttime>
		<roomlocation>Floor 2</roomlocation>
		<publishroom>false</publishroom>
		<room><![CDATA[GAMR 1 (Great America Meeting Room 1)]]></room>
		<numberregistered>0.0</numberregistered>
		<seesionoccupancy></seesionoccupancy>
		<sessiondescription><![CDATA[Chiplets create many new issues for designers. Functional simulation and verification must now allow for multiple chiplets as well as interconnections and chiplet-chiplet interaction. Test becomes much more complex, with chiplets having to be tested individually, interconnections requiring tests, and the entire device requiring testing as a whole. New tools and procedures are necessary, and the time allotted for steps must be increased. Schedules will also surely lag unless steps such as packaging, test, and integration are not started early in the process.]]></sessiondescription>
		<regrequired>false</regrequired>
		<sessionaudiance><![CDATA[]]></sessionaudiance>
		<roomnum></roomnum>
		<anchor>A-202:</anchor>
		<sessionformat>Paper Session</sessionformat>
		<sessionlinkURL><![CDATA[]]></sessionlinkURL>
		<sessionslidesURL><![CDATA[]]></sessionslidesURL>
		<sessionssponsorlogo><![CDATA[]]></sessionssponsorlogo>
		<sessionsponsor><![CDATA[]]></sessionsponsor>
	</agenda>
	<agenda>
		<id>a13VV000002p0r9</id>
		<name><![CDATA[Thursday PM Refreshment Break]]></name>
		<date>2024-02-08</date>
		<sessionopen></sessionopen>
		<datetime>2024-02-08T23:20:00.000Z</datetime>
		<enddatetime>2024-02-08T23:30:00.000Z</enddatetime>
		<track><![CDATA[Break]]></track>
		<tracknum></tracknum>
		<trackcategory></trackcategory>
		<sessionnum></sessionnum>
		<session><![CDATA[]]></session>
		<sessionagenda><![CDATA[]]></sessionagenda>
		<sessionstarttime>3:20</sessionstarttime>
		<sessionendtime>3:30 PM</sessionendtime>
		<starttime><![CDATA[]]></starttime>
		<roomlocation></roomlocation>
		<publishroom>false</publishroom>
		<room><![CDATA[GAMR Hallway/GAB K Lobby]]></room>
		<numberregistered>0.0</numberregistered>
		<seesionoccupancy></seesionoccupancy>
		<sessiondescription><![CDATA[]]></sessiondescription>
		<regrequired>false</regrequired>
		<sessionaudiance><![CDATA[]]></sessionaudiance>
		<roomnum></roomnum>
		<anchor>Thursday</anchor>
		<sessionformat>General Event</sessionformat>
		<sessionlinkURL><![CDATA[]]></sessionlinkURL>
		<sessionslidesURL><![CDATA[]]></sessionslidesURL>
		<sessionssponsorlogo><![CDATA[]]></sessionssponsorlogo>
		<sessionsponsor><![CDATA[]]></sessionsponsor>
	</agenda>
	<agenda>
		<id>a13VV000003hh9d</id>
		<name><![CDATA[Thursday Breakfast]]></name>
		<date>2024-02-08</date>
		<sessionopen></sessionopen>
		<datetime>2024-02-08T16:15:00.000Z</datetime>
		<enddatetime>2024-02-08T17:00:00.000Z</enddatetime>
		<track><![CDATA[Registration]]></track>
		<tracknum></tracknum>
		<trackcategory></trackcategory>
		<sessionnum></sessionnum>
		<session><![CDATA[]]></session>
		<sessionagenda><![CDATA[]]></sessionagenda>
		<sessionstarttime>8:15</sessionstarttime>
		<sessionendtime>9:00 AM</sessionendtime>
		<starttime><![CDATA[]]></starttime>
		<roomlocation>Floor 1</roomlocation>
		<publishroom>false</publishroom>
		<room><![CDATA[GAB Lobby]]></room>
		<numberregistered>0.0</numberregistered>
		<seesionoccupancy></seesionoccupancy>
		<sessiondescription><![CDATA[]]></sessiondescription>
		<regrequired>false</regrequired>
		<sessionaudiance><![CDATA[]]></sessionaudiance>
		<roomnum></roomnum>
		<anchor>Thursday</anchor>
		<sessionformat></sessionformat>
		<sessionlinkURL><![CDATA[]]></sessionlinkURL>
		<sessionslidesURL><![CDATA[]]></sessionslidesURL>
		<sessionssponsorlogo><![CDATA[]]></sessionssponsorlogo>
		<sessionsponsor><![CDATA[]]></sessionsponsor>
	</agenda>
	<agenda>
		<id>a13VV000002p0r0</id>
		<name><![CDATA[Special Presentation 3: SNIA]]></name>
		<date>2024-02-08</date>
		<sessionopen></sessionopen>
		<datetime>2024-02-08T18:40:00.000Z</datetime>
		<enddatetime>2024-02-08T18:50:00.000Z</enddatetime>
		<track><![CDATA[CS 2024 Keynotes]]></track>
		<tracknum></tracknum>
		<trackcategory>Keynote</trackcategory>
		<sessionnum>SP-3</sessionnum>
		<session><![CDATA[]]></session>
		<sessionagenda><![CDATA[]]></sessionagenda>
		<sessionstarttime>10:40</sessionstarttime>
		<sessionendtime>10:50 AM</sessionendtime>
		<starttime><![CDATA[]]></starttime>
		<roomlocation>Floor 1</roomlocation>
		<publishroom>false</publishroom>
		<room><![CDATA[GAB J (Great America Ballroom J)]]></room>
		<numberregistered>0.0</numberregistered>
		<seesionoccupancy></seesionoccupancy>
		<sessiondescription><![CDATA[]]></sessiondescription>
		<regrequired>false</regrequired>
		<sessionaudiance><![CDATA[]]></sessionaudiance>
		<roomnum></roomnum>
		<anchor>SpecialPresentation 3</anchor>
		<sessionformat>Special Event</sessionformat>
		<sessionlinkURL><![CDATA[]]></sessionlinkURL>
		<sessionslidesURL><![CDATA[]]></sessionslidesURL>
		<sessionssponsorlogo><![CDATA[]]></sessionssponsorlogo>
		<sessionsponsor><![CDATA[]]></sessionsponsor>
	</agenda>
	<agenda>
		<id>a13VV000002p0r7</id>
		<name><![CDATA[B-202: Best Packaging for Chiplets Today (Panel)]]></name>
		<date>2024-02-08</date>
		<sessionopen></sessionopen>
		<datetime>2024-02-08T22:01:00.000Z</datetime>
		<enddatetime>2024-02-08T23:20:00.000Z</enddatetime>
		<track><![CDATA[Panel]]></track>
		<tracknum></tracknum>
		<trackcategory>Session</trackcategory>
		<sessionnum>B-202</sessionnum>
		<session><![CDATA[]]></session>
		<sessionagenda><![CDATA[]]></sessionagenda>
		<sessionstarttime>2:00</sessionstarttime>
		<sessionendtime>3:20 PM</sessionendtime>
		<starttime><![CDATA[]]></starttime>
		<roomlocation>Floor 2</roomlocation>
		<publishroom>false</publishroom>
		<room><![CDATA[GAMR 2 (Great America Meeting Room 2)]]></room>
		<numberregistered>0.0</numberregistered>
		<seesionoccupancy></seesionoccupancy>
		<sessiondescription><![CDATA[Packaging is one of the most difficult areas for chiplet designers. Packages must be capable of handling power and heat dissipation, be reasonably priced and small, and be rugged enough for standard applications. Issues of concern include who selects the package and how, which packages are best-suited to chiplet-based designs, what breakthroughs we can expect in packaging over the next few years, and what are the best tradeoffs among size, performance, features, and cost for the many types of packages available today.]]></sessiondescription>
		<regrequired>false</regrequired>
		<sessionaudiance><![CDATA[]]></sessionaudiance>
		<roomnum></roomnum>
		<anchor>B-202:</anchor>
		<sessionformat>Panel Session</sessionformat>
		<sessionlinkURL><![CDATA[]]></sessionlinkURL>
		<sessionslidesURL><![CDATA[]]></sessionslidesURL>
		<sessionssponsorlogo><![CDATA[]]></sessionssponsorlogo>
		<sessionsponsor><![CDATA[]]></sessionsponsor>
	</agenda>
	<agenda>
		<id>a13VV000002p0r1</id>
		<name><![CDATA[Keynote 5: Hyperion Technologies]]></name>
		<date>2024-02-08</date>
		<sessionopen></sessionopen>
		<datetime>2024-02-08T18:50:00.000Z</datetime>
		<enddatetime>2024-02-08T19:20:00.000Z</enddatetime>
		<track><![CDATA[CS 2024 Keynotes]]></track>
		<tracknum></tracknum>
		<trackcategory>Keynote</trackcategory>
		<sessionnum>K-5</sessionnum>
		<session><![CDATA[]]></session>
		<sessionagenda><![CDATA[]]></sessionagenda>
		<sessionstarttime>10:50</sessionstarttime>
		<sessionendtime>11:20 AM</sessionendtime>
		<starttime><![CDATA[]]></starttime>
		<roomlocation>Floor 1</roomlocation>
		<publishroom>false</publishroom>
		<room><![CDATA[GAB J (Great America Ballroom J)]]></room>
		<numberregistered>0.0</numberregistered>
		<seesionoccupancy></seesionoccupancy>
		<sessiondescription><![CDATA[]]></sessiondescription>
		<regrequired>false</regrequired>
		<sessionaudiance><![CDATA[]]></sessionaudiance>
		<roomnum></roomnum>
		<anchor>Keynote5</anchor>
		<sessionformat>Keynote</sessionformat>
		<sessionlinkURL><![CDATA[]]></sessionlinkURL>
		<sessionslidesURL><![CDATA[]]></sessionslidesURL>
		<sessionssponsorlogo><![CDATA[]]></sessionssponsorlogo>
		<sessionsponsor><![CDATA[]]></sessionsponsor>
	</agenda>
	<agenda>
		<id>a13VV000002p0r5</id>
		<name><![CDATA[Exhibits]]></name>
		<date>2024-02-08</date>
		<sessionopen></sessionopen>
		<datetime>2024-02-08T20:00:00.000Z</datetime>
		<enddatetime>2024-02-08T22:00:00.000Z</enddatetime>
		<track><![CDATA[Exhibits]]></track>
		<tracknum></tracknum>
		<trackcategory></trackcategory>
		<sessionnum></sessionnum>
		<session><![CDATA[]]></session>
		<sessionagenda><![CDATA[]]></sessionagenda>
		<sessionstarttime>12:00</sessionstarttime>
		<sessionendtime>2:00 PM</sessionendtime>
		<starttime><![CDATA[]]></starttime>
		<roomlocation>Floor 1</roomlocation>
		<publishroom>false</publishroom>
		<room><![CDATA[Hall D]]></room>
		<numberregistered>0.0</numberregistered>
		<seesionoccupancy></seesionoccupancy>
		<sessiondescription><![CDATA[]]></sessiondescription>
		<regrequired>false</regrequired>
		<sessionaudiance><![CDATA[]]></sessionaudiance>
		<roomnum></roomnum>
		<anchor></anchor>
		<sessionformat>General Event</sessionformat>
		<sessionlinkURL><![CDATA[]]></sessionlinkURL>
		<sessionslidesURL><![CDATA[]]></sessionslidesURL>
		<sessionssponsorlogo><![CDATA[]]></sessionssponsorlogo>
		<sessionsponsor><![CDATA[]]></sessionsponsor>
	</agenda>
	<agenda>
		<id>a13VV000002yU3m</id>
		<name><![CDATA[B-201: Integration - 1]]></name>
		<date>2024-02-08</date>
		<sessionopen></sessionopen>
		<datetime>2024-02-08T17:01:00.000Z</datetime>
		<enddatetime>2024-02-08T18:00:00.000Z</enddatetime>
		<track><![CDATA[Interfaces - Integration - Applications]]></track>
		<tracknum></tracknum>
		<trackcategory>Session</trackcategory>
		<sessionnum>B-201</sessionnum>
		<session><![CDATA[]]></session>
		<sessionagenda><![CDATA[]]></sessionagenda>
		<sessionstarttime>9:00</sessionstarttime>
		<sessionendtime>10:00 AM</sessionendtime>
		<starttime><![CDATA[]]></starttime>
		<roomlocation>Floor 2</roomlocation>
		<publishroom>false</publishroom>
		<room><![CDATA[GAMR 2 (Great America Meeting Room 2)]]></room>
		<numberregistered>0.0</numberregistered>
		<seesionoccupancy></seesionoccupancy>
		<sessiondescription><![CDATA[Heterogeneous integration is surely the most difficult stage of chiplet development. It involves everything from ensuring that the chiplets actually fit in the package in the right order through power and thermal analysis. The designers must optimize everything together (so-called co-optimization) and manage to create a manufacturable device. The system-in-chip itself requires a controller to manage both control signals and data. One option is to use an FPGA chiplet to produce the needed signals. There are currently many approaches designers must evaluate carefully to get the right fit for their applications.]]></sessiondescription>
		<regrequired>false</regrequired>
		<sessionaudiance><![CDATA[]]></sessionaudiance>
		<roomnum></roomnum>
		<anchor>B-201:</anchor>
		<sessionformat>Paper Session</sessionformat>
		<sessionlinkURL><![CDATA[]]></sessionlinkURL>
		<sessionslidesURL><![CDATA[]]></sessionslidesURL>
		<sessionssponsorlogo><![CDATA[]]></sessionssponsorlogo>
		<sessionsponsor><![CDATA[]]></sessionsponsor>
	</agenda>
	<agenda>
		<id>a13VV000002yZg7</id>
		<name><![CDATA[A-201: Design - 3]]></name>
		<date>2024-02-08</date>
		<sessionopen></sessionopen>
		<datetime>2024-02-08T17:00:00.000Z</datetime>
		<enddatetime>2024-02-08T18:00:00.000Z</enddatetime>
		<track><![CDATA[Design/Security]]></track>
		<tracknum></tracknum>
		<trackcategory>Session</trackcategory>
		<sessionnum>A-201</sessionnum>
		<session><![CDATA[]]></session>
		<sessionagenda><![CDATA[]]></sessionagenda>
		<sessionstarttime>9:00</sessionstarttime>
		<sessionendtime>10:00 AM</sessionendtime>
		<starttime><![CDATA[]]></starttime>
		<roomlocation>Floor 2</roomlocation>
		<publishroom>false</publishroom>
		<room><![CDATA[GAMR 1 (Great America Meeting Room 1)]]></room>
		<numberregistered>0.0</numberregistered>
		<seesionoccupancy></seesionoccupancy>
		<sessiondescription><![CDATA[Having the right tools is surely the key to successful chiplet-based design. System-level models have become essential in all cases since emulation hardware is seldom available. They allow designers to experiment with different decisions and see what happens. Even long runs are better than waiting for prototypes to be built and tested. Special software is also necessary to handle non-electrical issues, such as power, thermals, and mechanical design. Of course, such tools must be updated to operate in the chiplet world rather than the traditional monolithic designs.]]></sessiondescription>
		<regrequired>false</regrequired>
		<sessionaudiance><![CDATA[]]></sessionaudiance>
		<roomnum></roomnum>
		<anchor>A-201:</anchor>
		<sessionformat>Paper Session</sessionformat>
		<sessionlinkURL><![CDATA[]]></sessionlinkURL>
		<sessionslidesURL><![CDATA[]]></sessionslidesURL>
		<sessionssponsorlogo><![CDATA[]]></sessionssponsorlogo>
		<sessionsponsor><![CDATA[]]></sessionsponsor>
	</agenda>
	<agenda>
		<id>a13VV000002p0rB</id>
		<name><![CDATA[B-203: Chiplets in 2029 and How We Got There (Panel)]]></name>
		<date>2024-02-08</date>
		<sessionopen></sessionopen>
		<datetime>2024-02-08T23:30:00.000Z</datetime>
		<enddatetime>2024-02-09T00:50:00.000Z</enddatetime>
		<track><![CDATA[Panel]]></track>
		<tracknum></tracknum>
		<trackcategory>Session</trackcategory>
		<sessionnum>B-203</sessionnum>
		<session><![CDATA[]]></session>
		<sessionagenda><![CDATA[]]></sessionagenda>
		<sessionstarttime>3:30</sessionstarttime>
		<sessionendtime>4:50 PM</sessionendtime>
		<starttime><![CDATA[]]></starttime>
		<roomlocation>Floor 2</roomlocation>
		<publishroom>false</publishroom>
		<room><![CDATA[GAMR 3 (Great America Meeting Room 3)]]></room>
		<numberregistered>0.0</numberregistered>
		<seesionoccupancy></seesionoccupancy>
		<sessiondescription><![CDATA[The five-year horizon for chiplets is very promising. They will make up an ever increasing part of the large chip market, as their cost is more than balanced by the tremendous advantages they bring to chip design and development. More development platforms, operating systems, utilities, and other tools will be available for them. Standardization will be a major issue, as most large customers will want multiple sources as well as large ecosystems and wide support for both development and test. Other issues include achieving higher throughput and lower latency, isolating executing applications from one another, security, and EDA, packaging, integration, and test platform support.]]></sessiondescription>
		<regrequired>false</regrequired>
		<sessionaudiance><![CDATA[]]></sessionaudiance>
		<roomnum></roomnum>
		<anchor>B-203:</anchor>
		<sessionformat>Panel Session</sessionformat>
		<sessionlinkURL><![CDATA[]]></sessionlinkURL>
		<sessionslidesURL><![CDATA[]]></sessionslidesURL>
		<sessionssponsorlogo><![CDATA[]]></sessionssponsorlogo>
		<sessionsponsor><![CDATA[]]></sessionsponsor>
	</agenda>
	<agenda>
		<id>a13VV000002p0r8</id>
		<name><![CDATA[C-202: Chiplets for Entrepreneurs - Making Money in the Chiplet Game]]></name>
		<date>2024-02-08</date>
		<sessionopen></sessionopen>
		<datetime>2024-02-08T22:02:00.000Z</datetime>
		<enddatetime>2024-02-08T23:20:00.000Z</enddatetime>
		<track><![CDATA[Panel]]></track>
		<tracknum></tracknum>
		<trackcategory>Session</trackcategory>
		<sessionnum>C-202</sessionnum>
		<session><![CDATA[]]></session>
		<sessionagenda><![CDATA[]]></sessionagenda>
		<sessionstarttime>2:00</sessionstarttime>
		<sessionendtime>3:20 PM</sessionendtime>
		<starttime><![CDATA[]]></starttime>
		<roomlocation>Floor 2</roomlocation>
		<publishroom>false</publishroom>
		<room><![CDATA[GAMR 3 (Great America Meeting Room 3)]]></room>
		<numberregistered>0.0</numberregistered>
		<seesionoccupancy></seesionoccupancy>
		<sessiondescription><![CDATA[Surely the obvious way to make money from chiplets is to build them. Most likely candidates are ones that have good-sized markets but require special expertise. Possibilities include financial algorithms, video encoding, mathematical functions, compression methods, noise reduction methods, or security. Still others might include functions of value in specific occupations such as accounting, insurance, or engineering. Still other ways to make money include offering chiplet development or test services, creating platforms for building chiplets, producing unusual devices such as special interposers, and providing accelerators for game players or financial analysts.]]></sessiondescription>
		<regrequired>false</regrequired>
		<sessionaudiance><![CDATA[]]></sessionaudiance>
		<roomnum></roomnum>
		<anchor>C-202:</anchor>
		<sessionformat>Panel Session</sessionformat>
		<sessionlinkURL><![CDATA[]]></sessionlinkURL>
		<sessionslidesURL><![CDATA[]]></sessionslidesURL>
		<sessionssponsorlogo><![CDATA[]]></sessionssponsorlogo>
		<sessionsponsor><![CDATA[]]></sessionsponsor>
	</agenda>
	<agenda>
		<id>a13VV000002p0qz</id>
		<name><![CDATA[Keynote 4: Alphawave Semi]]></name>
		<date>2024-02-08</date>
		<sessionopen></sessionopen>
		<datetime>2024-02-08T18:10:00.000Z</datetime>
		<enddatetime>2024-02-08T18:40:00.000Z</enddatetime>
		<track><![CDATA[CS 2024 Keynotes]]></track>
		<tracknum></tracknum>
		<trackcategory>Keynote</trackcategory>
		<sessionnum>K-4</sessionnum>
		<session><![CDATA[]]></session>
		<sessionagenda><![CDATA[]]></sessionagenda>
		<sessionstarttime>10:10</sessionstarttime>
		<sessionendtime>10:40 AM</sessionendtime>
		<starttime><![CDATA[]]></starttime>
		<roomlocation>Floor 1</roomlocation>
		<publishroom>false</publishroom>
		<room><![CDATA[GAB J (Great America Ballroom J)]]></room>
		<numberregistered>0.0</numberregistered>
		<seesionoccupancy></seesionoccupancy>
		<sessiondescription><![CDATA[]]></sessiondescription>
		<regrequired>false</regrequired>
		<sessionaudiance><![CDATA[]]></sessionaudiance>
		<roomnum></roomnum>
		<anchor>Keynote4</anchor>
		<sessionformat>Keynote</sessionformat>
		<sessionlinkURL><![CDATA[]]></sessionlinkURL>
		<sessionslidesURL><![CDATA[]]></sessionslidesURL>
		<sessionssponsorlogo><![CDATA[]]></sessionssponsorlogo>
		<sessionsponsor><![CDATA[]]></sessionsponsor>
	</agenda>
	<agenda>
		<id>a13VV000003hgLe</id>
		<name><![CDATA[Registration (sponsored by Achronix)]]></name>
		<date>2024-02-08</date>
		<sessionopen></sessionopen>
		<datetime>2024-02-08T16:00:00.000Z</datetime>
		<enddatetime>2024-02-08T23:00:00.000Z</enddatetime>
		<track><![CDATA[Registration]]></track>
		<tracknum></tracknum>
		<trackcategory></trackcategory>
		<sessionnum></sessionnum>
		<session><![CDATA[]]></session>
		<sessionagenda><![CDATA[]]></sessionagenda>
		<sessionstarttime>8:00</sessionstarttime>
		<sessionendtime>3:00 PM</sessionendtime>
		<starttime><![CDATA[]]></starttime>
		<roomlocation>Floor 1</roomlocation>
		<publishroom>false</publishroom>
		<room><![CDATA[GAB Lobby]]></room>
		<numberregistered>0.0</numberregistered>
		<seesionoccupancy></seesionoccupancy>
		<sessiondescription><![CDATA[]]></sessiondescription>
		<regrequired>false</regrequired>
		<sessionaudiance><![CDATA[]]></sessionaudiance>
		<roomnum></roomnum>
		<anchor>Registration</anchor>
		<sessionformat></sessionformat>
		<sessionlinkURL><![CDATA[]]></sessionlinkURL>
		<sessionslidesURL><![CDATA[]]></sessionslidesURL>
		<sessionssponsorlogo><![CDATA[]]></sessionssponsorlogo>
		<sessionsponsor><![CDATA[]]></sessionsponsor>
	</agenda>
</agendalist>
