<?xml version="1.0" encoding="UTF-8"?>
<agendalist lastupdate="2024-02-11 23:29:17">
	<agenda>
		<id>a13VV000002p0qX</id>
		<name><![CDATA[Superpanel: How Can Chiplets Accelerate Generative AI Applications?]]></name>
		<date>2024-02-06</date>
		<datetime>2024-02-07T01:00:00.000Z</datetime>
		<enddatetime>2024-02-07T02:00:00.000Z</enddatetime>
		<track><![CDATA[Panel]]></track>
		<tracknum></tracknum>
		<sessionnum></sessionnum>
		<session><![CDATA[]]></session>
		<sessionagenda><![CDATA[]]></sessionagenda>
		<time><![CDATA[]]></time>
		<starttime>5:00</starttime>
		<endtime>6:00 PM</endtime>
		<roomnum></roomnum>
		<roomlocation>Floor 1</roomlocation>
		<publishroom>false</publishroom>
		<room><![CDATA[GAB J (Great America Ballroom J)]]></room>
		<openclosed></openclosed>
		<numberregistered>0.0</numberregistered>
		<zoomurl></zoomurl>
		<zoomrecordingurl></zoomrecordingurl>
		<sessionimageurl></sessionimageurl>
		<sessionimagetype></sessionimagetype>
		<meetingID></meetingID>
		<meetingpassword></meetingpassword>
	</agenda>
	<agenda>
		<id>a13VV000002p0qR</id>
		<name><![CDATA[Tuesday Lunch]]></name>
		<date>2024-02-06</date>
		<datetime>2024-02-06T20:00:00.000Z</datetime>
		<enddatetime>2024-02-06T21:00:00.000Z</enddatetime>
		<track><![CDATA[Break]]></track>
		<tracknum></tracknum>
		<sessionnum></sessionnum>
		<session><![CDATA[]]></session>
		<sessionagenda><![CDATA[]]></sessionagenda>
		<time><![CDATA[]]></time>
		<starttime>12:00</starttime>
		<endtime>1:00 PM</endtime>
		<roomnum></roomnum>
		<roomlocation>Floor 1</roomlocation>
		<publishroom>false</publishroom>
		<room><![CDATA[GAB Lobby]]></room>
		<openclosed></openclosed>
		<numberregistered>0.0</numberregistered>
		<zoomurl></zoomurl>
		<zoomrecordingurl></zoomrecordingurl>
		<sessionimageurl></sessionimageurl>
		<sessionimagetype></sessionimagetype>
		<meetingID></meetingID>
		<meetingpassword></meetingpassword>
	</agenda>
	<agenda>
		<id>a13VV000003xhSD</id>
		<name><![CDATA[Tuesday Breakfast]]></name>
		<date>2024-02-06</date>
		<datetime>2024-02-06T15:30:00.000Z</datetime>
		<enddatetime>2024-02-06T16:30:00.000Z</enddatetime>
		<track><![CDATA[Registration]]></track>
		<tracknum></tracknum>
		<sessionnum></sessionnum>
		<session><![CDATA[]]></session>
		<sessionagenda><![CDATA[]]></sessionagenda>
		<time><![CDATA[]]></time>
		<starttime>7:30</starttime>
		<endtime>8:30 AM</endtime>
		<roomnum></roomnum>
		<roomlocation>Floor 1</roomlocation>
		<publishroom>false</publishroom>
		<room><![CDATA[GAB Lobby]]></room>
		<openclosed></openclosed>
		<numberregistered>0.0</numberregistered>
		<zoomurl></zoomurl>
		<zoomrecordingurl></zoomrecordingurl>
		<sessionimageurl></sessionimageurl>
		<sessionimagetype></sessionimagetype>
		<meetingID></meetingID>
		<meetingpassword></meetingpassword>
	</agenda>
	<agenda>
		<id>a13VV000002p20I</id>
		<name><![CDATA[Pre-Conference Tutorial D: Interfaces (Section 1)]]></name>
		<date>2024-02-06</date>
		<datetime>2024-02-06T16:32:00.000Z</datetime>
		<enddatetime>2024-02-06T20:00:00.000Z</enddatetime>
		<track><![CDATA[Pre-Conference Tutorials]]></track>
		<tracknum></tracknum>
		<sessionnum>PreConD</sessionnum>
		<session><![CDATA[]]></session>
		<sessionagenda><![CDATA[]]></sessionagenda>
		<time><![CDATA[]]></time>
		<starttime>8:30 AM</starttime>
		<endtime>12:00 PM</endtime>
		<roomnum></roomnum>
		<roomlocation>Floor 2</roomlocation>
		<publishroom>false</publishroom>
		<room><![CDATA[GAMR 3 (Great America Meeting Room 3)]]></room>
		<openclosed></openclosed>
		<numberregistered>0.0</numberregistered>
		<zoomurl></zoomurl>
		<zoomrecordingurl></zoomrecordingurl>
		<sessionimageurl></sessionimageurl>
		<sessionimagetype></sessionimagetype>
		<meetingID></meetingID>
		<meetingpassword></meetingpassword>
	</agenda>
	<agenda>
		<id>a13VV000002p0qQ</id>
		<name><![CDATA[Tuesday AM Refreshment Break]]></name>
		<date>2024-02-06</date>
		<datetime>2024-02-06T18:00:00.000Z</datetime>
		<enddatetime>2024-02-06T18:15:00.000Z</enddatetime>
		<track><![CDATA[Break]]></track>
		<tracknum></tracknum>
		<sessionnum></sessionnum>
		<session><![CDATA[]]></session>
		<sessionagenda><![CDATA[]]></sessionagenda>
		<time><![CDATA[]]></time>
		<starttime>10:00</starttime>
		<endtime>10:15 AM</endtime>
		<roomnum></roomnum>
		<roomlocation>Floor 2</roomlocation>
		<publishroom>false</publishroom>
		<room><![CDATA[GAMR Lobby]]></room>
		<openclosed></openclosed>
		<numberregistered>0.0</numberregistered>
		<zoomurl></zoomurl>
		<zoomrecordingurl></zoomrecordingurl>
		<sessionimageurl></sessionimageurl>
		<sessionimagetype></sessionimagetype>
		<meetingID></meetingID>
		<meetingpassword></meetingpassword>
	</agenda>
	<agenda>
		<id>a13VV000002p20G</id>
		<name><![CDATA[Pre-Conference Tutorial A: Chiplet Basics]]></name>
		<date>2024-02-06</date>
		<datetime>2024-02-06T16:30:00.000Z</datetime>
		<enddatetime>2024-02-06T20:00:00.000Z</enddatetime>
		<track><![CDATA[Pre-Conference Tutorials]]></track>
		<tracknum></tracknum>
		<sessionnum>PreConA</sessionnum>
		<session><![CDATA[]]></session>
		<sessionagenda><![CDATA[]]></sessionagenda>
		<time><![CDATA[]]></time>
		<starttime>8:30 AM</starttime>
		<endtime>12:00 PM</endtime>
		<roomnum></roomnum>
		<roomlocation>Floor 2</roomlocation>
		<publishroom>false</publishroom>
		<room><![CDATA[GAMR 1 (Great America Meeting Room 1)]]></room>
		<openclosed></openclosed>
		<numberregistered>0.0</numberregistered>
		<zoomurl></zoomurl>
		<zoomrecordingurl></zoomrecordingurl>
		<sessionimageurl></sessionimageurl>
		<sessionimagetype></sessionimagetype>
		<meetingID></meetingID>
		<meetingpassword></meetingpassword>
	</agenda>
	<agenda>
		<id>a13VV000002p0qS</id>
		<name><![CDATA[Pre-Conference Tutorial E: Design Methods]]></name>
		<date>2024-02-06</date>
		<datetime>2024-02-06T21:00:00.000Z</datetime>
		<enddatetime>2024-02-07T01:00:00.000Z</enddatetime>
		<track><![CDATA[Pre-Conference Tutorials]]></track>
		<tracknum></tracknum>
		<sessionnum>PreConE</sessionnum>
		<session><![CDATA[]]></session>
		<sessionagenda><![CDATA[]]></sessionagenda>
		<time><![CDATA[]]></time>
		<starttime>1:00</starttime>
		<endtime>5:00 PM</endtime>
		<roomnum></roomnum>
		<roomlocation>Floor 2</roomlocation>
		<publishroom>false</publishroom>
		<room><![CDATA[GAMR 1 (Great America Meeting Room 1)]]></room>
		<openclosed></openclosed>
		<numberregistered>0.0</numberregistered>
		<zoomurl></zoomurl>
		<zoomrecordingurl></zoomrecordingurl>
		<sessionimageurl></sessionimageurl>
		<sessionimagetype></sessionimagetype>
		<meetingID></meetingID>
		<meetingpassword></meetingpassword>
	</agenda>
	<agenda>
		<id>a13VV000002p20H</id>
		<name><![CDATA[Pre-Conference Tutorial C: Advanced Packaging Methods]]></name>
		<date>2024-02-06</date>
		<datetime>2024-02-06T16:31:00.000Z</datetime>
		<enddatetime>2024-02-06T20:00:00.000Z</enddatetime>
		<track><![CDATA[Pre-Conference Tutorials]]></track>
		<tracknum></tracknum>
		<sessionnum>PreConC</sessionnum>
		<session><![CDATA[]]></session>
		<sessionagenda><![CDATA[]]></sessionagenda>
		<time><![CDATA[]]></time>
		<starttime>8:30 AM</starttime>
		<endtime>12:00 PM</endtime>
		<roomnum></roomnum>
		<roomlocation>Floor 2</roomlocation>
		<publishroom>false</publishroom>
		<room><![CDATA[GAMR 2 (Great America Meeting Room 2)]]></room>
		<openclosed></openclosed>
		<numberregistered>0.0</numberregistered>
		<zoomurl></zoomurl>
		<zoomrecordingurl></zoomrecordingurl>
		<sessionimageurl></sessionimageurl>
		<sessionimagetype></sessionimagetype>
		<meetingID></meetingID>
		<meetingpassword></meetingpassword>
	</agenda>
	<agenda>
		<id>a13VV000002p0qU</id>
		<name><![CDATA[Pre-Conference Tutorial G: AI in Chiplet Design]]></name>
		<date>2024-02-06</date>
		<datetime>2024-02-06T21:02:00.000Z</datetime>
		<enddatetime>2024-02-07T01:00:00.000Z</enddatetime>
		<track><![CDATA[Pre-Conference Tutorials]]></track>
		<tracknum></tracknum>
		<sessionnum>PreConG</sessionnum>
		<session><![CDATA[]]></session>
		<sessionagenda><![CDATA[]]></sessionagenda>
		<time><![CDATA[]]></time>
		<starttime>1:00</starttime>
		<endtime>5:00 PM</endtime>
		<roomnum></roomnum>
		<roomlocation>Floor 2</roomlocation>
		<publishroom>false</publishroom>
		<room><![CDATA[GAMR 3 (Great America Meeting Room 3)]]></room>
		<openclosed></openclosed>
		<numberregistered>0.0</numberregistered>
		<zoomurl></zoomurl>
		<zoomrecordingurl></zoomrecordingurl>
		<sessionimageurl></sessionimageurl>
		<sessionimagetype></sessionimagetype>
		<meetingID></meetingID>
		<meetingpassword></meetingpassword>
	</agenda>
	<agenda>
		<id>a13VV000002p20E</id>
		<name><![CDATA[Registration (sponsored by Achronix)]]></name>
		<date>2024-02-06</date>
		<datetime>2024-02-06T15:30:00.000Z</datetime>
		<enddatetime>2024-02-07T02:00:00.000Z</enddatetime>
		<track><![CDATA[Registration]]></track>
		<tracknum></tracknum>
		<sessionnum></sessionnum>
		<session><![CDATA[]]></session>
		<sessionagenda><![CDATA[]]></sessionagenda>
		<time><![CDATA[]]></time>
		<starttime>7:30</starttime>
		<endtime>6:00 PM</endtime>
		<roomnum></roomnum>
		<roomlocation>Floor 1</roomlocation>
		<publishroom>false</publishroom>
		<room><![CDATA[GAB Lobby]]></room>
		<openclosed></openclosed>
		<numberregistered>0.0</numberregistered>
		<zoomurl></zoomurl>
		<zoomrecordingurl></zoomrecordingurl>
		<sessionimageurl></sessionimageurl>
		<sessionimagetype></sessionimagetype>
		<meetingID></meetingID>
		<meetingpassword></meetingpassword>
	</agenda>
	<agenda>
		<id>a13VV000002p0qW</id>
		<name><![CDATA[Tuesday PM Refreshment Break]]></name>
		<date>2024-02-06</date>
		<datetime>2024-02-06T23:15:00.000Z</datetime>
		<enddatetime>2024-02-06T23:30:00.000Z</enddatetime>
		<track><![CDATA[Break]]></track>
		<tracknum></tracknum>
		<sessionnum></sessionnum>
		<session><![CDATA[]]></session>
		<sessionagenda><![CDATA[]]></sessionagenda>
		<time><![CDATA[]]></time>
		<starttime>3:15</starttime>
		<endtime>3:30 PM</endtime>
		<roomnum></roomnum>
		<roomlocation></roomlocation>
		<publishroom>false</publishroom>
		<room><![CDATA[GAMR Hallway/GAB K Lobby]]></room>
		<openclosed></openclosed>
		<numberregistered>0.0</numberregistered>
		<zoomurl></zoomurl>
		<zoomrecordingurl></zoomrecordingurl>
		<sessionimageurl></sessionimageurl>
		<sessionimagetype></sessionimagetype>
		<meetingID></meetingID>
		<meetingpassword></meetingpassword>
	</agenda>
	<agenda>
		<id>a13VV0000042Z5r</id>
		<name><![CDATA[Tutorial D Panel: Choosing the Right Die-to-Die Interface for Your Application]]></name>
		<date>2024-02-06</date>
		<datetime>2024-02-06T16:32:00.000Z</datetime>
		<enddatetime>2024-02-06T20:00:00.000Z</enddatetime>
		<track><![CDATA[Pre-Conference Tutorials]]></track>
		<tracknum></tracknum>
		<sessionnum>PreConD</sessionnum>
		<session><![CDATA[]]></session>
		<sessionagenda><![CDATA[]]></sessionagenda>
		<time><![CDATA[]]></time>
		<starttime>8:30</starttime>
		<endtime>12:00 PM</endtime>
		<roomnum></roomnum>
		<roomlocation>Floor 2</roomlocation>
		<publishroom>false</publishroom>
		<room><![CDATA[GAMR 3 (Great America Meeting Room 3)]]></room>
		<openclosed></openclosed>
		<numberregistered>0.0</numberregistered>
		<zoomurl></zoomurl>
		<zoomrecordingurl></zoomrecordingurl>
		<sessionimageurl></sessionimageurl>
		<sessionimagetype></sessionimagetype>
		<meetingID></meetingID>
		<meetingpassword></meetingpassword>
	</agenda>
	<agenda>
		<id>a13VV000002p0qY</id>
		<name><![CDATA[Chat with the Experts (sponsored by Bolt Graphics)]]></name>
		<date>2024-02-06</date>
		<datetime>2024-02-07T02:00:00.000Z</datetime>
		<enddatetime>2024-02-07T04:30:00.000Z</enddatetime>
		<track><![CDATA[Pre-Conference Tutorials]]></track>
		<tracknum></tracknum>
		<sessionnum>CH1</sessionnum>
		<session><![CDATA[]]></session>
		<sessionagenda><![CDATA[]]></sessionagenda>
		<time><![CDATA[]]></time>
		<starttime>6:00</starttime>
		<endtime>8:30 PM</endtime>
		<roomnum></roomnum>
		<roomlocation>Floor 1</roomlocation>
		<publishroom>false</publishroom>
		<room><![CDATA[Mission City Ballroom]]></room>
		<openclosed></openclosed>
		<numberregistered>0.0</numberregistered>
		<zoomurl></zoomurl>
		<zoomrecordingurl></zoomrecordingurl>
		<sessionimageurl></sessionimageurl>
		<sessionimagetype></sessionimagetype>
		<meetingID></meetingID>
		<meetingpassword></meetingpassword>
	</agenda>
	<agenda>
		<id>a13VV000002p0qV</id>
		<name><![CDATA[Pre-Conference Tutorial H: The New Open Chiplet Economy]]></name>
		<date>2024-02-06</date>
		<datetime>2024-02-06T21:03:00.000Z</datetime>
		<enddatetime>2024-02-07T01:00:00.000Z</enddatetime>
		<track><![CDATA[Pre-Conference Tutorials]]></track>
		<tracknum></tracknum>
		<sessionnum>PreConH</sessionnum>
		<session><![CDATA[]]></session>
		<sessionagenda><![CDATA[]]></sessionagenda>
		<time><![CDATA[]]></time>
		<starttime>1:00</starttime>
		<endtime>5:00 PM</endtime>
		<roomnum></roomnum>
		<roomlocation>Floor 1</roomlocation>
		<publishroom>false</publishroom>
		<room><![CDATA[GAB J (Great America Ballroom J)]]></room>
		<openclosed></openclosed>
		<numberregistered>0.0</numberregistered>
		<zoomurl></zoomurl>
		<zoomrecordingurl></zoomrecordingurl>
		<sessionimageurl></sessionimageurl>
		<sessionimagetype></sessionimagetype>
		<meetingID></meetingID>
		<meetingpassword></meetingpassword>
	</agenda>
	<agenda>
		<id>a13VV0000042giP</id>
		<name><![CDATA[Tutorial H Panel: Making the Open Chiplet Economy Grow]]></name>
		<date>2024-02-06</date>
		<datetime>2024-02-06T21:03:00.000Z</datetime>
		<enddatetime>2024-02-07T01:00:00.000Z</enddatetime>
		<track><![CDATA[Pre-Conference Tutorials]]></track>
		<tracknum></tracknum>
		<sessionnum>PreConH</sessionnum>
		<session><![CDATA[]]></session>
		<sessionagenda><![CDATA[]]></sessionagenda>
		<time><![CDATA[]]></time>
		<starttime>1:00</starttime>
		<endtime>5:00 PM</endtime>
		<roomnum></roomnum>
		<roomlocation>Floor 1</roomlocation>
		<publishroom>false</publishroom>
		<room><![CDATA[GAB J (Great America Ballroom J)]]></room>
		<openclosed></openclosed>
		<numberregistered>0.0</numberregistered>
		<zoomurl></zoomurl>
		<zoomrecordingurl></zoomrecordingurl>
		<sessionimageurl></sessionimageurl>
		<sessionimagetype></sessionimagetype>
		<meetingID></meetingID>
		<meetingpassword></meetingpassword>
	</agenda>
	<agenda>
		<id>a13VV000002p0qT</id>
		<name><![CDATA[Pre-Conference Tutorial F: Working with Foundries]]></name>
		<date>2024-02-06</date>
		<datetime>2024-02-06T21:01:00.000Z</datetime>
		<enddatetime>2024-02-07T01:00:00.000Z</enddatetime>
		<track><![CDATA[Pre-Conference Tutorials]]></track>
		<tracknum></tracknum>
		<sessionnum>PreConF</sessionnum>
		<session><![CDATA[]]></session>
		<sessionagenda><![CDATA[]]></sessionagenda>
		<time><![CDATA[]]></time>
		<starttime>1:00</starttime>
		<endtime>5:00 PM</endtime>
		<roomnum></roomnum>
		<roomlocation>Floor 2</roomlocation>
		<publishroom>false</publishroom>
		<room><![CDATA[GAMR 2 (Great America Meeting Room 2)]]></room>
		<openclosed></openclosed>
		<numberregistered>0.0</numberregistered>
		<zoomurl></zoomurl>
		<zoomrecordingurl></zoomrecordingurl>
		<sessionimageurl></sessionimageurl>
		<sessionimagetype></sessionimagetype>
		<meetingID></meetingID>
		<meetingpassword></meetingpassword>
	</agenda>
</agendalist>
