<?xml version="1.0" encoding="utf-8"?>
<agendalist lastupdate="2024-02-11 23:29:25">
	<agenda>
		<id>a13VV000002p0qX</id>
		<name><![CDATA[Superpanel: How Can Chiplets Accelerate Generative AI Applications?]]></name>
		<date>2024-02-06</date>
		<sessionopen></sessionopen>
		<datetime>2024-02-07T01:00:00.000Z</datetime>
		<enddatetime>2024-02-07T02:00:00.000Z</enddatetime>
		<track><![CDATA[Panel]]></track>
		<tracknum></tracknum>
		<trackcategory>Session</trackcategory>
		<sessionnum></sessionnum>
		<session><![CDATA[]]></session>
		<sessionagenda><![CDATA[]]></sessionagenda>
		<sessionstarttime>5:00</sessionstarttime>
		<sessionendtime>6:00 PM</sessionendtime>
		<starttime><![CDATA[]]></starttime>
		<roomlocation>Floor 1</roomlocation>
		<publishroom>false</publishroom>
		<room><![CDATA[GAB J (Great America Ballroom J)]]></room>
		<numberregistered>0.0</numberregistered>
		<seesionoccupancy></seesionoccupancy>
		<sessiondescription><![CDATA[Generative AI is the biggest topic in computer technology today. Everyone is talking about ChatGPT, its originator OpenAI, and its top executive Sam Altman. So what role can chiplets play as applications roll out in areas ranging from accounting through zoology? Surely chiplets can provide faster, more powerful AI chips, as well as devices that can bring generative AI to the edge. Also the chiplet form can be the way to add generative AI accelerators to processor designs. Still other applications include high-speed memory and I/O devices sitting close to processors inside packages to allow more in-memory computation and fewer data moves.]]></sessiondescription>
		<regrequired>false</regrequired>
		<sessionaudiance><![CDATA[]]></sessionaudiance>
		<roomnum></roomnum>
		<anchor>Superpanel:</anchor>
		<sessionformat>Panel Session</sessionformat>
		<sessionlinkURL><![CDATA[]]></sessionlinkURL>
		<sessionslidesURL><![CDATA[]]></sessionslidesURL>
		<sessionssponsorlogo><![CDATA[]]></sessionssponsorlogo>
		<sessionsponsor><![CDATA[Achronix]]></sessionsponsor>
	</agenda>
	<agenda>
		<id>a13VV000002p0qR</id>
		<name><![CDATA[Tuesday Lunch]]></name>
		<date>2024-02-06</date>
		<sessionopen></sessionopen>
		<datetime>2024-02-06T20:00:00.000Z</datetime>
		<enddatetime>2024-02-06T21:00:00.000Z</enddatetime>
		<track><![CDATA[Break]]></track>
		<tracknum></tracknum>
		<trackcategory></trackcategory>
		<sessionnum></sessionnum>
		<session><![CDATA[]]></session>
		<sessionagenda><![CDATA[]]></sessionagenda>
		<sessionstarttime>12:00</sessionstarttime>
		<sessionendtime>1:00 PM</sessionendtime>
		<starttime><![CDATA[]]></starttime>
		<roomlocation>Floor 1</roomlocation>
		<publishroom>false</publishroom>
		<room><![CDATA[GAB Lobby]]></room>
		<numberregistered>0.0</numberregistered>
		<seesionoccupancy></seesionoccupancy>
		<sessiondescription><![CDATA[]]></sessiondescription>
		<regrequired>false</regrequired>
		<sessionaudiance><![CDATA[]]></sessionaudiance>
		<roomnum></roomnum>
		<anchor>Tuesday</anchor>
		<sessionformat>Pre-Con Seminar</sessionformat>
		<sessionlinkURL><![CDATA[]]></sessionlinkURL>
		<sessionslidesURL><![CDATA[]]></sessionslidesURL>
		<sessionssponsorlogo><![CDATA[]]></sessionssponsorlogo>
		<sessionsponsor><![CDATA[]]></sessionsponsor>
	</agenda>
	<agenda>
		<id>a13VV000003xhSD</id>
		<name><![CDATA[Tuesday Breakfast]]></name>
		<date>2024-02-06</date>
		<sessionopen></sessionopen>
		<datetime>2024-02-06T15:30:00.000Z</datetime>
		<enddatetime>2024-02-06T16:30:00.000Z</enddatetime>
		<track><![CDATA[Registration]]></track>
		<tracknum></tracknum>
		<trackcategory></trackcategory>
		<sessionnum></sessionnum>
		<session><![CDATA[]]></session>
		<sessionagenda><![CDATA[]]></sessionagenda>
		<sessionstarttime>7:30</sessionstarttime>
		<sessionendtime>8:30 AM</sessionendtime>
		<starttime><![CDATA[]]></starttime>
		<roomlocation>Floor 1</roomlocation>
		<publishroom>false</publishroom>
		<room><![CDATA[GAB Lobby]]></room>
		<numberregistered>0.0</numberregistered>
		<seesionoccupancy></seesionoccupancy>
		<sessiondescription><![CDATA[]]></sessiondescription>
		<regrequired>false</regrequired>
		<sessionaudiance><![CDATA[]]></sessionaudiance>
		<roomnum></roomnum>
		<anchor>Tuesday</anchor>
		<sessionformat></sessionformat>
		<sessionlinkURL><![CDATA[]]></sessionlinkURL>
		<sessionslidesURL><![CDATA[]]></sessionslidesURL>
		<sessionssponsorlogo><![CDATA[]]></sessionssponsorlogo>
		<sessionsponsor><![CDATA[]]></sessionsponsor>
	</agenda>
	<agenda>
		<id>a13VV000002p20I</id>
		<name><![CDATA[Pre-Conference Tutorial D: Interfaces (Section 1)]]></name>
		<date>2024-02-06</date>
		<sessionopen></sessionopen>
		<datetime>2024-02-06T16:32:00.000Z</datetime>
		<enddatetime>2024-02-06T20:00:00.000Z</enddatetime>
		<track><![CDATA[Pre-Conference Tutorials]]></track>
		<tracknum></tracknum>
		<trackcategory>Session</trackcategory>
		<sessionnum>PreConD</sessionnum>
		<session><![CDATA[]]></session>
		<sessionagenda><![CDATA[]]></sessionagenda>
		<sessionstarttime>8:30 AM</sessionstarttime>
		<sessionendtime>12:00 PM</sessionendtime>
		<starttime><![CDATA[]]></starttime>
		<roomlocation>Floor 2</roomlocation>
		<publishroom>false</publishroom>
		<room><![CDATA[GAMR 3 (Great America Meeting Room 3)]]></room>
		<numberregistered>0.0</numberregistered>
		<seesionoccupancy></seesionoccupancy>
		<sessiondescription><![CDATA[Fast on-chip die-to-die interfaces are the key to making the chiplet idea work. High data rates are essential for top performance and low latency. The interfaces also must consume little chip area or power or affect thermal budgets. Example buses such as Bunch-of-Wires (BoW) and Universal Chiplet Interface Express (UCIe) are already widely available. Designers must consider cost, chip area, throughput, and support when deciding which to use for their applications. The interface must be flexible, comprehensive, and easy to integrate with a wide variety of chiplets. Test and monitoring tools and platforms are particularly important in reducing time-to-market. Super-high performance applications, such as AI clusters, may require optical connections as well as electrical.]]></sessiondescription>
		<regrequired>false</regrequired>
		<sessionaudiance><![CDATA[]]></sessionaudiance>
		<roomnum></roomnum>
		<anchor>Pre-ConferenceTutorial D</anchor>
		<sessionformat>Paper Session</sessionformat>
		<sessionlinkURL><![CDATA[]]></sessionlinkURL>
		<sessionslidesURL><![CDATA[]]></sessionslidesURL>
		<sessionssponsorlogo><![CDATA[]]></sessionssponsorlogo>
		<sessionsponsor><![CDATA[]]></sessionsponsor>
	</agenda>
	<agenda>
		<id>a13VV000002p0qQ</id>
		<name><![CDATA[Tuesday AM Refreshment Break]]></name>
		<date>2024-02-06</date>
		<sessionopen></sessionopen>
		<datetime>2024-02-06T18:00:00.000Z</datetime>
		<enddatetime>2024-02-06T18:15:00.000Z</enddatetime>
		<track><![CDATA[Break]]></track>
		<tracknum></tracknum>
		<trackcategory></trackcategory>
		<sessionnum></sessionnum>
		<session><![CDATA[]]></session>
		<sessionagenda><![CDATA[]]></sessionagenda>
		<sessionstarttime>10:00</sessionstarttime>
		<sessionendtime>10:15 AM</sessionendtime>
		<starttime><![CDATA[]]></starttime>
		<roomlocation>Floor 2</roomlocation>
		<publishroom>false</publishroom>
		<room><![CDATA[GAMR Lobby]]></room>
		<numberregistered>0.0</numberregistered>
		<seesionoccupancy></seesionoccupancy>
		<sessiondescription><![CDATA[]]></sessiondescription>
		<regrequired>false</regrequired>
		<sessionaudiance><![CDATA[]]></sessionaudiance>
		<roomnum></roomnum>
		<anchor>Tuesday</anchor>
		<sessionformat>Pre-Con Seminar</sessionformat>
		<sessionlinkURL><![CDATA[]]></sessionlinkURL>
		<sessionslidesURL><![CDATA[]]></sessionslidesURL>
		<sessionssponsorlogo><![CDATA[]]></sessionssponsorlogo>
		<sessionsponsor><![CDATA[]]></sessionsponsor>
	</agenda>
	<agenda>
		<id>a13VV000002p20G</id>
		<name><![CDATA[Pre-Conference Tutorial A: Chiplet Basics]]></name>
		<date>2024-02-06</date>
		<sessionopen></sessionopen>
		<datetime>2024-02-06T16:30:00.000Z</datetime>
		<enddatetime>2024-02-06T20:00:00.000Z</enddatetime>
		<track><![CDATA[Pre-Conference Tutorials]]></track>
		<tracknum></tracknum>
		<trackcategory>Session</trackcategory>
		<sessionnum>PreConA</sessionnum>
		<session><![CDATA[]]></session>
		<sessionagenda><![CDATA[]]></sessionagenda>
		<sessionstarttime>8:30 AM</sessionstarttime>
		<sessionendtime>12:00 PM</sessionendtime>
		<starttime><![CDATA[]]></starttime>
		<roomlocation>Floor 2</roomlocation>
		<publishroom>false</publishroom>
		<room><![CDATA[GAMR 1 (Great America Meeting Room 1)]]></room>
		<numberregistered>0.0</numberregistered>
		<seesionoccupancy></seesionoccupancy>
		<sessiondescription><![CDATA[Chiplets let designers develop leading-edge chips more efficiently. The idea is to divide a large SoC into building blocks (or chiplets). They are essentially drop-in pieces of IP, which designers can build, buy or reuse from previous designs. They may come from older process nodes, use new technologies (rather than standard CMOS), or include analog, optical, or other peripheral circuits. Combining the pieces is known as Heterogeneous Integration. It requires a high-speed die to die interface such as Bunch-of-Wires (BoW) or Universal Chiplet Interface Express (UCIe). Designing with chiplets starts with intelligent choices for dividing up the SoC. Chiplets also require complex platforms that offer cross-boundary optimization and support partitioning, validation, packaging, integration, and test. The results are lower manufacturing cost, shorter time-to-market, and better use of resources. The future of chiplets is bright. We will see new platforms, new interfaces, new packages, and new approaches to all development stages. Chiplets are already the way in which all major chipmakers are implementing processors, DPUs, AI chips, communications devices, and ASICs.]]></sessiondescription>
		<regrequired>false</regrequired>
		<sessionaudiance><![CDATA[]]></sessionaudiance>
		<roomnum></roomnum>
		<anchor>Pre-ConferenceTutorial A</anchor>
		<sessionformat>Paper Session</sessionformat>
		<sessionlinkURL><![CDATA[]]></sessionlinkURL>
		<sessionslidesURL><![CDATA[]]></sessionslidesURL>
		<sessionssponsorlogo><![CDATA[]]></sessionssponsorlogo>
		<sessionsponsor><![CDATA[]]></sessionsponsor>
	</agenda>
	<agenda>
		<id>a13VV000002p0qS</id>
		<name><![CDATA[Pre-Conference Tutorial E: Design Methods]]></name>
		<date>2024-02-06</date>
		<sessionopen></sessionopen>
		<datetime>2024-02-06T21:00:00.000Z</datetime>
		<enddatetime>2024-02-07T01:00:00.000Z</enddatetime>
		<track><![CDATA[Pre-Conference Tutorials]]></track>
		<tracknum></tracknum>
		<trackcategory>Session</trackcategory>
		<sessionnum>PreConE</sessionnum>
		<session><![CDATA[]]></session>
		<sessionagenda><![CDATA[]]></sessionagenda>
		<sessionstarttime>1:00</sessionstarttime>
		<sessionendtime>5:00 PM</sessionendtime>
		<starttime><![CDATA[]]></starttime>
		<roomlocation>Floor 2</roomlocation>
		<publishroom>false</publishroom>
		<room><![CDATA[GAMR 1 (Great America Meeting Room 1)]]></room>
		<numberregistered>0.0</numberregistered>
		<seesionoccupancy></seesionoccupancy>
		<sessiondescription><![CDATA[Designing a chiplet is much like any other IC design, since the designer must balance among the usual power, performance, and area (PPA). However, new issues arise since the chiplet must fit into the overall chip design, so the designer must consider die-to-die interfaces and system-level problems. The interfaces must offer high bandwidth without using much chip area or power. Furthermore, the designer must make the chiplet be a useful citizen. It should serve a general purpose so it can fit into a range of designs and interface neatly with all of them. As chiplets become commonplace, many people will design them for sale or inclusion in libraries.]]></sessiondescription>
		<regrequired>false</regrequired>
		<sessionaudiance><![CDATA[]]></sessionaudiance>
		<roomnum></roomnum>
		<anchor>Pre-ConferenceTutorial E</anchor>
		<sessionformat>Paper Session</sessionformat>
		<sessionlinkURL><![CDATA[]]></sessionlinkURL>
		<sessionslidesURL><![CDATA[]]></sessionslidesURL>
		<sessionssponsorlogo><![CDATA[]]></sessionssponsorlogo>
		<sessionsponsor><![CDATA[]]></sessionsponsor>
	</agenda>
	<agenda>
		<id>a13VV000002p20H</id>
		<name><![CDATA[Pre-Conference Tutorial C: Advanced Packaging Methods]]></name>
		<date>2024-02-06</date>
		<sessionopen></sessionopen>
		<datetime>2024-02-06T16:31:00.000Z</datetime>
		<enddatetime>2024-02-06T20:00:00.000Z</enddatetime>
		<track><![CDATA[Pre-Conference Tutorials]]></track>
		<tracknum></tracknum>
		<trackcategory>Session</trackcategory>
		<sessionnum>PreConC</sessionnum>
		<session><![CDATA[]]></session>
		<sessionagenda><![CDATA[]]></sessionagenda>
		<sessionstarttime>8:30 AM</sessionstarttime>
		<sessionendtime>12:00 PM</sessionendtime>
		<starttime><![CDATA[]]></starttime>
		<roomlocation>Floor 2</roomlocation>
		<publishroom>false</publishroom>
		<room><![CDATA[GAMR 2 (Great America Meeting Room 2)]]></room>
		<numberregistered>0.0</numberregistered>
		<seesionoccupancy></seesionoccupancy>
		<sessiondescription><![CDATA[The days of simply selecting a chip package from a few common alternatives are over. Designers using chiplets must integrate package design with chip design and integration. They must have tools that consider packaging throughout the design process, so they can optimize cost, throughput, and heat and power factors over all stages. The goal is a one-stop shop providing heterogeneous integration that will drive faster time-to-market. Packaging can be a major way to add value to the ultimate product and meet the needs of system-level users.]]></sessiondescription>
		<regrequired>false</regrequired>
		<sessionaudiance><![CDATA[]]></sessionaudiance>
		<roomnum></roomnum>
		<anchor>Pre-ConferenceTutorial C</anchor>
		<sessionformat>Paper Session</sessionformat>
		<sessionlinkURL><![CDATA[]]></sessionlinkURL>
		<sessionslidesURL><![CDATA[]]></sessionslidesURL>
		<sessionssponsorlogo><![CDATA[]]></sessionssponsorlogo>
		<sessionsponsor><![CDATA[]]></sessionsponsor>
	</agenda>
	<agenda>
		<id>a13VV000002p0qU</id>
		<name><![CDATA[Pre-Conference Tutorial G: AI in Chiplet Design]]></name>
		<date>2024-02-06</date>
		<sessionopen></sessionopen>
		<datetime>2024-02-06T21:02:00.000Z</datetime>
		<enddatetime>2024-02-07T01:00:00.000Z</enddatetime>
		<track><![CDATA[Pre-Conference Tutorials]]></track>
		<tracknum></tracknum>
		<trackcategory>Session</trackcategory>
		<sessionnum>PreConG</sessionnum>
		<session><![CDATA[]]></session>
		<sessionagenda><![CDATA[]]></sessionagenda>
		<sessionstarttime>1:00</sessionstarttime>
		<sessionendtime>5:00 PM</sessionendtime>
		<starttime><![CDATA[]]></starttime>
		<roomlocation>Floor 2</roomlocation>
		<publishroom>false</publishroom>
		<room><![CDATA[GAMR 3 (Great America Meeting Room 3)]]></room>
		<numberregistered>0.0</numberregistered>
		<seesionoccupancy></seesionoccupancy>
		<sessiondescription><![CDATA[Chiplet-based design adds multiple chiplets and interfaces to systems already having millions of parameters, regions, and connections. AI/ML can help handle the increased complexity much as it has in many other areas. Typical uses include parameter value and consistency checks, rapid identification of problem areas, trend analysis, optimization procedures, and rule and standards checking. ML can simplify procedures, offer suggestions, explain error warnings, and make complex programs easier to use. Design tools can also offer interfaces to custom ML applications and to popular systems such as ChatGPT®. ML can even provide intelligent help with difficult tasks such as simulation and cooptimization.]]></sessiondescription>
		<regrequired>false</regrequired>
		<sessionaudiance><![CDATA[]]></sessionaudiance>
		<roomnum></roomnum>
		<anchor>Pre-ConferenceTutorial G</anchor>
		<sessionformat>Paper Session</sessionformat>
		<sessionlinkURL><![CDATA[]]></sessionlinkURL>
		<sessionslidesURL><![CDATA[]]></sessionslidesURL>
		<sessionssponsorlogo><![CDATA[]]></sessionssponsorlogo>
		<sessionsponsor><![CDATA[]]></sessionsponsor>
	</agenda>
	<agenda>
		<id>a13VV000002p20E</id>
		<name><![CDATA[Registration (sponsored by Achronix)]]></name>
		<date>2024-02-06</date>
		<sessionopen></sessionopen>
		<datetime>2024-02-06T15:30:00.000Z</datetime>
		<enddatetime>2024-02-07T02:00:00.000Z</enddatetime>
		<track><![CDATA[Registration]]></track>
		<tracknum></tracknum>
		<trackcategory></trackcategory>
		<sessionnum></sessionnum>
		<session><![CDATA[]]></session>
		<sessionagenda><![CDATA[]]></sessionagenda>
		<sessionstarttime>7:30</sessionstarttime>
		<sessionendtime>6:00 PM</sessionendtime>
		<starttime><![CDATA[]]></starttime>
		<roomlocation>Floor 1</roomlocation>
		<publishroom>false</publishroom>
		<room><![CDATA[GAB Lobby]]></room>
		<numberregistered>0.0</numberregistered>
		<seesionoccupancy></seesionoccupancy>
		<sessiondescription><![CDATA[]]></sessiondescription>
		<regrequired>false</regrequired>
		<sessionaudiance><![CDATA[]]></sessionaudiance>
		<roomnum></roomnum>
		<anchor>Registration</anchor>
		<sessionformat></sessionformat>
		<sessionlinkURL><![CDATA[]]></sessionlinkURL>
		<sessionslidesURL><![CDATA[]]></sessionslidesURL>
		<sessionssponsorlogo><![CDATA[]]></sessionssponsorlogo>
		<sessionsponsor><![CDATA[]]></sessionsponsor>
	</agenda>
	<agenda>
		<id>a13VV000002p0qW</id>
		<name><![CDATA[Tuesday PM Refreshment Break]]></name>
		<date>2024-02-06</date>
		<sessionopen></sessionopen>
		<datetime>2024-02-06T23:15:00.000Z</datetime>
		<enddatetime>2024-02-06T23:30:00.000Z</enddatetime>
		<track><![CDATA[Break]]></track>
		<tracknum></tracknum>
		<trackcategory></trackcategory>
		<sessionnum></sessionnum>
		<session><![CDATA[]]></session>
		<sessionagenda><![CDATA[]]></sessionagenda>
		<sessionstarttime>3:15</sessionstarttime>
		<sessionendtime>3:30 PM</sessionendtime>
		<starttime><![CDATA[]]></starttime>
		<roomlocation></roomlocation>
		<publishroom>false</publishroom>
		<room><![CDATA[GAMR Hallway/GAB K Lobby]]></room>
		<numberregistered>0.0</numberregistered>
		<seesionoccupancy></seesionoccupancy>
		<sessiondescription><![CDATA[]]></sessiondescription>
		<regrequired>false</regrequired>
		<sessionaudiance><![CDATA[]]></sessionaudiance>
		<roomnum></roomnum>
		<anchor>Tuesday</anchor>
		<sessionformat>Pre-Con Seminar</sessionformat>
		<sessionlinkURL><![CDATA[]]></sessionlinkURL>
		<sessionslidesURL><![CDATA[]]></sessionslidesURL>
		<sessionssponsorlogo><![CDATA[]]></sessionssponsorlogo>
		<sessionsponsor><![CDATA[]]></sessionsponsor>
	</agenda>
	<agenda>
		<id>a13VV0000042Z5r</id>
		<name><![CDATA[Tutorial D Panel: Choosing the Right Die-to-Die Interface for Your Application]]></name>
		<date>2024-02-06</date>
		<sessionopen></sessionopen>
		<datetime>2024-02-06T16:32:00.000Z</datetime>
		<enddatetime>2024-02-06T20:00:00.000Z</enddatetime>
		<track><![CDATA[Pre-Conference Tutorials]]></track>
		<tracknum></tracknum>
		<trackcategory>Session</trackcategory>
		<sessionnum>PreConD</sessionnum>
		<session><![CDATA[]]></session>
		<sessionagenda><![CDATA[]]></sessionagenda>
		<sessionstarttime>8:30</sessionstarttime>
		<sessionendtime>12:00 PM</sessionendtime>
		<starttime><![CDATA[]]></starttime>
		<roomlocation>Floor 2</roomlocation>
		<publishroom>false</publishroom>
		<room><![CDATA[GAMR 3 (Great America Meeting Room 3)]]></room>
		<numberregistered>0.0</numberregistered>
		<seesionoccupancy></seesionoccupancy>
		<sessiondescription><![CDATA[Fast on-chip die-to-die interfaces are the key to making the chiplet idea work. High data rates are essential for top performance and low latency. The interfaces also must consume little chip area or power or affect thermal budgets. Example buses such as Bunch-of-Wires (BoW) and Universal Chiplet Interface Express (UCIe) are already widely available. Designers must consider cost, chip area, throughput, and support when deciding which to use for their applications. The interface must be flexible, comprehensive, and easy to integrate with a wide variety of chiplets. Test and monitoring tools and platforms are particularly important in reducing time-to-market. Super-high performance applications, such as AI clusters, may require optical connections as well as electrical.]]></sessiondescription>
		<regrequired>false</regrequired>
		<sessionaudiance><![CDATA[]]></sessionaudiance>
		<roomnum></roomnum>
		<anchor>TutorialD Panel</anchor>
		<sessionformat>Panel Session</sessionformat>
		<sessionlinkURL><![CDATA[]]></sessionlinkURL>
		<sessionslidesURL><![CDATA[]]></sessionslidesURL>
		<sessionssponsorlogo><![CDATA[]]></sessionssponsorlogo>
		<sessionsponsor><![CDATA[]]></sessionsponsor>
	</agenda>
	<agenda>
		<id>a13VV000002p0qY</id>
		<name><![CDATA[Chat with the Experts (sponsored by Bolt Graphics)]]></name>
		<date>2024-02-06</date>
		<sessionopen></sessionopen>
		<datetime>2024-02-07T02:00:00.000Z</datetime>
		<enddatetime>2024-02-07T04:30:00.000Z</enddatetime>
		<track><![CDATA[Pre-Conference Tutorials]]></track>
		<tracknum></tracknum>
		<trackcategory>Session</trackcategory>
		<sessionnum>CH1</sessionnum>
		<session><![CDATA[]]></session>
		<sessionagenda><![CDATA[]]></sessionagenda>
		<sessionstarttime>6:00</sessionstarttime>
		<sessionendtime>8:30 PM</sessionendtime>
		<starttime><![CDATA[]]></starttime>
		<roomlocation>Floor 1</roomlocation>
		<publishroom>false</publishroom>
		<room><![CDATA[Mission City Ballroom]]></room>
		<numberregistered>0.0</numberregistered>
		<seesionoccupancy></seesionoccupancy>
		<sessiondescription><![CDATA[The session allows attendees to meet top experts in many crucial areas and ask questions in an informal setting. Each table has a different subject, and attendees are welcome to move from table to table. Beer, wine, soft drinks, and pizza are served to promote the informal atmosphere and encourage networking. Emphasis is on frequently asked questions, best practices, hints and warnings, major issues, and key products and standards.]]></sessiondescription>
		<regrequired>false</regrequired>
		<sessionaudiance><![CDATA[]]></sessionaudiance>
		<roomnum></roomnum>
		<anchor>Chat</anchor>
		<sessionformat>Chat with the Experts</sessionformat>
		<sessionlinkURL><![CDATA[]]></sessionlinkURL>
		<sessionslidesURL><![CDATA[]]></sessionslidesURL>
		<sessionssponsorlogo><![CDATA[]]></sessionssponsorlogo>
		<sessionsponsor><![CDATA[]]></sessionsponsor>
	</agenda>
	<agenda>
		<id>a13VV000002p0qV</id>
		<name><![CDATA[Pre-Conference Tutorial H: The New Open Chiplet Economy]]></name>
		<date>2024-02-06</date>
		<sessionopen></sessionopen>
		<datetime>2024-02-06T21:03:00.000Z</datetime>
		<enddatetime>2024-02-07T01:00:00.000Z</enddatetime>
		<track><![CDATA[Pre-Conference Tutorials]]></track>
		<tracknum></tracknum>
		<trackcategory>Session</trackcategory>
		<sessionnum>PreConH</sessionnum>
		<session><![CDATA[]]></session>
		<sessionagenda><![CDATA[]]></sessionagenda>
		<sessionstarttime>1:00</sessionstarttime>
		<sessionendtime>5:00 PM</sessionendtime>
		<starttime><![CDATA[]]></starttime>
		<roomlocation>Floor 1</roomlocation>
		<publishroom>false</publishroom>
		<room><![CDATA[GAB J (Great America Ballroom J)]]></room>
		<numberregistered>0.0</numberregistered>
		<seesionoccupancy></seesionoccupancy>
		<sessiondescription><![CDATA[Chiplets have rapidly become the accepted way to develop chips at leading-edge nodes. In theory, they allow designers to drop known-good dies into their designs wherever needed. However, in practice, designers must have a way to quickly find what they want in a form they can use. A new chiplet economy is thus necessary. The Open Compute Project (OCP) has taken the lead in creating that economy. It started by supporting the Open Domain Specific Project (ODSA) in 2019, and it launched the "open chiplet economy" vision in 2023. The vision is quickly becoming reality. Its initial focus was on simplifying the definition of chiplet-based products by providing: 1. Business and technical workflows needed to assemble a chiplet-based product 2. Standards for creating IP for die-to-die interfaces 3. Reference tools for specifying, building, interfacing, inserting, and testing chiplets Remarkable progress has occurred since the launch. OCP and JEDEC have used an XML-based schema (developed by OCP) to create the JEP 30 standard. It allows EDA tools from multiple vendors to handle chiplets. Recently, 11 organizations showed real products and prototypes based on the standard. This puts the industry well on the way to defining interoperable chiplets that designers can easily use in applications. Current work emphasizes making chiplet-based products easier to develop and market. The community is creating standard form factors, developing supply chains, and creating an easily accessed marketplace. The idea is to help smaller or peripheral companies create chiplets for AI, IoT, HPC, financial, industrial and process control, and mil/aero markets that have low volumes. We also plan to join with marketing, sales, and business development specialists to identify what is needed to make chiplets financially viable.]]></sessiondescription>
		<regrequired>false</regrequired>
		<sessionaudiance><![CDATA[]]></sessionaudiance>
		<roomnum></roomnum>
		<anchor>Pre-ConferenceTutorial H</anchor>
		<sessionformat>Paper Session</sessionformat>
		<sessionlinkURL><![CDATA[]]></sessionlinkURL>
		<sessionslidesURL><![CDATA[]]></sessionslidesURL>
		<sessionssponsorlogo><![CDATA[]]></sessionssponsorlogo>
		<sessionsponsor><![CDATA[]]></sessionsponsor>
	</agenda>
	<agenda>
		<id>a13VV0000042giP</id>
		<name><![CDATA[Tutorial H Panel: Making the Open Chiplet Economy Grow]]></name>
		<date>2024-02-06</date>
		<sessionopen></sessionopen>
		<datetime>2024-02-06T21:03:00.000Z</datetime>
		<enddatetime>2024-02-07T01:00:00.000Z</enddatetime>
		<track><![CDATA[Pre-Conference Tutorials]]></track>
		<tracknum></tracknum>
		<trackcategory>Session</trackcategory>
		<sessionnum>PreConH</sessionnum>
		<session><![CDATA[]]></session>
		<sessionagenda><![CDATA[]]></sessionagenda>
		<sessionstarttime>1:00</sessionstarttime>
		<sessionendtime>5:00 PM</sessionendtime>
		<starttime><![CDATA[]]></starttime>
		<roomlocation>Floor 1</roomlocation>
		<publishroom>false</publishroom>
		<room><![CDATA[GAB J (Great America Ballroom J)]]></room>
		<numberregistered>0.0</numberregistered>
		<seesionoccupancy></seesionoccupancy>
		<sessiondescription><![CDATA[Chiplets have rapidly become the accepted way to develop chips at leading-edge nodes. In theory, they allow designers to drop known-good dies into their designs wherever needed. However, in practice, designers must have a way to quickly find what they want in a form they can use. A new chiplet economy is thus necessary. The Open Compute Project (OCP) has taken the lead in creating that economy. It started by supporting the Open Domain Specific Project (ODSA) in 2019, and it launched the "open chiplet economy" vision in 2023. The vision is quickly becoming reality. Its initial focus was on simplifying the definition of chiplet-based products by providing: 1. Business and technical workflows needed to assemble a chiplet-based product 2. Standards for creating IP for die-to-die interfaces 3. Reference tools for specifying, building, interfacing, inserting, and testing chiplets Remarkable progress has occurred since the launch. OCP and JEDEC have used an XML-based schema (developed by OCP) to create the JEP 30 standard. It allows EDA tools from multiple vendors to handle chiplets. Recently, 11 organizations showed real products and prototypes based on the standard. This puts the industry well on the way to defining interoperable chiplets that designers can easily use in applications. Current work emphasizes making chiplet-based products easier to develop and market. The community is creating standard form factors, developing supply chains, and creating an easily accessed marketplace. The idea is to help smaller or peripheral companies create chiplets for AI, IoT, HPC, financial, industrial and process control, and mil/aero markets that have low volumes. We also plan to join with marketing, sales, and business development specialists to identify what is needed to make chiplets financially viable.]]></sessiondescription>
		<regrequired>false</regrequired>
		<sessionaudiance><![CDATA[]]></sessionaudiance>
		<roomnum></roomnum>
		<anchor>TutorialH Panel</anchor>
		<sessionformat>Panel Session</sessionformat>
		<sessionlinkURL><![CDATA[]]></sessionlinkURL>
		<sessionslidesURL><![CDATA[]]></sessionslidesURL>
		<sessionssponsorlogo><![CDATA[]]></sessionssponsorlogo>
		<sessionsponsor><![CDATA[]]></sessionsponsor>
	</agenda>
	<agenda>
		<id>a13VV000002p0qT</id>
		<name><![CDATA[Pre-Conference Tutorial F: Working with Foundries]]></name>
		<date>2024-02-06</date>
		<sessionopen></sessionopen>
		<datetime>2024-02-06T21:01:00.000Z</datetime>
		<enddatetime>2024-02-07T01:00:00.000Z</enddatetime>
		<track><![CDATA[Pre-Conference Tutorials]]></track>
		<tracknum></tracknum>
		<trackcategory>Session</trackcategory>
		<sessionnum>PreConF</sessionnum>
		<session><![CDATA[]]></session>
		<sessionagenda><![CDATA[]]></sessionagenda>
		<sessionstarttime>1:00</sessionstarttime>
		<sessionendtime>5:00 PM</sessionendtime>
		<starttime><![CDATA[]]></starttime>
		<roomlocation>Floor 2</roomlocation>
		<publishroom>false</publishroom>
		<room><![CDATA[GAMR 2 (Great America Meeting Room 2)]]></room>
		<numberregistered>0.0</numberregistered>
		<seesionoccupancy></seesionoccupancy>
		<sessiondescription><![CDATA[Developing chiplet-based multi-die systems requires major coordination between design team and foundry. The approach is new to both sides, and involves many new technologies, standards, and methods. In particular, designers must decide on the package early in the entire process since it will determine how the foundry approaches the problem. Chip and package designers will thus need to work together right from the beginning to achieve a successful integration. In practice, leading foundries have their own packaging services and standards. They play an important role in streamlining multi-die system designs driving early architecture, design implementation, manufacturing, and package integration. Obviously, there will be many more process decks for the customer to handle, and much more data to be managed. Overall, designers can expect to spend far more time working with the foundry than they did when designing monolithic chips.]]></sessiondescription>
		<regrequired>false</regrequired>
		<sessionaudiance><![CDATA[]]></sessionaudiance>
		<roomnum></roomnum>
		<anchor>Pre-ConferenceTutorial F</anchor>
		<sessionformat>Paper Session</sessionformat>
		<sessionlinkURL><![CDATA[]]></sessionlinkURL>
		<sessionslidesURL><![CDATA[]]></sessionslidesURL>
		<sessionssponsorlogo><![CDATA[]]></sessionssponsorlogo>
		<sessionsponsor><![CDATA[]]></sessionsponsor>
	</agenda>
</agendalist>
