<?xml version="1.0" encoding="UTF-8"?>
<speakerlist lastupdate="2024-02-11 23:29:31">
	<speaker>
		<id>a15VV000000ktBB</id>
		<sessionname><![CDATA[C-201: Making Chiplets a Viable Market (sponsored by SmartSoC Solutions)]]></sessionname>
		<sessionid>a13VV000002ybJi</sessionid>
		<name><![CDATA[Ramin Farjad]]></name>
		<account><![CDATA[Eliyan]]></account>
		<contact><![CDATA[Farjad, Ramin]]></contact>
		<contactid>0035f00000tIwTb</contactid>
		<date>2024-02-08</date>
		<time><![CDATA[9:00]]></time>
		<datetime>2024-02-08T17:02:00.000Z</datetime>
		<track><![CDATA[]]></track>
		<tracknum></tracknum>
		<sessionnum>C-201</sessionnum>
		<starttime><![CDATA[]]></starttime>
		<roomnum></roomnum>
		<room><![CDATA[GAMR 3 (Great America Meeting Room 3)]]></room>
		<speakerdetails><![CDATA[]]></speakerdetails>
		<speakertype>Panelist</speakertype>
		<speakerbio><![CDATA[Ravi Agarwal is a Technical Sourcing Manager at Meta, where he focuses on chiplet strategy, advanced packaging architecture, supply chain, strategic sourcing, and open ecosystem development. He also is the Chair of the IEEE Electronic Packaging Society’s Silicon Valley chapter and the Lead of the ODSA Chiplet Business Working Group. He was previously Director of Strategy and Chief of Staff for a Corporate VP at Intel and Director of Product Management at Amkor. He earned a PhD in Materials Science and Engineering at North Carolina State University and an MBA from UC Berkeley. He has 14 published papers and holds three patents.]]></speakerbio>
		<speakertitle><![CDATA[]]></speakertitle>
		<dayoftheweek><![CDATA[Thursday]]></dayoftheweek>
		<speakerimageurl><![CDATA[]]></speakerimageurl>
		<speakerhierarchy></speakerhierarchy>
		<publish>a0q5f0000044zmaAAA</publish>
	</speaker>
	<speaker>
		<id>a15VV000000Jlsr</id>
		<sessionname><![CDATA[A-201: Design - 3]]></sessionname>
		<sessionid>a13VV000002yZg7</sessionid>
		<name><![CDATA[Deepak Shankar]]></name>
		<account><![CDATA[MIRABILIS DESIGN]]></account>
		<contact><![CDATA[Shankar, Deepak]]></contact>
		<contactid>003VV000001ThiY</contactid>
		<date>2024-02-08</date>
		<time><![CDATA[9:00]]></time>
		<datetime>2024-02-08T17:00:00.000Z</datetime>
		<track><![CDATA[]]></track>
		<tracknum></tracknum>
		<sessionnum>A-201</sessionnum>
		<starttime><![CDATA[]]></starttime>
		<roomnum></roomnum>
		<room><![CDATA[GAMR 1 (Great America Meeting Room 1)]]></room>
		<speakerdetails><![CDATA[]]></speakerdetails>
		<speakertype>Speaker</speakertype>
		<speakerbio><![CDATA[Deepak Shankar is the Founder and Chief Technologist at Mirabilis Design, an EDA company. He has worked with customers on architecture exploration for over 150 semiconductor designs. He has presented at 50+ conferences on semiconductors, electronics, embedded systems, networks, and real-time software. His projects include AI processors, FPGAs, data center connectivity, automotive autonomous driving systems, and network switches. He has designed AI workloads, software benchmarks, and traces that provide a complete evaluation of the system. He created the first system modeling and simulation software that integrates model-based systems engineering with product development flow. He earned an MSEE from Clemson University (South Carolina).]]></speakerbio>
		<speakertitle><![CDATA[Vice President Technology]]></speakertitle>
		<dayoftheweek><![CDATA[Thursday]]></dayoftheweek>
		<speakerimageurl><![CDATA[]]></speakerimageurl>
		<speakerhierarchy></speakerhierarchy>
		<publish>a0q5f0000044zmaAAA</publish>
	</speaker>
	<speaker>
		<id>a15VV000000aPCn</id>
		<sessionname><![CDATA[Keynote 4: Alphawave Semi]]></sessionname>
		<sessionid>a13VV000002p0qz</sessionid>
		<name><![CDATA[Tony Chan Carusone]]></name>
		<account><![CDATA[Alphawave Semi]]></account>
		<contact><![CDATA[Chan Carusone, Tony]]></contact>
		<contactid>003VV000002d7bZ</contactid>
		<date>2024-02-08</date>
		<time><![CDATA[10:10]]></time>
		<datetime>2024-02-08T18:10:00.000Z</datetime>
		<track><![CDATA[]]></track>
		<tracknum></tracknum>
		<sessionnum>K-4</sessionnum>
		<starttime><![CDATA[]]></starttime>
		<roomnum></roomnum>
		<room><![CDATA[GAB J (Great America Ballroom J)]]></room>
		<speakerdetails><![CDATA[]]></speakerdetails>
		<speakertype>Keynote Speaker</speakertype>
		<speakerbio><![CDATA[Tony Chan Carusone is CTO at Alphawave Semi, where he focuses on developing IP for communicating and processing information. He is also a professor of electrical and computer engineering at the University of Toronto (Canada). He has over 100 published articles, including 11 award-winning best papers, and holds 7 patents. He has presented at many major conferences including ISSCC and the Custom Integrated Circuits Conference (CICC).and is an IEEE Fellow. He co-authored classic textbooks on “Analog Integrated Circuit Design” and “Microelectronic Circuits”. He earned a PhD in electrical engineering from the University of Toronto.]]></speakerbio>
		<speakertitle><![CDATA[CTO]]></speakertitle>
		<dayoftheweek><![CDATA[Thursday]]></dayoftheweek>
		<speakerimageurl><![CDATA[https://realintelligence.com/customers/expos/00D5f000000Kf85/images/Tony%20Chan.png]]></speakerimageurl>
		<speakerhierarchy></speakerhierarchy>
		<publish>a0q5f0000044zmaAAA</publish>
	</speaker>
	<speaker>
		<id>a155f00000Abuf5</id>
		<sessionname><![CDATA[A-202: Design - 4]]></sessionname>
		<sessionid>a13VV000002p0r6</sessionid>
		<name><![CDATA[James Wong]]></name>
		<account><![CDATA[Palo Alto Electron]]></account>
		<contact><![CDATA[Wong, James]]></contact>
		<contactid>0035f00000kYA4m</contactid>
		<date>2024-02-08</date>
		<time><![CDATA[2:00]]></time>
		<datetime>2024-02-08T22:00:00.000Z</datetime>
		<track><![CDATA[]]></track>
		<tracknum></tracknum>
		<sessionnum>A-202</sessionnum>
		<starttime><![CDATA[]]></starttime>
		<roomnum></roomnum>
		<room><![CDATA[GAMR 1 (Great America Meeting Room 1)]]></room>
		<speakerdetails><![CDATA[]]></speakerdetails>
		<speakertype>Speaker</speakertype>
		<speakerbio><![CDATA[James Wong is CTO at startup Palo Alto Electron, where he develops high-performance chiplets and chiplet design tools. He previously worked at zGlue, Oracle, Cisco, and Intel. James has made significant contributions to chiplet design and standardization projects such as the OCP CDXML, OCP chiplet models/integration workflow, and JEDEC JEP 30. He holds dual master's degrees in Computer Science and Electrical Engineering from the University of Michigan and the National University of Singapore, and has authored several influential industry publications.]]></speakerbio>
		<speakertitle><![CDATA[CTO]]></speakertitle>
		<dayoftheweek><![CDATA[Thursday]]></dayoftheweek>
		<speakerimageurl><![CDATA[]]></speakerimageurl>
		<speakerhierarchy></speakerhierarchy>
		<publish>a0q5f0000044zmaAAA</publish>
	</speaker>
	<speaker>
		<id>a15VV000000aPzB</id>
		<sessionname><![CDATA[Keynote 6: Open Compute Project]]></sessionname>
		<sessionid>a13VV000002p0r3</sessionid>
		<name><![CDATA[Bapi Vinnakota]]></name>
		<account><![CDATA[Open Compute Project]]></account>
		<contact><![CDATA[Vinnakota, Bapi]]></contact>
		<contactid>0035f00000wBii2</contactid>
		<date>2024-02-08</date>
		<time><![CDATA[11:35]]></time>
		<datetime>2024-02-08T19:35:00.000Z</datetime>
		<track><![CDATA[]]></track>
		<tracknum></tracknum>
		<sessionnum>K-6</sessionnum>
		<starttime><![CDATA[]]></starttime>
		<roomnum></roomnum>
		<room><![CDATA[GAB J (Great America Ballroom J)]]></room>
		<speakerdetails><![CDATA[]]></speakerdetails>
		<speakertype>Keynote Speaker</speakertype>
		<speakerbio><![CDATA[Bapi Vinnakota currently leads the Open Domain-Specific Architecture (ODSA) sub-project within the Open Compute Project (OCP). At OCP, he is working on the open chiplet economy, including the Bunch of Wires (BoW) die-to-die interconnect standard. He previously held engineering management positions at Broadcom, Netronome, and Intel. He has several publications on ODSA and BoW, including an invited talk at the ACM/IEEE International Workshop on System-Level Interconnect Pathfinding (SLIP), presentations at Hot Interconnects, and an article in IEEE Micro. He earned a PhD in computer engineering from Princeton University.]]></speakerbio>
		<speakertitle><![CDATA[]]></speakertitle>
		<dayoftheweek><![CDATA[Thursday]]></dayoftheweek>
		<speakerimageurl><![CDATA[https://realintelligence.com/customers/expos/00D5f000000Kf85/images/Bapi.png]]></speakerimageurl>
		<speakerhierarchy></speakerhierarchy>
		<publish>a0q5f0000044zmaAAA</publish>
	</speaker>
	<speaker>
		<id>a15VV000000a9GE</id>
		<sessionname><![CDATA[B-201: Integration - 1]]></sessionname>
		<sessionid>a13VV000002yU3m</sessionid>
		<name><![CDATA[Mark Berry]]></name>
		<account><![CDATA[COT-NPI Group]]></account>
		<contact><![CDATA[Berry, Mark]]></contact>
		<contactid>0035f00000w9p14</contactid>
		<date>2024-02-08</date>
		<time><![CDATA[9:00]]></time>
		<datetime>2024-02-08T17:01:00.000Z</datetime>
		<track><![CDATA[]]></track>
		<tracknum></tracknum>
		<sessionnum>B-201</sessionnum>
		<starttime><![CDATA[]]></starttime>
		<roomnum></roomnum>
		<room><![CDATA[GAMR 2 (Great America Meeting Room 2)]]></room>
		<speakerdetails><![CDATA[]]></speakerdetails>
		<speakertype>Moderator</speakertype>
		<speakerbio><![CDATA[Mark Berry is an independent consultant in test strategies, operations, and business development. He is also a contributing editor to the popular 3DInCites Website. His consulting clients have included PDF Solutions, Caliber Interconnects, Sonic Energy, and UTAC. He focuses on lower test costs, accelerating new product introduction, test strategies and roadmaps, advanced packaging, and test sales and business development. He has 15 years experience as a VP in test technology with Amkor and 15 years as a test manager with Freescale Semiconductor. Mark earned a BSEE from the University of Illinois at Urbana-Champaign and an MBA from St. Edward’s University (Austin, TX).]]></speakerbio>
		<speakertitle><![CDATA[President]]></speakertitle>
		<dayoftheweek><![CDATA[Thursday]]></dayoftheweek>
		<speakerimageurl><![CDATA[]]></speakerimageurl>
		<speakerhierarchy></speakerhierarchy>
		<publish>a0q5f0000044zmaAAA</publish>
	</speaker>
	<speaker>
		<id>a15VV000000a9GN</id>
		<sessionname><![CDATA[C-201: Making Chiplets a Viable Market (sponsored by SmartSoC Solutions)]]></sessionname>
		<sessionid>a13VV000002ybJi</sessionid>
		<name><![CDATA[Ravi Agarwal]]></name>
		<account><![CDATA[Meta]]></account>
		<contact><![CDATA[Agarwal, Ravi]]></contact>
		<contactid>0035f00000h6w19</contactid>
		<date>2024-02-08</date>
		<time><![CDATA[9:00]]></time>
		<datetime>2024-02-08T17:02:00.000Z</datetime>
		<track><![CDATA[]]></track>
		<tracknum></tracknum>
		<sessionnum>C-201</sessionnum>
		<starttime><![CDATA[]]></starttime>
		<roomnum></roomnum>
		<room><![CDATA[GAMR 3 (Great America Meeting Room 3)]]></room>
		<speakerdetails><![CDATA[]]></speakerdetails>
		<speakertype>Organizer + Moderator</speakertype>
		<speakerbio><![CDATA[Ravi Agarwal is a Technical Sourcing Manager at Meta, where he focuses on chiplet strategy, advanced packaging architecture, supply chain, strategic sourcing, and open ecosystem development. He also is the Chair of the IEEE Electronic Packaging Society’s Silicon Valley chapter and the Lead of the ODSA Chiplet Business Working Group. He was previously Director of Strategy and Chief of Staff for a Corporate VP at Intel and Director of Product Management at Amkor. He earned a PhD in Materials Science and Engineering at North Carolina State University and an MBA from UC Berkeley. He has 14 published papers and holds three patents.]]></speakerbio>
		<speakertitle><![CDATA[Director Advanced Technology Pathfinding]]></speakertitle>
		<dayoftheweek><![CDATA[Thursday]]></dayoftheweek>
		<speakerimageurl><![CDATA[]]></speakerimageurl>
		<speakerhierarchy></speakerhierarchy>
		<publish>a0q5f0000044zmaAAA</publish>
	</speaker>
	<speaker>
		<id>a15VV000000jvIH</id>
		<sessionname><![CDATA[C-202: Chiplets for Entrepreneurs - Making Money in the Chiplet Game]]></sessionname>
		<sessionid>a13VV000002p0r8</sessionid>
		<name><![CDATA[Tarun Verma]]></name>
		<account><![CDATA[Silicon Catalyst]]></account>
		<contact><![CDATA[Verma, Tarun]]></contact>
		<contactid>0035f00000Bd7xs</contactid>
		<date>2024-02-08</date>
		<time><![CDATA[2:00]]></time>
		<datetime>2024-02-08T22:02:00.000Z</datetime>
		<track><![CDATA[]]></track>
		<tracknum></tracknum>
		<sessionnum>C-202</sessionnum>
		<starttime><![CDATA[]]></starttime>
		<roomnum></roomnum>
		<room><![CDATA[GAMR 3 (Great America Meeting Room 3)]]></room>
		<speakerdetails><![CDATA[]]></speakerdetails>
		<speakertype>Panelist</speakertype>
		<speakerbio><![CDATA[]]></speakerbio>
		<speakertitle><![CDATA[Managing Partner]]></speakertitle>
		<dayoftheweek><![CDATA[Thursday]]></dayoftheweek>
		<speakerimageurl><![CDATA[]]></speakerimageurl>
		<speakerhierarchy></speakerhierarchy>
		<publish>a0q5f0000044zmaAAA</publish>
	</speaker>
	<speaker>
		<id>a15VV000000utt3</id>
		<sessionname><![CDATA[C-202: Chiplets for Entrepreneurs - Making Money in the Chiplet Game]]></sessionname>
		<sessionid>a13VV000002p0r8</sessionid>
		<name><![CDATA[Stephen Slater]]></name>
		<account><![CDATA[Keysight Technologies]]></account>
		<contact><![CDATA[Slater, Stephen]]></contact>
		<contactid>0035f000023Et8U</contactid>
		<date>2024-02-08</date>
		<time><![CDATA[2:00]]></time>
		<datetime>2024-02-08T22:02:00.000Z</datetime>
		<track><![CDATA[]]></track>
		<tracknum></tracknum>
		<sessionnum>C-202</sessionnum>
		<starttime><![CDATA[]]></starttime>
		<roomnum></roomnum>
		<room><![CDATA[GAMR 3 (Great America Meeting Room 3)]]></room>
		<speakerdetails><![CDATA[]]></speakerdetails>
		<speakertype>Panelist</speakertype>
		<speakerbio><![CDATA[]]></speakerbio>
		<speakertitle><![CDATA[EDA Product Manager]]></speakertitle>
		<dayoftheweek><![CDATA[Thursday]]></dayoftheweek>
		<speakerimageurl><![CDATA[]]></speakerimageurl>
		<speakerhierarchy></speakerhierarchy>
		<publish>a0q5f0000044zmaAAA</publish>
	</speaker>
	<speaker>
		<id>a155f00000AcIV9</id>
		<sessionname><![CDATA[A-201: Design - 3]]></sessionname>
		<sessionid>a13VV000002yZg7</sessionid>
		<name><![CDATA[Subramanian Lalgudi]]></name>
		<account><![CDATA[Siemens EDA]]></account>
		<contact><![CDATA[Lalgudi, Subramanian]]></contact>
		<contactid>0035f00000kYTi1</contactid>
		<date>2024-02-08</date>
		<time><![CDATA[9:00]]></time>
		<datetime>2024-02-08T17:00:00.000Z</datetime>
		<track><![CDATA[]]></track>
		<tracknum></tracknum>
		<sessionnum>A-201</sessionnum>
		<starttime><![CDATA[]]></starttime>
		<roomnum></roomnum>
		<room><![CDATA[GAMR 1 (Great America Meeting Room 1)]]></room>
		<speakerdetails><![CDATA[]]></speakerdetails>
		<speakertype>Speaker</speakertype>
		<speakerbio><![CDATA[Subramanian Lalgudi is a multi-physics solutions architect at Siemens EDA where he focuses on emerging areas such as 3-D ICs and power electronics. A leader in engineering simulation, he previously managed circuit simulation R&D at Ansys. He has participated in many conferences such as the International Integrated Reliability Workshop and the Conference on Electrical Performance of Electronic Packaging (EPEPS) and has 11 publications including an article in IEEE Transactions on Components, Packaging, and Manufacturing Technology. He earned a PhD in electrical engineering from Georgia Institute of Technology. About the Co-Authors; Lihong Cao is Sr Director Marketing/Engineering at ASE Group, where she is responsible for advanced packaging technology development for chiplets. She also works on heterogeneous integration, strategic planning, and business engagement. She led engineering operations for advanced SiP and Fanout Embedded Si Bridge technology. She was previously a Sr Manager at AMD, where she was a key contributor to TSV 2.5D/3D solutions. She holds several US patents, has published more than 70 technical papers, and has presented at many international conferences such as the Wafer-Level Packaging Symposium and the International Conference on Device Packaging. She earned a PhD in materials science and engineering. David Ratchkov is the CEO of Thrace Systems, a startup developing tools to handle early chiplet architecture exploration and design needs, such as 3DIC physical planning, netlist design, power, and thermal. An experienced hardware and software developer, he was previously a Principal Engineer at Broadcom, where he developed power analysis tools. He also leads the Chiplet Design Exchange (CDX) workstream under Open Compute Platform's Open Domain-Specific Architecture (ODSA) sub-project. He earned a masterÃ¢ÂÂs degree in mathematics and computer science from the University of Plovdiv (Bulgaria).]]></speakerbio>
		<speakertitle><![CDATA[]]></speakertitle>
		<dayoftheweek><![CDATA[Thursday]]></dayoftheweek>
		<speakerimageurl><![CDATA[]]></speakerimageurl>
		<speakerhierarchy></speakerhierarchy>
		<publish>a0q5f0000044zmaAAA</publish>
	</speaker>
	<speaker>
		<id>a15VV000000cMQw</id>
		<sessionname><![CDATA[B-202: Best Packaging for Chiplets Today (Panel)]]></sessionname>
		<sessionid>a13VV000002p0r7</sessionid>
		<name><![CDATA[Daniel Lambalot]]></name>
		<account><![CDATA[Alphawave Semi]]></account>
		<contact><![CDATA[Lambalot, Daniel]]></contact>
		<contactid>0035f00000h6w2Y</contactid>
		<date>2024-02-08</date>
		<time><![CDATA[2:00]]></time>
		<datetime>2024-02-08T22:01:00.000Z</datetime>
		<track><![CDATA[]]></track>
		<tracknum></tracknum>
		<sessionnum>B-202</sessionnum>
		<starttime><![CDATA[]]></starttime>
		<roomnum></roomnum>
		<room><![CDATA[GAMR 2 (Great America Meeting Room 2)]]></room>
		<speakerdetails><![CDATA[]]></speakerdetails>
		<speakertype>Panelist</speakertype>
		<speakerbio><![CDATA[]]></speakerbio>
		<speakertitle><![CDATA[Sr Principal Package Designer]]></speakertitle>
		<dayoftheweek><![CDATA[Thursday]]></dayoftheweek>
		<speakerimageurl><![CDATA[]]></speakerimageurl>
		<speakerhierarchy></speakerhierarchy>
		<publish>a0q5f0000044zmaAAA</publish>
	</speaker>
	<speaker>
		<id>a15VV000000cPIL</id>
		<sessionname><![CDATA[B-202: Best Packaging for Chiplets Today (Panel)]]></sessionname>
		<sessionid>a13VV000002p0r7</sessionid>
		<name><![CDATA[Nokibul Islam]]></name>
		<account><![CDATA[JCET Group]]></account>
		<contact><![CDATA[Islam, Nokibul]]></contact>
		<contactid>0035f00000h7hJy</contactid>
		<date>2024-02-08</date>
		<time><![CDATA[2:00]]></time>
		<datetime>2024-02-08T22:01:00.000Z</datetime>
		<track><![CDATA[]]></track>
		<tracknum></tracknum>
		<sessionnum>B-202</sessionnum>
		<starttime><![CDATA[]]></starttime>
		<roomnum></roomnum>
		<room><![CDATA[GAMR 2 (Great America Meeting Room 2)]]></room>
		<speakerdetails><![CDATA[]]></speakerdetails>
		<speakertype>Panelist</speakertype>
		<speakerbio><![CDATA[]]></speakerbio>
		<speakertitle><![CDATA[Director Group Technology Strategy]]></speakertitle>
		<dayoftheweek><![CDATA[Thursday]]></dayoftheweek>
		<speakerimageurl><![CDATA[]]></speakerimageurl>
		<speakerhierarchy></speakerhierarchy>
		<publish>a0q5f0000044zmaAAA</publish>
	</speaker>
	<speaker>
		<id>a15VV000000a9GG</id>
		<sessionname><![CDATA[B-203: Chiplets in 2029 and How We Got There (Panel)]]></sessionname>
		<sessionid>a13VV000002p0rB</sessionid>
		<name><![CDATA[Paul Borrill]]></name>
		<account><![CDATA[Daedaelus]]></account>
		<contact><![CDATA[Borrill, Paul]]></contact>
		<contactid>0035f00000SXV8X</contactid>
		<date>2024-02-08</date>
		<time><![CDATA[3:30]]></time>
		<datetime>2024-02-08T23:30:00.000Z</datetime>
		<track><![CDATA[]]></track>
		<tracknum></tracknum>
		<sessionnum>B-203</sessionnum>
		<starttime><![CDATA[]]></starttime>
		<roomnum></roomnum>
		<room><![CDATA[GAMR 3 (Great America Meeting Room 3)]]></room>
		<speakerdetails><![CDATA[]]></speakerdetails>
		<speakertype>Organizer</speakertype>
		<speakerbio><![CDATA[Paul Borrill is founder and Chief Product Officer of Daedaelus and a leading industry expert on resilient network and storage infrastructures. He has been a major contributor to modern infrastructure development at such technology-leading companies and organizations as NASA, Apple, Sun Microsystems, and Quantum. Paul was cofounder of the Hot Interconnects conference and founding chair of the Storage Networking Industry Association (SNIA). Paul was also VP Technical Activities and VP Standards for the IEEE Computer Society, the leading worldwide technical society for computer engineering. Paul earned a PhD in Physics from University College London. He has presented at many conferences on distributed systems and holds nine patents in that area.]]></speakerbio>
		<speakertitle><![CDATA[Chief Product Officer]]></speakertitle>
		<dayoftheweek><![CDATA[Thursday]]></dayoftheweek>
		<speakerimageurl><![CDATA[]]></speakerimageurl>
		<speakerhierarchy></speakerhierarchy>
		<publish>a0q5f0000044zmaAAA</publish>
	</speaker>
	<speaker>
		<id>a15VV000000a9GH</id>
		<sessionname><![CDATA[B-203: Chiplets in 2029 and How We Got There (Panel)]]></sessionname>
		<sessionid>a13VV000002p0rB</sessionid>
		<name><![CDATA[Bill Wong]]></name>
		<account><![CDATA[Electronic Design]]></account>
		<contact><![CDATA[Wong, Bill]]></contact>
		<contactid>0035f0000098F25</contactid>
		<date>2024-02-08</date>
		<time><![CDATA[3:30]]></time>
		<datetime>2024-02-08T23:30:00.000Z</datetime>
		<track><![CDATA[]]></track>
		<tracknum></tracknum>
		<sessionnum>B-203</sessionnum>
		<starttime><![CDATA[]]></starttime>
		<roomnum></roomnum>
		<room><![CDATA[GAMR 3 (Great America Meeting Room 3)]]></room>
		<speakerdetails><![CDATA[]]></speakerdetails>
		<speakertype>Moderator</speakertype>
		<speakerbio><![CDATA[Bill Wong is Editor of Electronic Design Magazine, as well as Senior Content Director of its parent organization, Endeavor Business Media. One of the best-known editors in the technical press, he is noted for his interviews, analysis, and project articles. He focuses on embedded, software, and systems applications in the magazine. He has solid technical credentials, having earned a BSEE at Georgia Tech and an MSCS at Rutgers. He still works on hardware and software projects, including C, C++, and PHP programming and hardware ranging from robotics to AI systems.]]></speakerbio>
		<speakertitle><![CDATA[Technology Editor]]></speakertitle>
		<dayoftheweek><![CDATA[Thursday]]></dayoftheweek>
		<speakerimageurl><![CDATA[]]></speakerimageurl>
		<speakerhierarchy></speakerhierarchy>
		<publish>a0q5f0000044zmaAAA</publish>
	</speaker>
	<speaker>
		<id>a15VV000000i7Ij</id>
		<sessionname><![CDATA[Special Presentation 4: Arm]]></sessionname>
		<sessionid>a13VV000002p0r2</sessionid>
		<name><![CDATA[Francisco Socal]]></name>
		<account><![CDATA[Arm]]></account>
		<contact><![CDATA[Socal, Francisco]]></contact>
		<contactid>003VV0000031esv</contactid>
		<date>2024-02-08</date>
		<time><![CDATA[11:20]]></time>
		<datetime>2024-02-08T19:20:00.000Z</datetime>
		<track><![CDATA[]]></track>
		<tracknum></tracknum>
		<sessionnum>SP-4</sessionnum>
		<starttime><![CDATA[]]></starttime>
		<roomnum></roomnum>
		<room><![CDATA[GAB J (Great America Ballroom J)]]></room>
		<speakerdetails><![CDATA[]]></speakerdetails>
		<speakertype>Presenter</speakertype>
		<speakerbio><![CDATA[Francisco Socal is a Director of Product Management in Arm’s Architecture and Technology Group (ATG) for AMBA and other system architectures. He previously worked for Imagination Technologies and Supponor. He has extensive experience in image processing and embedded systems. Francisco earned a Master’s in Information Technology from the Helsinki Metropolia University of Applied Sciences.]]></speakerbio>
		<speakertitle><![CDATA[]]></speakertitle>
		<dayoftheweek><![CDATA[Thursday]]></dayoftheweek>
		<speakerimageurl><![CDATA[http://realintelligence.com/customers/expos/linkedin/1657353179279.jpeg]]></speakerimageurl>
		<speakerhierarchy></speakerhierarchy>
		<publish>a0q5f0000044zmaAAA</publish>
	</speaker>
	<speaker>
		<id>a15VV000000ioNh</id>
		<sessionname><![CDATA[Special Presentation 4: Arm]]></sessionname>
		<sessionid>a13VV000002p0r2</sessionid>
		<name><![CDATA[Mark Knight]]></name>
		<account><![CDATA[Arm]]></account>
		<contact><![CDATA[Knight, Mark]]></contact>
		<contactid>003VV0000031Xpq</contactid>
		<date>2024-02-08</date>
		<time><![CDATA[11:20]]></time>
		<datetime>2024-02-08T19:20:00.000Z</datetime>
		<track><![CDATA[]]></track>
		<tracknum></tracknum>
		<sessionnum>SP-4</sessionnum>
		<starttime><![CDATA[]]></starttime>
		<roomnum></roomnum>
		<room><![CDATA[GAB J (Great America Ballroom J)]]></room>
		<speakerdetails><![CDATA[]]></speakerdetails>
		<speakertype>Presenter</speakertype>
		<speakerbio><![CDATA[Mark Knight is a Director of Product Management in Arm’s Architecture and Technology Group (ATG) with responsibility for chiplet and security architectures. He previously worked for Microsoft and Thales e-Security. He has extensive experience in security (including confidential computing), scalable cloud computing, and full lifecycle software development. He earned a BS in computer science from the University of Hertfordshire (UK).]]></speakerbio>
		<speakertitle><![CDATA[Director Product Management]]></speakertitle>
		<dayoftheweek><![CDATA[Thursday]]></dayoftheweek>
		<speakerimageurl><![CDATA[http://realintelligence.com/customers/expos/linkedin/1657353179279.jpeg]]></speakerimageurl>
		<speakerhierarchy></speakerhierarchy>
		<publish>a0q5f0000044zmaAAA</publish>
	</speaker>
	<speaker>
		<id>a15VV000000kt6L</id>
		<sessionname><![CDATA[C-201: Making Chiplets a Viable Market (sponsored by SmartSoC Solutions)]]></sessionname>
		<sessionid>a13VV000002ybJi</sessionid>
		<name><![CDATA[Kevin Yee]]></name>
		<account><![CDATA[Samsung Semiconductor]]></account>
		<contact><![CDATA[Yee, Kevin]]></contact>
		<contactid>0035f00000h6w3m</contactid>
		<date>2024-02-08</date>
		<time><![CDATA[9:00]]></time>
		<datetime>2024-02-08T17:02:00.000Z</datetime>
		<track><![CDATA[]]></track>
		<tracknum></tracknum>
		<sessionnum>C-201</sessionnum>
		<starttime><![CDATA[]]></starttime>
		<roomnum></roomnum>
		<room><![CDATA[GAMR 3 (Great America Meeting Room 3)]]></room>
		<speakerdetails><![CDATA[]]></speakerdetails>
		<speakertype>Panelist</speakertype>
		<speakerbio><![CDATA[Ravi Agarwal is a Technical Sourcing Manager at Meta, where he focuses on chiplet strategy, advanced packaging architecture, supply chain, strategic sourcing, and open ecosystem development. He also is the Chair of the IEEE Electronic Packaging Society’s Silicon Valley chapter and the Lead of the ODSA Chiplet Business Working Group. He was previously Director of Strategy and Chief of Staff for a Corporate VP at Intel and Director of Product Management at Amkor. He earned a PhD in Materials Science and Engineering at North Carolina State University and an MBA from UC Berkeley. He has 14 published papers and holds three patents.]]></speakerbio>
		<speakertitle><![CDATA[Sr Director]]></speakertitle>
		<dayoftheweek><![CDATA[Thursday]]></dayoftheweek>
		<speakerimageurl><![CDATA[]]></speakerimageurl>
		<speakerhierarchy></speakerhierarchy>
		<publish>a0q5f0000044zmaAAA</publish>
	</speaker>
	<speaker>
		<id>a15VV000000jvLV</id>
		<sessionname><![CDATA[C-202: Chiplets for Entrepreneurs - Making Money in the Chiplet Game]]></sessionname>
		<sessionid>a13VV000002p0r8</sessionid>
		<name><![CDATA[Vincent (Woopoung) Kim]]></name>
		<account><![CDATA[Samsung]]></account>
		<contact><![CDATA[Woopoung Kim, Vincent]]></contact>
		<contactid>003VV000001TDNe</contactid>
		<date>2024-02-08</date>
		<time><![CDATA[2:00]]></time>
		<datetime>2024-02-08T22:02:00.000Z</datetime>
		<track><![CDATA[]]></track>
		<tracknum></tracknum>
		<sessionnum>C-202</sessionnum>
		<starttime><![CDATA[]]></starttime>
		<roomnum></roomnum>
		<room><![CDATA[GAMR 3 (Great America Meeting Room 3)]]></room>
		<speakerdetails><![CDATA[]]></speakerdetails>
		<speakertype>Panelist</speakertype>
		<speakerbio><![CDATA[]]></speakerbio>
		<speakertitle><![CDATA[cEVP]]></speakertitle>
		<dayoftheweek><![CDATA[Thursday]]></dayoftheweek>
		<speakerimageurl><![CDATA[]]></speakerimageurl>
		<speakerhierarchy></speakerhierarchy>
		<publish>a0q5f0000044zmaAAA</publish>
	</speaker>
	<speaker>
		<id>a15VV000000Qemb</id>
		<sessionname><![CDATA[A-202: Design - 4]]></sessionname>
		<sessionid>a13VV000002p0r6</sessionid>
		<name><![CDATA[Bart Keppens]]></name>
		<account><![CDATA[Sofics]]></account>
		<contact><![CDATA[Keppens, Bart]]></contact>
		<contactid>003VV000001TDNE</contactid>
		<date>2024-02-08</date>
		<time><![CDATA[2:00]]></time>
		<datetime>2024-02-08T22:00:00.000Z</datetime>
		<track><![CDATA[]]></track>
		<tracknum></tracknum>
		<sessionnum>A-202</sessionnum>
		<starttime><![CDATA[]]></starttime>
		<roomnum></roomnum>
		<room><![CDATA[GAMR 1 (Great America Meeting Room 1)]]></room>
		<speakerdetails><![CDATA[]]></speakerdetails>
		<speakertype>Speaker</speakertype>
		<speakerbio><![CDATA[Bart Keppens is Chief Business Development at Sofics, a provider of IP for ESD protection. He focuses on worldwide channel development and on advancing ESD protection at meetings and conferences. He has authored over 40 peer-reviewed published articles at such meetings as International EOS/ESD Symposium on Design and System (IEDS), IEEE International Symposium on Circuits and Systems (ISCAS), and the Custom Integrated Circuits Conference (CICC), and in journals such as IEEE Transactions on Device and Materials Reliability. Before joining Sofics, he worked at imec. He earned an engineering degree from Groep T â International Hogeschool Leuven (Belgium).]]></speakerbio>
		<speakertitle><![CDATA[Chief Business Development]]></speakertitle>
		<dayoftheweek><![CDATA[Thursday]]></dayoftheweek>
		<speakerimageurl><![CDATA[]]></speakerimageurl>
		<speakerhierarchy></speakerhierarchy>
		<publish>a0q5f0000044zmaAAA</publish>
	</speaker>
	<speaker>
		<id>a15VV000000nTww</id>
		<sessionname><![CDATA[C-201: Making Chiplets a Viable Market (sponsored by SmartSoC Solutions)]]></sessionname>
		<sessionid>a13VV000002ybJi</sessionid>
		<name><![CDATA[Wolfgang Sauter]]></name>
		<account><![CDATA[Marvell]]></account>
		<contact><![CDATA[Sauter, Wolfgang]]></contact>
		<contactid>0035f00001Ai7d2</contactid>
		<date>2024-02-08</date>
		<time><![CDATA[9:00]]></time>
		<datetime>2024-02-08T17:02:00.000Z</datetime>
		<track><![CDATA[]]></track>
		<tracknum></tracknum>
		<sessionnum>C-201</sessionnum>
		<starttime><![CDATA[]]></starttime>
		<roomnum></roomnum>
		<room><![CDATA[GAMR 3 (Great America Meeting Room 3)]]></room>
		<speakerdetails><![CDATA[]]></speakerdetails>
		<speakertype>Panelist</speakertype>
		<speakerbio><![CDATA[Ravi Agarwal is a Technical Sourcing Manager at Meta, where he focuses on chiplet strategy, advanced packaging architecture, supply chain, strategic sourcing, and open ecosystem development. He also is the Chair of the IEEE Electronic Packaging Society’s Silicon Valley chapter and the Lead of the ODSA Chiplet Business Working Group. He was previously Director of Strategy and Chief of Staff for a Corporate VP at Intel and Director of Product Management at Amkor. He earned a PhD in Materials Science and Engineering at North Carolina State University and an MBA from UC Berkeley. He has 14 published papers and holds three patents.]]></speakerbio>
		<speakertitle><![CDATA[]]></speakertitle>
		<dayoftheweek><![CDATA[Thursday]]></dayoftheweek>
		<speakerimageurl><![CDATA[]]></speakerimageurl>
		<speakerhierarchy></speakerhierarchy>
		<publish>a0q5f0000044zmaAAA</publish>
	</speaker>
	<speaker>
		<id>a15VV000000aPEP</id>
		<sessionname><![CDATA[Keynote 5: Hyperion Technologies]]></sessionname>
		<sessionid>a13VV000002p0r1</sessionid>
		<name><![CDATA[Sam Salama]]></name>
		<account><![CDATA[Hyperion Technologies]]></account>
		<contact><![CDATA[Salama, Sam]]></contact>
		<contactid>0035f00000tIB6I</contactid>
		<date>2024-02-08</date>
		<time><![CDATA[10:50]]></time>
		<datetime>2024-02-08T18:50:00.000Z</datetime>
		<track><![CDATA[]]></track>
		<tracknum></tracknum>
		<sessionnum>K-5</sessionnum>
		<starttime><![CDATA[]]></starttime>
		<roomnum></roomnum>
		<room><![CDATA[GAB J (Great America Ballroom J)]]></room>
		<speakerdetails><![CDATA[]]></speakerdetails>
		<speakertype>Keynote Speaker</speakertype>
		<speakerbio><![CDATA[Sam Salama is the CEO of Hyperion Technologies, a manufacturer of microelectronic systems and advanced packaging. His goal is to develop new packaging and heterogeneous integration methods that will lead to more computing power at lower cost. Before founding Hyperion, he was a VP/GM at Intel, managing a $3B annual packaging and high-density interconnect substrate business. His organization led a network of 18 global high-volume factories producing more than 1B units annually. Dr. Salama played a key role in the development of EMIB (Embedded Multi-die Interconnect Bridge) and other Intel packaging and integration products. He holds over 130 patents and has published over 30 technical articles, book chapters, and industry reviews. He earned a PhD in materials engineering from the University of Central Florida.]]></speakerbio>
		<speakertitle><![CDATA[]]></speakertitle>
		<dayoftheweek><![CDATA[Thursday]]></dayoftheweek>
		<speakerimageurl><![CDATA[https://realintelligence.com/customers/expos/linkedin/1516287993596.jpeg]]></speakerimageurl>
		<speakerhierarchy></speakerhierarchy>
		<publish>a0q5f0000044zmaAAA</publish>
	</speaker>
	<speaker>
		<id>a155f00000AbsoU</id>
		<sessionname><![CDATA[A-201: Design - 3]]></sessionname>
		<sessionid>a13VV000002yZg7</sessionid>
		<name><![CDATA[Denis Dutoit]]></name>
		<account><![CDATA[CEA-List]]></account>
		<contact><![CDATA[Dutoit, Denis]]></contact>
		<contactid>0035f00000h8XuA</contactid>
		<date>2024-02-08</date>
		<time><![CDATA[9:00]]></time>
		<datetime>2024-02-08T17:00:00.000Z</datetime>
		<track><![CDATA[]]></track>
		<tracknum></tracknum>
		<sessionnum>A-201</sessionnum>
		<starttime><![CDATA[]]></starttime>
		<roomnum></roomnum>
		<room><![CDATA[GAMR 1 (Great America Meeting Room 1)]]></room>
		<speakerdetails><![CDATA[]]></speakerdetails>
		<speakertype>Speaker</speakertype>
		<speakerbio><![CDATA[Denis Dutoit is senior program manager for advanced computing and digital architectures at CEA-List, one of the worldÃÂ¢ÃÂÃÂs largest organizations for research in microelectronics, architecture, and system integration. He coordinated the European ExaNoDe project that developed a computer node demonstrator combining chiplets, an active interposer, and bare dies in a System-in-Package (SiP). He has also contributed to the architecture of the European Processor Initiative (EPI). His current focus is on architecture pathfinding into chiplet-based designs for automotive electronics. Before joining CEA, he was a system-on-chip architect at ST Microelectronics and ST Ericsson. He has authored or coauthored more than 20 articles, including invited talks and tutorials at IEEE conferences. He earned a PhD in signal processing from Telecom Paris (ENST).]]></speakerbio>
		<speakertitle><![CDATA[Program Manager]]></speakertitle>
		<dayoftheweek><![CDATA[Thursday]]></dayoftheweek>
		<speakerimageurl><![CDATA[]]></speakerimageurl>
		<speakerhierarchy></speakerhierarchy>
		<publish>a0q5f0000044zmaAAA</publish>
	</speaker>
	<speaker>
		<id>a15VV000000cPS1</id>
		<sessionname><![CDATA[B-203: Chiplets in 2029 and How We Got There (Panel)]]></sessionname>
		<sessionid>a13VV000002p0rB</sessionid>
		<name><![CDATA[Tom Hackenberg]]></name>
		<account><![CDATA[Yole Group]]></account>
		<contact><![CDATA[Hackenberg, Tom]]></contact>
		<contactid>0035f00001Aj6gn</contactid>
		<date>2024-02-08</date>
		<time><![CDATA[3:30]]></time>
		<datetime>2024-02-08T23:30:00.000Z</datetime>
		<track><![CDATA[]]></track>
		<tracknum></tracknum>
		<sessionnum>B-203</sessionnum>
		<starttime><![CDATA[]]></starttime>
		<roomnum></roomnum>
		<room><![CDATA[GAMR 3 (Great America Meeting Room 3)]]></room>
		<speakerdetails><![CDATA[]]></speakerdetails>
		<speakertype>Panelist</speakertype>
		<speakerbio><![CDATA[]]></speakerbio>
		<speakertitle><![CDATA[Principal Analyst]]></speakertitle>
		<dayoftheweek><![CDATA[Thursday]]></dayoftheweek>
		<speakerimageurl><![CDATA[]]></speakerimageurl>
		<speakerhierarchy></speakerhierarchy>
		<publish>a0q5f0000044zmaAAA</publish>
	</speaker>
	<speaker>
		<id>a155f00000AchOo</id>
		<sessionname><![CDATA[B-201: Integration - 1]]></sessionname>
		<sessionid>a13VV000002yU3m</sessionid>
		<name><![CDATA[Sylvie Joly]]></name>
		<account><![CDATA[CEA-List]]></account>
		<contact><![CDATA[Joly, Sylvie]]></contact>
		<contactid>0035f00001zp1WW</contactid>
		<date>2024-02-08</date>
		<time><![CDATA[9:00]]></time>
		<datetime>2024-02-08T17:01:00.000Z</datetime>
		<track><![CDATA[]]></track>
		<tracknum></tracknum>
		<sessionnum>B-201</sessionnum>
		<starttime><![CDATA[]]></starttime>
		<roomnum></roomnum>
		<room><![CDATA[GAMR 2 (Great America Meeting Room 2)]]></room>
		<speakerdetails><![CDATA[]]></speakerdetails>
		<speakertype>Speaker</speakertype>
		<speakerbio><![CDATA[Sylvie Joly is 3-D Integration and Marketing Partnerships Manager at CEA-LETI, where she works on such topics as wafer-to-wafer and die-to-wafer bonding, chiplets, interposers, and TSV technology. Before joining CEA, she was an R&D engineer and sales engineer at several companies including Hewlett Packard and Ericsson. She has given presentations at Photonics West and Leti Innovation Days. Sylvie earned an MS in Microelectronics from ISEP (Institut SupÃ©rieur d'Electronique de Paris) and a Masterâs in Marketing and Innovation from the Grenoble Ecole de Management (GEM).]]></speakerbio>
		<speakertitle><![CDATA[Partnerships Manager 3D Integration and Packaging]]></speakertitle>
		<dayoftheweek><![CDATA[Thursday]]></dayoftheweek>
		<speakerimageurl><![CDATA[]]></speakerimageurl>
		<speakerhierarchy></speakerhierarchy>
		<publish>a0q5f0000044zmaAAA</publish>
	</speaker>
	<speaker>
		<id>a15VV000000a9GO</id>
		<sessionname><![CDATA[C-202: Chiplets for Entrepreneurs - Making Money in the Chiplet Game]]></sessionname>
		<sessionid>a13VV000002p0r8</sessionid>
		<name><![CDATA[Vince Kohli]]></name>
		<account><![CDATA[Impact VC]]></account>
		<contact><![CDATA[Kohli, Vince]]></contact>
		<contactid>0035f00001AiBO2</contactid>
		<date>2024-02-08</date>
		<time><![CDATA[2:00]]></time>
		<datetime>2024-02-08T22:02:00.000Z</datetime>
		<track><![CDATA[]]></track>
		<tracknum></tracknum>
		<sessionnum>C-202</sessionnum>
		<starttime><![CDATA[]]></starttime>
		<roomnum></roomnum>
		<room><![CDATA[GAMR 3 (Great America Meeting Room 3)]]></room>
		<speakerdetails><![CDATA[]]></speakerdetails>
		<speakertype>Moderator</speakertype>
		<speakerbio><![CDATA[Vince Kohli is a private investor/advisor specializing in early-stage startups. He works with startups in areas ranging from bioengineering, life sciences, and pharma through blockchain, NFTs, and metaverse. His aim is to make companies public in 7 years or less and outperform other early-stage participants. He also serves as a startup judge for both Google and Stanford University and has been a business advisor for Facebook and Microsoft. He has raised over $800 million in venture money for companies in the program with which he works. He earned an MBA from the Wharton School in entrepreneurship and entrepreneurial studies.]]></speakerbio>
		<speakertitle><![CDATA[Tech Entrepreneur]]></speakertitle>
		<dayoftheweek><![CDATA[Thursday]]></dayoftheweek>
		<speakerimageurl><![CDATA[]]></speakerimageurl>
		<speakerhierarchy></speakerhierarchy>
		<publish>a0q5f0000044zmaAAA</publish>
	</speaker>
	<speaker>
		<id>a15VV000000rBdF</id>
		<sessionname><![CDATA[B-202: Best Packaging for Chiplets Today (Panel)]]></sessionname>
		<sessionid>a13VV000002p0r7</sessionid>
		<name><![CDATA[Laura Mirkarimi]]></name>
		<account><![CDATA[Adeia]]></account>
		<contact><![CDATA[Mirkarimi, Laura]]></contact>
		<contactid>0035f00000h6w2m</contactid>
		<date>2024-02-08</date>
		<time><![CDATA[2:00]]></time>
		<datetime>2024-02-08T22:01:00.000Z</datetime>
		<track><![CDATA[]]></track>
		<tracknum></tracknum>
		<sessionnum>B-202</sessionnum>
		<starttime><![CDATA[]]></starttime>
		<roomnum></roomnum>
		<room><![CDATA[GAMR 2 (Great America Meeting Room 2)]]></room>
		<speakerdetails><![CDATA[]]></speakerdetails>
		<speakertype>Panelist</speakertype>
		<speakerbio><![CDATA[]]></speakerbio>
		<speakertitle><![CDATA[]]></speakertitle>
		<dayoftheweek><![CDATA[Thursday]]></dayoftheweek>
		<speakerimageurl><![CDATA[]]></speakerimageurl>
		<speakerhierarchy></speakerhierarchy>
		<publish>a0q5f0000044zmaAAA</publish>
	</speaker>
	<speaker>
		<id>a15VV000000kt9Z</id>
		<sessionname><![CDATA[C-201: Making Chiplets a Viable Market (sponsored by SmartSoC Solutions)]]></sessionname>
		<sessionid>a13VV000002ybJi</sessionid>
		<name><![CDATA[Clint Walker]]></name>
		<account><![CDATA[Alphawave Semi]]></account>
		<contact><![CDATA[Walker, Clint]]></contact>
		<contactid>0035f00000OAMIS</contactid>
		<date>2024-02-08</date>
		<time><![CDATA[9:00]]></time>
		<datetime>2024-02-08T17:02:00.000Z</datetime>
		<track><![CDATA[]]></track>
		<tracknum></tracknum>
		<sessionnum>C-201</sessionnum>
		<starttime><![CDATA[]]></starttime>
		<roomnum></roomnum>
		<room><![CDATA[GAMR 3 (Great America Meeting Room 3)]]></room>
		<speakerdetails><![CDATA[]]></speakerdetails>
		<speakertype>Panelist</speakertype>
		<speakerbio><![CDATA[Ravi Agarwal is a Technical Sourcing Manager at Meta, where he focuses on chiplet strategy, advanced packaging architecture, supply chain, strategic sourcing, and open ecosystem development. He also is the Chair of the IEEE Electronic Packaging Society’s Silicon Valley chapter and the Lead of the ODSA Chiplet Business Working Group. He was previously Director of Strategy and Chief of Staff for a Corporate VP at Intel and Director of Product Management at Amkor. He earned a PhD in Materials Science and Engineering at North Carolina State University and an MBA from UC Berkeley. He has 14 published papers and holds three patents.]]></speakerbio>
		<speakertitle><![CDATA[VP Marketing]]></speakertitle>
		<dayoftheweek><![CDATA[Thursday]]></dayoftheweek>
		<speakerimageurl><![CDATA[]]></speakerimageurl>
		<speakerhierarchy></speakerhierarchy>
		<publish>a0q5f0000044zmaAAA</publish>
	</speaker>
	<speaker>
		<id>a15VV000000QW97</id>
		<sessionname><![CDATA[A-202: Design - 4]]></sessionname>
		<sessionid>a13VV000002p0r6</sessionid>
		<name><![CDATA[Vineet Pancholi]]></name>
		<account><![CDATA[Amkor Technologies]]></account>
		<contact><![CDATA[Pancholi, Vineet]]></contact>
		<contactid>0035f00000h8Xrq</contactid>
		<date>2024-02-08</date>
		<time><![CDATA[2:00]]></time>
		<datetime>2024-02-08T22:00:00.000Z</datetime>
		<track><![CDATA[]]></track>
		<tracknum></tracknum>
		<sessionnum>A-202</sessionnum>
		<starttime><![CDATA[]]></starttime>
		<roomnum></roomnum>
		<room><![CDATA[GAMR 1 (Great America Meeting Room 1)]]></room>
		<speakerdetails><![CDATA[]]></speakerdetails>
		<speakertype>Speaker</speakertype>
		<speakerbio><![CDATA[Vineet Pancholi is Sr Director Test Technology at Amkor, where he leads the development of RF and high-speed digital production test methodologies. Before joining Amkor, Vineet worked in test development at Microchip and Intel. He holds a patent on semiconductor device testers and earned master’s degrees in physics and electrical engineering from Arizona State University. He has written articles for Semiconductor Engineering, MEPTEC Report, and 3D InCites and has presented at such conferences as IEEE VLSI Test Symposium, MEPTEC Road to Chiplets, and the Technology Unites Global Summit.]]></speakerbio>
		<speakertitle><![CDATA[Sr Director Test Technology]]></speakertitle>
		<dayoftheweek><![CDATA[Thursday]]></dayoftheweek>
		<speakerimageurl><![CDATA[]]></speakerimageurl>
		<speakerhierarchy></speakerhierarchy>
		<publish>a0q5f0000044zmaAAA</publish>
	</speaker>
	<speaker>
		<id>a15VV000000MB9h</id>
		<sessionname><![CDATA[B-201: Integration - 1]]></sessionname>
		<sessionid>a13VV000002yU3m</sessionid>
		<name><![CDATA[Igor Elkanovich]]></name>
		<account><![CDATA[Global Unichip (GUC)]]></account>
		<contact><![CDATA[Elkanovich, Igor]]></contact>
		<contactid>0035f00000h6w1p</contactid>
		<date>2024-02-08</date>
		<time><![CDATA[9:00]]></time>
		<datetime>2024-02-08T17:01:00.000Z</datetime>
		<track><![CDATA[]]></track>
		<tracknum></tracknum>
		<sessionnum>B-201</sessionnum>
		<starttime><![CDATA[]]></starttime>
		<roomnum></roomnum>
		<room><![CDATA[GAMR 2 (Great America Meeting Room 2)]]></room>
		<speakerdetails><![CDATA[]]></speakerdetails>
		<speakertype>Speaker</speakertype>
		<speakerbio><![CDATA[Igor Elkanovich is GUC's CTO, responsible for driving IP and methodology development using advanced silicon process and packaging technology, and supervising definition and execution of large-scale projects. He focuses on applications in AI, HPC, xPU and networking. Under his leadership, GUC has developed chiplet and HBM interface IP products that have won Best IP EE Awards for three consecutive years. He has over 30 years of state-of-the-art technical management experience with such companies as Broadlight, Infineon, and Freescale. He earned an MSEE from Baku University (USSR) and holds over 25 patents.]]></speakerbio>
		<speakertitle><![CDATA[CTO]]></speakertitle>
		<dayoftheweek><![CDATA[Thursday]]></dayoftheweek>
		<speakerimageurl><![CDATA[]]></speakerimageurl>
		<speakerhierarchy></speakerhierarchy>
		<publish>a0q5f0000044zmaAAA</publish>
	</speaker>
	<speaker>
		<id>a15VV000000a9G9</id>
		<sessionname><![CDATA[A-201: Design - 3]]></sessionname>
		<sessionid>a13VV000002yZg7</sessionid>
		<name><![CDATA[Feng Zhou]]></name>
		<account><![CDATA[Silicon Storage Technology]]></account>
		<contact><![CDATA[Zhou, Feng]]></contact>
		<contactid>0035f00001bMlys</contactid>
		<date>2024-02-08</date>
		<time><![CDATA[9:00]]></time>
		<datetime>2024-02-08T17:00:00.000Z</datetime>
		<track><![CDATA[]]></track>
		<tracknum></tracknum>
		<sessionnum>A-201</sessionnum>
		<starttime><![CDATA[]]></starttime>
		<roomnum></roomnum>
		<room><![CDATA[GAMR 1 (Great America Meeting Room 1)]]></room>
		<speakerdetails><![CDATA[]]></speakerdetails>
		<speakertype>Moderator</speakertype>
		<speakerbio><![CDATA[Feng Zhou is a senior member of technical staff at Microchip Technology. He holds 22 patents. He earned a PhD in Materials Science and Engineering at the University of Texas Austin.]]></speakerbio>
		<speakertitle><![CDATA[Sr Technical Staff]]></speakertitle>
		<dayoftheweek><![CDATA[Thursday]]></dayoftheweek>
		<speakerimageurl><![CDATA[]]></speakerimageurl>
		<speakerhierarchy></speakerhierarchy>
		<publish>a0q5f0000044zmaAAA</publish>
	</speaker>
	<speaker>
		<id>a15VV000000cPVF</id>
		<sessionname><![CDATA[B-203: Chiplets in 2029 and How We Got There (Panel)]]></sessionname>
		<sessionid>a13VV000002p0rB</sessionid>
		<name><![CDATA[Bapi Vinnakota]]></name>
		<account><![CDATA[Open Compute Project]]></account>
		<contact><![CDATA[Vinnakota, Bapi]]></contact>
		<contactid>0035f00000wBii2</contactid>
		<date>2024-02-08</date>
		<time><![CDATA[3:30]]></time>
		<datetime>2024-02-08T23:30:00.000Z</datetime>
		<track><![CDATA[]]></track>
		<tracknum></tracknum>
		<sessionnum>B-203</sessionnum>
		<starttime><![CDATA[]]></starttime>
		<roomnum></roomnum>
		<room><![CDATA[GAMR 3 (Great America Meeting Room 3)]]></room>
		<speakerdetails><![CDATA[]]></speakerdetails>
		<speakertype>Panelist</speakertype>
		<speakerbio><![CDATA[]]></speakerbio>
		<speakertitle><![CDATA[]]></speakertitle>
		<dayoftheweek><![CDATA[Thursday]]></dayoftheweek>
		<speakerimageurl><![CDATA[]]></speakerimageurl>
		<speakerhierarchy></speakerhierarchy>
		<publish>a0q5f0000044zmaAAA</publish>
	</speaker>
	<speaker>
		<id>a15VV000000utuf</id>
		<sessionname><![CDATA[C-202: Chiplets for Entrepreneurs - Making Money in the Chiplet Game]]></sessionname>
		<sessionid>a13VV000002p0r8</sessionid>
		<name><![CDATA[Scott Best]]></name>
		<account><![CDATA[Rambus]]></account>
		<contact><![CDATA[Best, Scott]]></contact>
		<contactid>0035f00000h6w1J</contactid>
		<date>2024-02-08</date>
		<time><![CDATA[2:00]]></time>
		<datetime>2024-02-08T22:02:00.000Z</datetime>
		<track><![CDATA[]]></track>
		<tracknum></tracknum>
		<sessionnum>C-202</sessionnum>
		<starttime><![CDATA[]]></starttime>
		<roomnum></roomnum>
		<room><![CDATA[GAMR 3 (Great America Meeting Room 3)]]></room>
		<speakerdetails><![CDATA[]]></speakerdetails>
		<speakertype>Panelist</speakertype>
		<speakerbio><![CDATA[]]></speakerbio>
		<speakertitle><![CDATA[]]></speakertitle>
		<dayoftheweek><![CDATA[Thursday]]></dayoftheweek>
		<speakerimageurl><![CDATA[]]></speakerimageurl>
		<speakerhierarchy></speakerhierarchy>
		<publish>a0q5f0000044zmaAAA</publish>
	</speaker>
	<speaker>
		<id>a15VV000000a9GF</id>
		<sessionname><![CDATA[B-202: Best Packaging for Chiplets Today (Panel)]]></sessionname>
		<sessionid>a13VV000002p0r7</sessionid>
		<name><![CDATA[Paul Franzon]]></name>
		<account><![CDATA[North Carolina State University]]></account>
		<contact><![CDATA[Franzon, Paul]]></contact>
		<contactid>0035f00000h8Y0J</contactid>
		<date>2024-02-08</date>
		<time><![CDATA[2:00]]></time>
		<datetime>2024-02-08T22:01:00.000Z</datetime>
		<track><![CDATA[]]></track>
		<tracknum></tracknum>
		<sessionnum>B-202</sessionnum>
		<starttime><![CDATA[]]></starttime>
		<roomnum></roomnum>
		<room><![CDATA[GAMR 2 (Great America Meeting Room 2)]]></room>
		<speakerdetails><![CDATA[]]></speakerdetails>
		<speakertype>Moderator</speakertype>
		<speakerbio><![CDATA[Paul Franzon is a professor and Director of Graduate Programs at North Carolina State University (NCSU). He is also the Site Director Center for Advanced Electronics through Machine Learning (CAEML). A well-known researcher, he has over 400 published papers in such journals as IEEE Transactions on VLSI Systems, IEEE Transactions on Circuits and Systems, and IEEE Electron Device Letters and at important conferences such as ECTC, 3DIC, IEDM, ICCAD, EPEPS, and SOCC. He has also written books and contributed chapters to them. Before joining the NCSU faculty, he worked at AT&amp;T Bell Laboratories and Australia Telecom. He has also founded four technology companies. He earned a PhD from the University of Adelaide (Adelaide, Australia). He is an IEEE Fellow and has received many research and teaching awards.]]></speakerbio>
		<speakertitle><![CDATA[Professor]]></speakertitle>
		<dayoftheweek><![CDATA[Thursday]]></dayoftheweek>
		<speakerimageurl><![CDATA[]]></speakerimageurl>
		<speakerhierarchy></speakerhierarchy>
		<publish>a0q5f0000044zmaAAA</publish>
	</speaker>
	<speaker>
		<id>a15VV000000a9GA</id>
		<sessionname><![CDATA[A-202: Design - 4]]></sessionname>
		<sessionid>a13VV000002p0r6</sessionid>
		<name><![CDATA[Pratyush Kamal]]></name>
		<account><![CDATA[Siemens EDA]]></account>
		<contact><![CDATA[Kamal, Pratyush]]></contact>
		<contactid>003VV000002xQq9</contactid>
		<date>2024-02-08</date>
		<time><![CDATA[2:00]]></time>
		<datetime>2024-02-08T22:00:00.000Z</datetime>
		<track><![CDATA[]]></track>
		<tracknum></tracknum>
		<sessionnum>A-202</sessionnum>
		<starttime><![CDATA[]]></starttime>
		<roomnum></roomnum>
		<room><![CDATA[GAMR 1 (Great America Meeting Room 1)]]></room>
		<speakerdetails><![CDATA[]]></speakerdetails>
		<speakertype>Moderator</speakertype>
		<speakerbio><![CDATA[Pratyush Kamal is a 3DIC Solutions Architect at Siemens EDA. An experienced silicon to systems architecture and technology lead, he previously worked at Google and Qualcomm. He has 3 publications and holds 20 patents. He earned a BSEE equivalent at IIT Delhi.]]></speakerbio>
		<speakertitle><![CDATA[3DIC Solutions Architect]]></speakertitle>
		<dayoftheweek><![CDATA[Thursday]]></dayoftheweek>
		<speakerimageurl><![CDATA[]]></speakerimageurl>
		<speakerhierarchy></speakerhierarchy>
		<publish>a0q5f0000044zmaAAA</publish>
	</speaker>
	<speaker>
		<id>a15VV000000aPG1</id>
		<sessionname><![CDATA[Keynote 6: Open Compute Project]]></sessionname>
		<sessionid>a13VV000002p0r3</sessionid>
		<name><![CDATA[Cliff Grossner]]></name>
		<account><![CDATA[Open Compute Project (OCP)]]></account>
		<contact><![CDATA[Grossner, Cliff]]></contact>
		<contactid>0035f00000OAM6P</contactid>
		<date>2024-02-08</date>
		<time><![CDATA[11:35]]></time>
		<datetime>2024-02-08T19:35:00.000Z</datetime>
		<track><![CDATA[]]></track>
		<tracknum></tracknum>
		<sessionnum>K-6</sessionnum>
		<starttime><![CDATA[]]></starttime>
		<roomnum></roomnum>
		<room><![CDATA[GAB J (Great America Ballroom J)]]></room>
		<speakerdetails><![CDATA[]]></speakerdetails>
		<speakertype>Keynote Speaker</speakertype>
		<speakerbio><![CDATA[Cliff Grossner is Chief Innovation Officer at OCP where he leads its market intelligence and drives new programs including guiding inventors in developing early-stage company ideas, setting strategic direction and building awareness of OCP, establishing new alliances, and launching new activities. Before joining OCP, he headed the Cloud and Data Research Practice at Informa Tech, where he worked on cloud services, data center compute and networking, and data center infrastructure. He previously held senior positions at Alcatel-Lucent, Bell Labs, and Nortel. He earned his PhD at McGill University (Canada) and holds over 10 patents in networking and telecommunications.]]></speakerbio>
		<speakertitle><![CDATA[Chief Innovation Officer]]></speakertitle>
		<dayoftheweek><![CDATA[Thursday]]></dayoftheweek>
		<speakerimageurl><![CDATA[https://realintelligence.com/customers/expos/00D5f000000Kf85/images/cliff.png]]></speakerimageurl>
		<speakerhierarchy></speakerhierarchy>
		<publish>a0q5f0000044zmaAAA</publish>
	</speaker>
	<speaker>
		<id>a15VV000000i7NZ</id>
		<sessionname><![CDATA[Special Presentation 3: SNIA]]></sessionname>
		<sessionid>a13VV000002p0r0</sessionid>
		<name><![CDATA[David McIntyre]]></name>
		<account><![CDATA[SNIA Board of Directors]]></account>
		<contact><![CDATA[McIntyre, David]]></contact>
		<contactid>003VV000001VsWh</contactid>
		<date>2024-02-08</date>
		<time><![CDATA[10:40]]></time>
		<datetime>2024-02-08T18:40:00.000Z</datetime>
		<track><![CDATA[]]></track>
		<tracknum></tracknum>
		<sessionnum>SP-3</sessionnum>
		<starttime><![CDATA[]]></starttime>
		<roomnum></roomnum>
		<room><![CDATA[GAB J (Great America Ballroom J)]]></room>
		<speakerdetails><![CDATA[]]></speakerdetails>
		<speakertype>Presenter</speakertype>
		<speakerbio><![CDATA[David McIntyre is Director Product Planning at Samsung Semiconductor, where he leads product planning and business enablement for computational storage. He focuses on data center cloud to edge acceleration solutions in data analytics, security, and AI. He has been a program participant at the Persistent Memory Summit, Flash Memory Summit, and other forums. Before joining Samsung, he worked at Xilinx on new data center initiatives including blockchain. He has also worked at Intel and Altera where he focused on storage, test, and measurement applications for FPGAs. He earned an MSEE from Ohio University and an MBA from San Jose State University.]]></speakerbio>
		<speakertitle><![CDATA[Member]]></speakertitle>
		<dayoftheweek><![CDATA[Thursday]]></dayoftheweek>
		<speakerimageurl><![CDATA[https://realintelligence.com/customers/expos/linkedin/1540427328193.jpeg]]></speakerimageurl>
		<speakerhierarchy></speakerhierarchy>
		<publish>a0q5f0000044zmaAAA</publish>
	</speaker>
	<speaker>
		<id>a15VV000000mWOz</id>
		<sessionname><![CDATA[B-203: Chiplets in 2029 and How We Got There (Panel)]]></sessionname>
		<sessionid>a13VV000002p0rB</sessionid>
		<name><![CDATA[Sridhar Valluru]]></name>
		<account><![CDATA[Arm]]></account>
		<contact><![CDATA[Valluru, Sridhar]]></contact>
		<contactid>003VV000003FJVF</contactid>
		<date>2024-02-08</date>
		<time><![CDATA[3:30]]></time>
		<datetime>2024-02-08T23:30:00.000Z</datetime>
		<track><![CDATA[]]></track>
		<tracknum></tracknum>
		<sessionnum>B-203</sessionnum>
		<starttime><![CDATA[]]></starttime>
		<roomnum></roomnum>
		<room><![CDATA[GAMR 3 (Great America Meeting Room 3)]]></room>
		<speakerdetails><![CDATA[]]></speakerdetails>
		<speakertype>Panelist</speakertype>
		<speakerbio><![CDATA[]]></speakerbio>
		<speakertitle><![CDATA[Director Product Management]]></speakertitle>
		<dayoftheweek><![CDATA[Thursday]]></dayoftheweek>
		<speakerimageurl><![CDATA[]]></speakerimageurl>
		<speakerhierarchy></speakerhierarchy>
		<publish>a0q5f0000044zmaAAA</publish>
	</speaker>
	<speaker>
		<id>a15VV000000cIry</id>
		<sessionname><![CDATA[B-202: Best Packaging for Chiplets Today (Panel)]]></sessionname>
		<sessionid>a13VV000002p0r7</sessionid>
		<name><![CDATA[Atom Watanabe]]></name>
		<account><![CDATA[IBM Research]]></account>
		<contact><![CDATA[Watanabe, Atom]]></contact>
		<contactid>0035f00000pckvT</contactid>
		<date>2024-02-08</date>
		<time><![CDATA[2:00]]></time>
		<datetime>2024-02-08T22:01:00.000Z</datetime>
		<track><![CDATA[]]></track>
		<tracknum></tracknum>
		<sessionnum>B-202</sessionnum>
		<starttime><![CDATA[]]></starttime>
		<roomnum></roomnum>
		<room><![CDATA[GAMR 2 (Great America Meeting Room 2)]]></room>
		<speakerdetails><![CDATA[]]></speakerdetails>
		<speakertype>Panelist</speakertype>
		<speakerbio><![CDATA[]]></speakerbio>
		<speakertitle><![CDATA[Research Staff Member]]></speakertitle>
		<dayoftheweek><![CDATA[Thursday]]></dayoftheweek>
		<speakerimageurl><![CDATA[]]></speakerimageurl>
		<speakerhierarchy></speakerhierarchy>
		<publish>a0q5f0000044zmaAAA</publish>
	</speaker>
	<speaker>
		<id>a15VV000000jvJt</id>
		<sessionname><![CDATA[C-202: Chiplets for Entrepreneurs - Making Money in the Chiplet Game]]></sessionname>
		<sessionid>a13VV000002p0r8</sessionid>
		<name><![CDATA[Keith Witek]]></name>
		<account><![CDATA[Tenstorrent]]></account>
		<contact><![CDATA[Witek, Keith]]></contact>
		<contactid>003VV0000038ZiS</contactid>
		<date>2024-02-08</date>
		<time><![CDATA[2:00]]></time>
		<datetime>2024-02-08T22:02:00.000Z</datetime>
		<track><![CDATA[]]></track>
		<tracknum></tracknum>
		<sessionnum>C-202</sessionnum>
		<starttime><![CDATA[]]></starttime>
		<roomnum></roomnum>
		<room><![CDATA[GAMR 3 (Great America Meeting Room 3)]]></room>
		<speakerdetails><![CDATA[]]></speakerdetails>
		<speakertype>Panelist</speakertype>
		<speakerbio><![CDATA[]]></speakerbio>
		<speakertitle><![CDATA[COO]]></speakertitle>
		<dayoftheweek><![CDATA[Thursday]]></dayoftheweek>
		<speakerimageurl><![CDATA[]]></speakerimageurl>
		<speakerhierarchy></speakerhierarchy>
		<publish>a0q5f0000044zmaAAA</publish>
	</speaker>
	<speaker>
		<id>a15VV00000079BR</id>
		<sessionname><![CDATA[B-201: Integration - 1]]></sessionname>
		<sessionid>a13VV000002yU3m</sessionid>
		<name><![CDATA[Nicolas Pantano]]></name>
		<account><![CDATA[imec]]></account>
		<contact><![CDATA[Pantano, Nicolas]]></contact>
		<contactid>0035f00000yghal</contactid>
		<date>2024-02-08</date>
		<time><![CDATA[9:00]]></time>
		<datetime>2024-02-08T17:01:00.000Z</datetime>
		<track><![CDATA[]]></track>
		<tracknum></tracknum>
		<sessionnum>B-201</sessionnum>
		<starttime><![CDATA[]]></starttime>
		<roomnum></roomnum>
		<room><![CDATA[GAMR 2 (Great America Meeting Room 2)]]></room>
		<speakerdetails><![CDATA[]]></speakerdetails>
		<speakertype>Speaker</speakertype>
		<speakerbio><![CDATA[Nicolas Pantano is a Principal Member of Technical Staff at imec, where he works on high-bandwidth electrical and optical interconnects for 2.5D/3D integrated systems. He has 21 publications, including an article in the Journal of Lightwave Technology and conference presentations at ECTC, ECOC, EOS/ESD Symposium, and the IEEE Symposium on VLSI Technology. He earned a PhD in electrical engineering from KU Leuven (Belgium), comparing electrical versus optical communication for high bandwidth in-package communications.]]></speakerbio>
		<speakertitle><![CDATA[Principal MTS]]></speakertitle>
		<dayoftheweek><![CDATA[Thursday]]></dayoftheweek>
		<speakerimageurl><![CDATA[]]></speakerimageurl>
		<speakerhierarchy></speakerhierarchy>
		<publish>a0q5f0000044zmaAAA</publish>
	</speaker>
	<speaker>
		<id>a15VV000000cPQP</id>
		<sessionname><![CDATA[B-203: Chiplets in 2029 and How We Got There (Panel)]]></sessionname>
		<sessionid>a13VV000002p0rB</sessionid>
		<name><![CDATA[Jawad Nasrullah]]></name>
		<account><![CDATA[Palo Alto Electron]]></account>
		<contact><![CDATA[Nasrullah, Jawad]]></contact>
		<contactid>0035f00000h6w2s</contactid>
		<date>2024-02-08</date>
		<time><![CDATA[3:30]]></time>
		<datetime>2024-02-08T23:30:00.000Z</datetime>
		<track><![CDATA[]]></track>
		<tracknum></tracknum>
		<sessionnum>B-203</sessionnum>
		<starttime><![CDATA[]]></starttime>
		<roomnum></roomnum>
		<room><![CDATA[GAMR 3 (Great America Meeting Room 3)]]></room>
		<speakerdetails><![CDATA[]]></speakerdetails>
		<speakertype>Panelist</speakertype>
		<speakerbio><![CDATA[]]></speakerbio>
		<speakertitle><![CDATA[CEO]]></speakertitle>
		<dayoftheweek><![CDATA[Thursday]]></dayoftheweek>
		<speakerimageurl><![CDATA[]]></speakerimageurl>
		<speakerhierarchy></speakerhierarchy>
		<publish>a0q5f0000044zmaAAA</publish>
	</speaker>
	<speaker>
		<id>a15VV000000oEe5</id>
		<sessionname><![CDATA[C-202: Chiplets for Entrepreneurs - Making Money in the Chiplet Game]]></sessionname>
		<sessionid>a13VV000002p0r8</sessionid>
		<name><![CDATA[Brian Faith]]></name>
		<account><![CDATA[QuickLogic]]></account>
		<contact><![CDATA[Faith, Brian]]></contact>
		<contactid>0035f00000h6j6i</contactid>
		<date>2024-02-08</date>
		<time><![CDATA[2:00]]></time>
		<datetime>2024-02-08T22:02:00.000Z</datetime>
		<track><![CDATA[]]></track>
		<tracknum></tracknum>
		<sessionnum>C-202</sessionnum>
		<starttime><![CDATA[]]></starttime>
		<roomnum></roomnum>
		<room><![CDATA[GAMR 3 (Great America Meeting Room 3)]]></room>
		<speakerdetails><![CDATA[]]></speakerdetails>
		<speakertype>Panelist</speakertype>
		<speakerbio><![CDATA[]]></speakerbio>
		<speakertitle><![CDATA[CEO]]></speakertitle>
		<dayoftheweek><![CDATA[Thursday]]></dayoftheweek>
		<speakerimageurl><![CDATA[]]></speakerimageurl>
		<speakerhierarchy></speakerhierarchy>
		<publish>a0q5f0000044zmaAAA</publish>
	</speaker>
</speakerlist>
