<?xml version="1.0" encoding="UTF-8"?>
<presentationlist lastupdate="2024-02-11 23:29:23">
	<presentation>
		<id>a0t5f000004BbEj</id>
		<name><![CDATA[Early Predictive Mechanical Analysis Workflow for Chiplet-Based Designs]]></name>
		<date>2024-02-08</date>
		<track><![CDATA[Design/Security]]></track>
		<tracknumber></tracknumber>
		<sessionid>a13VV000002yZg7</sessionid>
		<sessionnum></sessionnum>
		<session><![CDATA[A-201: Design - 3]]></session>
		<moderator><![CDATA[false]]></moderator>
		<speaker><![CDATA[Subramanian Lalgudi]]></speaker>
		<speakertitle><![CDATA[]]></speakertitle>
		<speakerimage><![CDATA[]]></speakerimage>
		<speakeraccountdescription><![CDATA[]]></speakeraccountdescription>
		<account><![CDATA[Siemens EDA]]></account>
		<accountdescription><![CDATA[]]></accountdescription>
		<salutation><![CDATA[]]></salutation>
		<credentials><![CDATA[]]></credentials>
		<bio><![CDATA[Subramanian Lalgudi is a multi-physics solutions architect at Siemens EDA where he focuses on emerging areas such as 3-D ICs and power electronics. A leader in engineering simulation, he previously managed circuit simulation R&D at Ansys. He has participated in many conferences such as the International Integrated Reliability Workshop and the Conference on Electrical Performance of Electronic Packaging (EPEPS) and has 11 publications including an article in IEEE Transactions on Components, Packaging, and Manufacturing Technology. He earned a PhD in electrical engineering from Georgia Institute of Technology. About the Co-Authors; Lihong Cao is Sr Director Marketing/Engineering at ASE Group, where she is responsible for advanced packaging technology development for chiplets. She also works on heterogeneous integration, strategic planning, and business engagement. She led engineering operations for advanced SiP and Fanout Embedded Si Bridge technology. She was previously a Sr Manager at AMD, where she was a key contributor to TSV 2.5D/3D solutions. She holds several US patents, has published more than 70 technical papers, and has presented at many international conferences such as the Wafer-Level Packaging Symposium and the International Conference on Device Packaging. She earned a PhD in materials science and engineering. David Ratchkov is the CEO of Thrace Systems, a startup developing tools to handle early chiplet architecture exploration and design needs, such as 3DIC physical planning, netlist design, power, and thermal. An experienced hardware and software developer, he was previously a Principal Engineer at Broadcom, where he developed power analysis tools. He also leads the Chiplet Design Exchange (CDX) workstream under Open Compute Platform's Open Domain-Specific Architecture (ODSA) sub-project. He earned a masterÃ¢ÂÂs degree in mathematics and computer science from the University of Plovdiv (Bulgaria).]]></bio>
		<proceedingsfilename><![CDATA[20240208_A-201_Lalgudi]]></proceedingsfilename>
		<proceedingsfiletype><![CDATA[]]></proceedingsfiletype>
		<speaker2><![CDATA[]]></speaker2>
		<speaker2title><![CDATA[]]></speaker2title>
		<account2><![CDATA[]]></account2>
		<salutation2><![CDATA[]]></salutation2>
		<credentials2><![CDATA[]]></credentials2>
		<bio2><![CDATA[]]></bio2>
		<speaker3><![CDATA[]]></speaker3>
		<speaker3title><![CDATA[]]></speaker3title>
		<account3><![CDATA[]]></account3>
		<salutation3><![CDATA[]]></salutation3>
		<credentials3><![CDATA[]]></credentials3>
		<bio3><![CDATA[]]></bio3>
		<time><![CDATA[9:00]]></time>
		<starttime><![CDATA[]]></starttime>
		<roomnum></roomnum>
		<order></order>
		<room><![CDATA[]]></room>
		<abstract><![CDATA[The emergence of chiplets has led to new challenges in ensuring mechanical reliability. Now systems may include chiplets with varied material properties, thermal coefficients, and mechanical behavior. Existing mechanical simulation packages cannot handle such situations. A new package has been developed that allows for regions with differing characteristics. It provides special transition areas that connect the regions and produce fully validated results. Representative examples show how the new package works in practice.]]></abstract>
	</presentation>
	<presentation>
		<id>a0t5f000004Bcbn</id>
		<name><![CDATA[Wafer Level Technologies for Heterogeneous Chiplet Integration]]></name>
		<date>2024-02-08</date>
		<track><![CDATA[Interfaces - Integration - Applications]]></track>
		<tracknumber></tracknumber>
		<sessionid>a13VV000002yU3m</sessionid>
		<sessionnum></sessionnum>
		<session><![CDATA[B-201: Integration - 1]]></session>
		<moderator><![CDATA[false]]></moderator>
		<speaker><![CDATA[Sylvie Joly]]></speaker>
		<speakertitle><![CDATA[Partnerships Manager 3D Integration and Packaging]]></speakertitle>
		<speakerimage><![CDATA[]]></speakerimage>
		<speakeraccountdescription><![CDATA[]]></speakeraccountdescription>
		<account><![CDATA[CEA-List]]></account>
		<accountdescription><![CDATA[]]></accountdescription>
		<salutation><![CDATA[]]></salutation>
		<credentials><![CDATA[]]></credentials>
		<bio><![CDATA[Sylvie Joly is 3-D Integration and Marketing Partnerships Manager at CEA-LETI, where she works on such topics as wafer-to-wafer and die-to-wafer bonding, chiplets, interposers, and TSV technology. Before joining CEA, she was an R&D engineer and sales engineer at several companies including Hewlett Packard and Ericsson. She has given presentations at Photonics West and Leti Innovation Days. Sylvie earned an MS in Microelectronics from ISEP (Institut SupÃ©rieur d'Electronique de Paris) and a Masterâs in Marketing and Innovation from the Grenoble Ecole de Management (GEM).]]></bio>
		<proceedingsfilename><![CDATA[20240208_B-201_Joly]]></proceedingsfilename>
		<proceedingsfiletype><![CDATA[]]></proceedingsfiletype>
		<speaker2><![CDATA[]]></speaker2>
		<speaker2title><![CDATA[]]></speaker2title>
		<account2><![CDATA[]]></account2>
		<salutation2><![CDATA[]]></salutation2>
		<credentials2><![CDATA[]]></credentials2>
		<bio2><![CDATA[]]></bio2>
		<speaker3><![CDATA[]]></speaker3>
		<speaker3title><![CDATA[]]></speaker3title>
		<account3><![CDATA[]]></account3>
		<salutation3><![CDATA[]]></salutation3>
		<credentials3><![CDATA[]]></credentials3>
		<bio3><![CDATA[]]></bio3>
		<time><![CDATA[9:00]]></time>
		<starttime><![CDATA[]]></starttime>
		<roomnum></roomnum>
		<order></order>
		<room><![CDATA[]]></room>
		<abstract><![CDATA[Heterogeneous integration is a key technology for making electronic systems more efficient, smaller, and more functional. It combines different types of devices and materials into a single package. Several approaches are currently in use, including 2.5D interposer, 3D wafer-level integration (W2W and D2W), and sequential 3D integration. Today, there is a growing need to implement heterogenous integration for chiplets in applications ranging from advanced 3D SoC to photonics and quantum computing. CEA has developed a variety of heterogeneous integration technologies enabling higher performance, reduced size, and lower power consumption. The technologies have successfully produced known good dies and achieved high throughput and yield.]]></abstract>
	</presentation>
	<presentation>
		<id>a0tVV000000nDQp</id>
		<name><![CDATA[Evaluating Technical Approaches to Heterogeneous Integration]]></name>
		<date>2024-02-08</date>
		<track><![CDATA[Interfaces - Integration - Applications]]></track>
		<tracknumber></tracknumber>
		<sessionid>a13VV000002yU3m</sessionid>
		<sessionnum></sessionnum>
		<session><![CDATA[B-201: Integration - 1]]></session>
		<moderator><![CDATA[false]]></moderator>
		<speaker><![CDATA[Nicolas Pantano]]></speaker>
		<speakertitle><![CDATA[Principal MTS]]></speakertitle>
		<speakerimage><![CDATA[]]></speakerimage>
		<speakeraccountdescription><![CDATA[]]></speakeraccountdescription>
		<account><![CDATA[imec]]></account>
		<accountdescription><![CDATA[]]></accountdescription>
		<salutation><![CDATA[]]></salutation>
		<credentials><![CDATA[]]></credentials>
		<bio><![CDATA[Nicolas Pantano is a Principal Member of Technical Staff at imec, where he works on high-bandwidth electrical and optical interconnects for 2.5D/3D integrated systems. He has 21 publications, including an article in the Journal of Lightwave Technology and conference presentations at ECTC, ECOC, EOS/ESD Symposium, and the IEEE Symposium on VLSI Technology. He earned a PhD in electrical engineering from KU Leuven (Belgium), comparing electrical versus optical communication for high bandwidth in-package communications.]]></bio>
		<proceedingsfilename><![CDATA[20240208_B-201_Pantano]]></proceedingsfilename>
		<proceedingsfiletype><![CDATA[]]></proceedingsfiletype>
		<speaker2><![CDATA[]]></speaker2>
		<speaker2title><![CDATA[]]></speaker2title>
		<account2><![CDATA[]]></account2>
		<salutation2><![CDATA[]]></salutation2>
		<credentials2><![CDATA[]]></credentials2>
		<bio2><![CDATA[]]></bio2>
		<speaker3><![CDATA[]]></speaker3>
		<speaker3title><![CDATA[]]></speaker3title>
		<account3><![CDATA[]]></account3>
		<salutation3><![CDATA[]]></salutation3>
		<credentials3><![CDATA[]]></credentials3>
		<bio3><![CDATA[]]></bio3>
		<time><![CDATA[9:00]]></time>
		<starttime><![CDATA[]]></starttime>
		<roomnum></roomnum>
		<order></order>
		<room><![CDATA[]]></room>
		<abstract><![CDATA[Designing with chiplets requires a new step called heterogeneous integration, in which dies are integrated into a package and interconnected via a substrate. High bandwidth and low latency communications are essential to minimize performance losses compared to a monolithic approach. There are three common ways to integrate the chiplets: silicon interposers, Re-Distributing Layer (RDL) with integrated silicon bridges, and RDL interposers. The integrated silicon bridge option costs less than the silicon interposer approach. Although silicon interposers/bridges provide fine-pitch interconnects, new high-resolution polymers allow the routing of high-density interconnects directly on the RDL interposer. An example uses a 500nm line width/spacing RDL technology with pitch scaling on the number of routing layers. This approach is an excellent alternative to silicon interposers and bridges.]]></abstract>
	</presentation>
	<presentation>
		<id>a0tVV000003cWwT</id>
		<name><![CDATA[New Standards Control the Data/Storage Tsunami]]></name>
		<date>2024-02-08</date>
		<track><![CDATA[CS 2024 Keynotes]]></track>
		<tracknumber></tracknumber>
		<sessionid>a13VV000002p0r0</sessionid>
		<sessionnum></sessionnum>
		<session><![CDATA[Special Presentation 3: SNIA]]></session>
		<moderator><![CDATA[false]]></moderator>
		<speaker><![CDATA[David McIntyre]]></speaker>
		<speakertitle><![CDATA[Member]]></speakertitle>
		<speakerimage><![CDATA[https://realintelligence.com/customers/expos/linkedin/1540427328193.jpeg]]></speakerimage>
		<speakeraccountdescription><![CDATA[]]></speakeraccountdescription>
		<account><![CDATA[SNIA Board of Directors]]></account>
		<accountdescription><![CDATA[]]></accountdescription>
		<salutation><![CDATA[]]></salutation>
		<credentials><![CDATA[]]></credentials>
		<bio><![CDATA[David McIntyre is Director Product Planning at Samsung Semiconductor, where he leads product planning and business enablement for computational storage. He focuses on data center cloud to edge acceleration solutions in data analytics, security, and AI. He has been a program participant at the Persistent Memory Summit, Flash Memory Summit, and other forums. Before joining Samsung, he worked at Xilinx on new data center initiatives including blockchain. He has also worked at Intel and Altera where he focused on storage, test, and measurement applications for FPGAs. He earned an MSEE from Ohio University and an MBA from San Jose State University.]]></bio>
		<proceedingsfilename><![CDATA[20240208_SP-3_McIntyre]]></proceedingsfilename>
		<proceedingsfiletype><![CDATA[]]></proceedingsfiletype>
		<speaker2><![CDATA[]]></speaker2>
		<speaker2title><![CDATA[]]></speaker2title>
		<account2><![CDATA[]]></account2>
		<salutation2><![CDATA[]]></salutation2>
		<credentials2><![CDATA[]]></credentials2>
		<bio2><![CDATA[]]></bio2>
		<speaker3><![CDATA[]]></speaker3>
		<speaker3title><![CDATA[]]></speaker3title>
		<account3><![CDATA[]]></account3>
		<salutation3><![CDATA[]]></salutation3>
		<credentials3><![CDATA[]]></credentials3>
		<bio3><![CDATA[]]></bio3>
		<time><![CDATA[10:40]]></time>
		<starttime><![CDATA[]]></starttime>
		<roomnum></roomnum>
		<order></order>
		<room><![CDATA[]]></room>
		<abstract><![CDATA[]]></abstract>
	</presentation>
	<presentation>
		<id>a0tVV0000032yZT</id>
		<name><![CDATA[Creating the Connectivity Required for AI Everywhere]]></name>
		<date>2024-02-08</date>
		<track><![CDATA[CS 2024 Keynotes]]></track>
		<tracknumber></tracknumber>
		<sessionid>a13VV000002p0qz</sessionid>
		<sessionnum></sessionnum>
		<session><![CDATA[Keynote 4: Alphawave Semi]]></session>
		<moderator><![CDATA[false]]></moderator>
		<speaker><![CDATA[Tony Chan Carusone]]></speaker>
		<speakertitle><![CDATA[CTO]]></speakertitle>
		<speakerimage><![CDATA[https://realintelligence.com/customers/expos/00D5f000000Kf85/images/Tony%20Chan.png]]></speakerimage>
		<speakeraccountdescription><![CDATA[]]></speakeraccountdescription>
		<account><![CDATA[Alphawave Semi]]></account>
		<accountdescription><![CDATA[]]></accountdescription>
		<salutation><![CDATA[]]></salutation>
		<credentials><![CDATA[]]></credentials>
		<bio><![CDATA[Tony Chan Carusone is CTO at Alphawave Semi, where he focuses on developing IP for communicating and processing information. He is also a professor of electrical and computer engineering at the University of Toronto (Canada). He has over 100 published articles, including 11 award-winning best papers, and holds 7 patents. He has presented at many major conferences including ISSCC and the Custom Integrated Circuits Conference (CICC).and is an IEEE Fellow. He co-authored classic textbooks on “Analog Integrated Circuit Design” and “Microelectronic Circuits”. He earned a PhD in electrical engineering from the University of Toronto.]]></bio>
		<proceedingsfilename><![CDATA[20240208_K-4_Chan Carusone]]></proceedingsfilename>
		<proceedingsfiletype><![CDATA[]]></proceedingsfiletype>
		<speaker2><![CDATA[]]></speaker2>
		<speaker2title><![CDATA[]]></speaker2title>
		<account2><![CDATA[]]></account2>
		<salutation2><![CDATA[]]></salutation2>
		<credentials2><![CDATA[]]></credentials2>
		<bio2><![CDATA[]]></bio2>
		<speaker3><![CDATA[]]></speaker3>
		<speaker3title><![CDATA[]]></speaker3title>
		<account3><![CDATA[]]></account3>
		<salutation3><![CDATA[]]></salutation3>
		<credentials3><![CDATA[]]></credentials3>
		<bio3><![CDATA[]]></bio3>
		<time><![CDATA[10:10]]></time>
		<starttime><![CDATA[]]></starttime>
		<roomnum></roomnum>
		<order></order>
		<room><![CDATA[]]></room>
		<abstract><![CDATA[All major semiconductor companies now use chiplets for developing devices at leading-edge nodes. This approach requires a die-to-die interface within packages to provide very fast communications. Such an interface is particularly important for AI applications which are springing up everywhere, including both large systems and on the edge. AI requires high throughput, low latency, low energy consumption, and the ability to manage large data sets. The interface must handle needs ranging from enormous clusters requiring optical interconnects to portable, wearable, mobile, and remote systems that are extremely power-limited. It must also work with platforms such as the widely recognized ChatGPT® and others that are on the horizon. The right interface with the right ecosystem is critical for the new world of AI everywhere.]]></abstract>
	</presentation>
	<presentation>
		<id>a0tVV0000032oBz</id>
		<name><![CDATA[Creating a Vibrant Open Chiplet Economy]]></name>
		<date>2024-02-08</date>
		<track><![CDATA[CS 2024 Keynotes]]></track>
		<tracknumber></tracknumber>
		<sessionid>a13VV000002p0r3</sessionid>
		<sessionnum></sessionnum>
		<session><![CDATA[Keynote 6: Open Compute Project]]></session>
		<moderator><![CDATA[false]]></moderator>
		<speaker><![CDATA[Bapi Vinnakota]]></speaker>
		<speakertitle><![CDATA[]]></speakertitle>
		<speakerimage><![CDATA[https://realintelligence.com/customers/expos/00D5f000000Kf85/images/Bapi.png]]></speakerimage>
		<speakeraccountdescription><![CDATA[]]></speakeraccountdescription>
		<account><![CDATA[Open Compute Project]]></account>
		<accountdescription><![CDATA[]]></accountdescription>
		<salutation><![CDATA[]]></salutation>
		<credentials><![CDATA[]]></credentials>
		<bio><![CDATA[Bapi Vinnakota currently leads the Open Domain-Specific Architecture (ODSA) sub-project within the Open Compute Project (OCP). At OCP, he is working on the open chiplet economy, including the Bunch of Wires (BoW) die-to-die interconnect standard. He previously held engineering management positions at Broadcom, Netronome, and Intel. He has several publications on ODSA and BoW, including an invited talk at the ACM/IEEE International Workshop on System-Level Interconnect Pathfinding (SLIP), presentations at Hot Interconnects, and an article in IEEE Micro. He earned a PhD in computer engineering from Princeton University.]]></bio>
		<proceedingsfilename><![CDATA[20240208_K-6_Vinnakota]]></proceedingsfilename>
		<proceedingsfiletype><![CDATA[]]></proceedingsfiletype>
		<speaker2><![CDATA[Cliff Grossner]]></speaker2>
		<speaker2title><![CDATA[Chief Innovation Officer]]></speaker2title>
		<account2><![CDATA[Open Compute Project (OCP)]]></account2>
		<salutation2><![CDATA[]]></salutation2>
		<credentials2><![CDATA[]]></credentials2>
		<bio2><![CDATA[Cliff Grossner is Chief Innovation Officer at OCP where he leads its market intelligence and drives new programs including guiding inventors in developing early-stage company ideas, setting strategic direction and building awareness of OCP, establishing new alliances, and launching new activities. Before joining OCP, he headed the Cloud and Data Research Practice at Informa Tech, where he worked on cloud services, data center compute and networking, and data center infrastructure. He previously held senior positions at Alcatel-Lucent, Bell Labs, and Nortel. He earned his PhD at McGill University (Canada) and holds over 10 patents in networking and telecommunications.]]></bio2>
		<speaker3><![CDATA[]]></speaker3>
		<speaker3title><![CDATA[]]></speaker3title>
		<account3><![CDATA[]]></account3>
		<salutation3><![CDATA[]]></salutation3>
		<credentials3><![CDATA[]]></credentials3>
		<bio3><![CDATA[]]></bio3>
		<time><![CDATA[11:30]]></time>
		<starttime><![CDATA[]]></starttime>
		<roomnum></roomnum>
		<order></order>
		<room><![CDATA[]]></room>
		<abstract><![CDATA[Chiplets have arrived as the way to design very large chips at leading-edge nodes. But how can we take full advantage of the drop-in approach they offer, allowing designers to easily include existing designs at older nodes, IP, and chiplets from outside sources? The OCP believes that an open chiplet economy is the way to go. It will serve the needs of chiplet creators, ASIC designers, and those providing support such as design tools, test facilities, and professional services. Such an economy requires standards, tools, and best practices. The OCP is already pursuing projects that standardize design models, help establish 3rd party testing, improve supply chain methods, define best practices for assembly, and create a standard high- performance, low-power die-to-die interface. The open chiplet economy will benefit large and small organizations alike, and will create huge opportunities for economic growth worldwide.]]></abstract>
	</presentation>
	<presentation>
		<id>a0t5f000004BZ3e</id>
		<name><![CDATA[Model-Based System Design for Chiplet-Based Architectures]]></name>
		<date>2024-02-08</date>
		<track><![CDATA[Design/Security]]></track>
		<tracknumber></tracknumber>
		<sessionid>a13VV000002yZg7</sessionid>
		<sessionnum></sessionnum>
		<session><![CDATA[A-201: Design - 3]]></session>
		<moderator><![CDATA[false]]></moderator>
		<speaker><![CDATA[Denis Dutoit]]></speaker>
		<speakertitle><![CDATA[Program Manager]]></speakertitle>
		<speakerimage><![CDATA[]]></speakerimage>
		<speakeraccountdescription><![CDATA[CEA is a French Research and Technology Organization, focusing on low-carbon energies, defense and global security, information technologies and health technologies. Within the technology research unit of CEA, Leti and List institutes are active in the development of silicon technology, architecture of processors, system integration, cyberphysical systems, artificial intelligence hardware and software. CEA-Leti and CEA-List pioneer 3D integration research through the development of assembly technologies at Leti combined with advanced architectures designed at List.]]></speakeraccountdescription>
		<account><![CDATA[CEA-List]]></account>
		<accountdescription><![CDATA[]]></accountdescription>
		<salutation><![CDATA[]]></salutation>
		<credentials><![CDATA[]]></credentials>
		<bio><![CDATA[Denis Dutoit is senior program manager for advanced computing and digital architectures at CEA-List, one of the worldÃÂ¢ÃÂÃÂs largest organizations for research in microelectronics, architecture, and system integration. He coordinated the European ExaNoDe project that developed a computer node demonstrator combining chiplets, an active interposer, and bare dies in a System-in-Package (SiP). He has also contributed to the architecture of the European Processor Initiative (EPI). His current focus is on architecture pathfinding into chiplet-based designs for automotive electronics. Before joining CEA, he was a system-on-chip architect at ST Microelectronics and ST Ericsson. He has authored or coauthored more than 20 articles, including invited talks and tutorials at IEEE conferences. He earned a PhD in signal processing from Telecom Paris (ENST).]]></bio>
		<proceedingsfilename><![CDATA[20240208_A-201_Dutoit]]></proceedingsfilename>
		<proceedingsfiletype><![CDATA[]]></proceedingsfiletype>
		<speaker2><![CDATA[]]></speaker2>
		<speaker2title><![CDATA[]]></speaker2title>
		<account2><![CDATA[]]></account2>
		<salutation2><![CDATA[]]></salutation2>
		<credentials2><![CDATA[]]></credentials2>
		<bio2><![CDATA[]]></bio2>
		<speaker3><![CDATA[]]></speaker3>
		<speaker3title><![CDATA[]]></speaker3title>
		<account3><![CDATA[]]></account3>
		<salutation3><![CDATA[]]></salutation3>
		<credentials3><![CDATA[]]></credentials3>
		<bio3><![CDATA[]]></bio3>
		<time><![CDATA[9:00]]></time>
		<starttime><![CDATA[]]></starttime>
		<roomnum></roomnum>
		<order></order>
		<room><![CDATA[]]></room>
		<abstract><![CDATA[Chiplets and heterogeneous integration are changing the entire process of creating electronic systems. As hardware moves from monolithic devices to multi-chiplet architectures and software from standalone applications to coordinated and distributed services, designers must rethink workflows from the ground up to optimize performance, flexibility, and scalability. They must also include ways to make systems more sustainable during their entire lifetimes. Optimizing system development flow is essential to maximize global efficiency for algorithms, software stack, data coding, chiplet architecture, and advanced 3D integration. To manage a highly complex development flow requires the creation of models at various levels of abstraction, including models of computation and communications, digital twins, design platforms, and environmental impact models. Model-based system designs developed at CEA, together with several chiplet-enabling technology bricks, help with flows covering applications software, automotive electronics architectures, and integration technologies.]]></abstract>
	</presentation>
	<presentation>
		<id>a0tVV000001gdly</id>
		<name><![CDATA[Using a System-Level Model to Evaluate Heterogeneous Chiplet Architectures]]></name>
		<date>2024-02-08</date>
		<track><![CDATA[Design/Security]]></track>
		<tracknumber></tracknumber>
		<sessionid>a13VV000002yZg7</sessionid>
		<sessionnum></sessionnum>
		<session><![CDATA[A-201: Design - 3]]></session>
		<moderator><![CDATA[false]]></moderator>
		<speaker><![CDATA[Deepak Shankar]]></speaker>
		<speakertitle><![CDATA[Vice President Technology]]></speakertitle>
		<speakerimage><![CDATA[]]></speakerimage>
		<speakeraccountdescription><![CDATA[Mirabilis Design provides chiplet and UCIe system-level IP, modeling templates and architecture-trade-off platforms. The system-level IP contains timing, all the settings as parameters, power, thermal and protocol functionality. The modeling templates contains various AI, parallel processors, GPU, memory, analog and IO chiplet models that can be used to test, analyze, optimize and validate the system system. Mirabilis Design has over 80 customers in semiconductors, embedded systems and software. The company is based in Santa Clara, CA, USA and has development and support centers in India, Germany, South Korea, China and Japan.]]></speakeraccountdescription>
		<account><![CDATA[MIRABILIS DESIGN]]></account>
		<accountdescription><![CDATA[]]></accountdescription>
		<salutation><![CDATA[]]></salutation>
		<credentials><![CDATA[]]></credentials>
		<bio><![CDATA[Deepak Shankar is the Founder and Chief Technologist at Mirabilis Design, an EDA company. He has worked with customers on architecture exploration for over 150 semiconductor designs. He has presented at 50+ conferences on semiconductors, electronics, embedded systems, networks, and real-time software. His projects include AI processors, FPGAs, data center connectivity, automotive autonomous driving systems, and network switches. He has designed AI workloads, software benchmarks, and traces that provide a complete evaluation of the system. He created the first system modeling and simulation software that integrates model-based systems engineering with product development flow. He earned an MSEE from Clemson University (South Carolina).]]></bio>
		<proceedingsfilename><![CDATA[20240208_A-201_Shankar]]></proceedingsfilename>
		<proceedingsfiletype><![CDATA[]]></proceedingsfiletype>
		<speaker2><![CDATA[]]></speaker2>
		<speaker2title><![CDATA[]]></speaker2title>
		<account2><![CDATA[]]></account2>
		<salutation2><![CDATA[]]></salutation2>
		<credentials2><![CDATA[]]></credentials2>
		<bio2><![CDATA[]]></bio2>
		<speaker3><![CDATA[]]></speaker3>
		<speaker3title><![CDATA[]]></speaker3title>
		<account3><![CDATA[]]></account3>
		<salutation3><![CDATA[]]></salutation3>
		<credentials3><![CDATA[]]></credentials3>
		<bio3><![CDATA[]]></bio3>
		<time><![CDATA[9:00]]></time>
		<starttime><![CDATA[]]></starttime>
		<roomnum></roomnum>
		<order></order>
		<room><![CDATA[]]></room>
		<abstract><![CDATA[Todayâs complex chip designs at leading-edge nodes generally consist of multiple dies (or chiplets). The approach allows for dies from different manufacturers or processes, as well as reusable IP. Designers need a system-level model to evaluate different implementations of such complex situations. An example system consists of an I/O chiplet, low power core chiplet, high-performance core chiplet, audio-video chiplet, and analog chiplet, interconnected using the Universal Chiplet Interconnect Express (UCIe) standard. Our team considered several scenarios and configurations including advanced and standard packages, varied traffic profiles and resources, and a retimer to extend the reach and evaluate events on timeout. Identifying the strengths and weaknesses of the UCIe interconnect for mission applications helped us obtain the optimal configuration for each subsystem to meet performance, power, and functional requirements.]]></abstract>
	</presentation>
	<presentation>
		<id>a0tVV0000027YBz</id>
		<name><![CDATA[Controlling Production Test Costs for Chiplet-Based Design]]></name>
		<date>2024-02-08</date>
		<track><![CDATA[Design/Security]]></track>
		<tracknumber></tracknumber>
		<sessionid>a13VV000002p0r6</sessionid>
		<sessionnum></sessionnum>
		<session><![CDATA[A-202: Design - 4]]></session>
		<moderator><![CDATA[false]]></moderator>
		<speaker><![CDATA[Vineet Pancholi]]></speaker>
		<speakertitle><![CDATA[Sr Director Test Technology]]></speakertitle>
		<speakerimage><![CDATA[]]></speakerimage>
		<speakeraccountdescription><![CDATA[]]></speakeraccountdescription>
		<account><![CDATA[Amkor Technologies]]></account>
		<accountdescription><![CDATA[]]></accountdescription>
		<salutation><![CDATA[]]></salutation>
		<credentials><![CDATA[]]></credentials>
		<bio><![CDATA[Vineet Pancholi is Sr Director Test Technology at Amkor, where he leads the development of RF and high-speed digital production test methodologies. Before joining Amkor, Vineet worked in test development at Microchip and Intel. He holds a patent on semiconductor device testers and earned master’s degrees in physics and electrical engineering from Arizona State University. He has written articles for Semiconductor Engineering, MEPTEC Report, and 3D InCites and has presented at such conferences as IEEE VLSI Test Symposium, MEPTEC Road to Chiplets, and the Technology Unites Global Summit.]]></bio>
		<proceedingsfilename><![CDATA[20240208_A-202_Pancholi]]></proceedingsfilename>
		<proceedingsfiletype><![CDATA[]]></proceedingsfiletype>
		<speaker2><![CDATA[]]></speaker2>
		<speaker2title><![CDATA[]]></speaker2title>
		<account2><![CDATA[]]></account2>
		<salutation2><![CDATA[]]></salutation2>
		<credentials2><![CDATA[]]></credentials2>
		<bio2><![CDATA[]]></bio2>
		<speaker3><![CDATA[]]></speaker3>
		<speaker3title><![CDATA[]]></speaker3title>
		<account3><![CDATA[]]></account3>
		<salutation3><![CDATA[]]></salutation3>
		<credentials3><![CDATA[]]></credentials3>
		<bio3><![CDATA[]]></bio3>
		<time><![CDATA[2:00]]></time>
		<starttime><![CDATA[]]></starttime>
		<roomnum></roomnum>
		<order></order>
		<room><![CDATA[]]></room>
		<abstract><![CDATA[Chiplet-based design complicates production testing. Tests must cover individual chiplets, their interconnections (die-to-die interfaces such as UCIe), and the entire package. Testing can increase time-to-market greatly, and developers must limit such effects. They must stress automation, and consider new techniques such as agent-based monitoring. A thorough integration of test with the entire development process is essential. Manufacturing test flows must be altered for optimal coverage. System Level Test (SLT) will play a vital role, and content re-distribution may be necessary in each step.]]></abstract>
	</presentation>
	<presentation>
		<id>a0tVV00000294w8</id>
		<name><![CDATA[Protecting Against ESD in Die-to-Die Interfaces]]></name>
		<date>2024-02-08</date>
		<track><![CDATA[Design/Security]]></track>
		<tracknumber></tracknumber>
		<sessionid>a13VV000002p0r6</sessionid>
		<sessionnum></sessionnum>
		<session><![CDATA[A-202: Design - 4]]></session>
		<moderator><![CDATA[false]]></moderator>
		<speaker><![CDATA[Bart Keppens]]></speaker>
		<speakertitle><![CDATA[Chief Business Development]]></speakertitle>
		<speakerimage><![CDATA[]]></speakerimage>
		<speakeraccountdescription><![CDATA[Sofics (HQ in Belgium) is a foundry independent semiconductor IP provider that has supported 100+ companies worldwide with specialty on-chip ESD protection and custom I/O circuits. Fabless companies using Sofics IP can enable higher performance, higher robustness and reduce design time and cost. Our technology is used in die-2-die interfaces for several projects in IoT, imagers and optical datacenter communication. Sofics IP is available on the most advanced CMOS, SOI and FinFET processes.]]></speakeraccountdescription>
		<account><![CDATA[Sofics]]></account>
		<accountdescription><![CDATA[]]></accountdescription>
		<salutation><![CDATA[]]></salutation>
		<credentials><![CDATA[]]></credentials>
		<bio><![CDATA[Bart Keppens is Chief Business Development at Sofics, a provider of IP for ESD protection. He focuses on worldwide channel development and on advancing ESD protection at meetings and conferences. He has authored over 40 peer-reviewed published articles at such meetings as International EOS/ESD Symposium on Design and System (IEDS), IEEE International Symposium on Circuits and Systems (ISCAS), and the Custom Integrated Circuits Conference (CICC), and in journals such as IEEE Transactions on Device and Materials Reliability. Before joining Sofics, he worked at imec. He earned an engineering degree from Groep T â International Hogeschool Leuven (Belgium).]]></bio>
		<proceedingsfilename><![CDATA[20240208_A-202_Keppens]]></proceedingsfilename>
		<proceedingsfiletype><![CDATA[]]></proceedingsfiletype>
		<speaker2><![CDATA[]]></speaker2>
		<speaker2title><![CDATA[]]></speaker2title>
		<account2><![CDATA[]]></account2>
		<salutation2><![CDATA[]]></salutation2>
		<credentials2><![CDATA[]]></credentials2>
		<bio2><![CDATA[]]></bio2>
		<speaker3><![CDATA[]]></speaker3>
		<speaker3title><![CDATA[]]></speaker3title>
		<account3><![CDATA[]]></account3>
		<salutation3><![CDATA[]]></salutation3>
		<credentials3><![CDATA[]]></credentials3>
		<bio3><![CDATA[]]></bio3>
		<time><![CDATA[2:00]]></time>
		<starttime><![CDATA[]]></starttime>
		<roomnum></roomnum>
		<order></order>
		<room><![CDATA[]]></room>
		<abstract><![CDATA[Designers sometimes drop electrostatic discharge (ESD) protection clamps completely for die-to-die interfaces. Once sealed in the package, nothing can touch the pads so danger is unlikely. However, experts recommend some ESD protection to ensure the chiplet assembly process has enough yield. How much is enough? Industry experts recently settled on standards and robustness levels for chiplets. However, some designers still prefer to reduce robustness levels to allow smaller ESD diodes. This approach could cause problems as the interfaces use sensitive thin oxide transistors. Recent discussions focus on ESD events relevant to chiplets, industry proposals for ESD protection, and example solutions used in several applications. Special die-to-die ESD solutions have been used on a wide range of TSMC technologies.]]></abstract>
	</presentation>
	<presentation>
		<id>a0tVV000003Vlk9</id>
		<name><![CDATA[Reusable Chiplets for Heterogeneous Computing]]></name>
		<date>2024-02-08</date>
		<track><![CDATA[CS 2024 Keynotes]]></track>
		<tracknumber></tracknumber>
		<sessionid>a13VV000002p0r2</sessionid>
		<sessionnum></sessionnum>
		<session><![CDATA[Special Presentation 4: Arm]]></session>
		<moderator><![CDATA[false]]></moderator>
		<speaker><![CDATA[Francisco Socal]]></speaker>
		<speakertitle><![CDATA[]]></speakertitle>
		<speakerimage><![CDATA[http://realintelligence.com/customers/expos/linkedin/1657353179279.jpeg]]></speakerimage>
		<speakeraccountdescription><![CDATA[]]></speakeraccountdescription>
		<account><![CDATA[Arm]]></account>
		<accountdescription><![CDATA[]]></accountdescription>
		<salutation><![CDATA[]]></salutation>
		<credentials><![CDATA[]]></credentials>
		<bio><![CDATA[Francisco Socal is a Director of Product Management in Arm’s Architecture and Technology Group (ATG) for AMBA and other system architectures. He previously worked for Imagination Technologies and Supponor. He has extensive experience in image processing and embedded systems. Francisco earned a Master’s in Information Technology from the Helsinki Metropolia University of Applied Sciences.]]></bio>
		<proceedingsfilename><![CDATA[20240208_SP-4_Socal]]></proceedingsfilename>
		<proceedingsfiletype><![CDATA[]]></proceedingsfiletype>
		<speaker2><![CDATA[Mark Knight]]></speaker2>
		<speaker2title><![CDATA[Director Product Management]]></speaker2title>
		<account2><![CDATA[Arm]]></account2>
		<salutation2><![CDATA[]]></salutation2>
		<credentials2><![CDATA[]]></credentials2>
		<bio2><![CDATA[Mark Knight is a Director of Product Management in Arm’s Architecture and Technology Group (ATG) with responsibility for chiplet and security architectures. He previously worked for Microsoft and Thales e-Security. He has extensive experience in security (including confidential computing), scalable cloud computing, and full lifecycle software development. He earned a BS in computer science from the University of Hertfordshire (UK).]]></bio2>
		<speaker3><![CDATA[]]></speaker3>
		<speaker3title><![CDATA[]]></speaker3title>
		<account3><![CDATA[]]></account3>
		<salutation3><![CDATA[]]></salutation3>
		<credentials3><![CDATA[]]></credentials3>
		<bio3><![CDATA[]]></bio3>
		<time><![CDATA[11:20]]></time>
		<starttime><![CDATA[]]></starttime>
		<roomnum></roomnum>
		<order></order>
		<room><![CDATA[]]></room>
		<abstract><![CDATA[Achieving the potential of chiplets requires standardization. Well-defined chiplet types and a layered approach to standardization are prerequisites to a vibrant chiplet marketplace. A new family of standards will help designers build reusable chipsets that they can integrate into multiple systems. It will extend the Advanced Microcontroller Bus Architecture (AMBA)’s on-chip Coherent Bus Interface (CHI) to a chip-to-chip (C2C) version suitable for connecting chip(let)-to-chip(let). These initiatives will complement other chiplet standardization work such as UCIe to drive further alignment and collaboration.]]></abstract>
	</presentation>
	<presentation>
		<id>a0t5f000004BZ7x</id>
		<name><![CDATA[Functional Simulation and Verification Workflow for Chiplet-Based Systems]]></name>
		<date>2024-02-08</date>
		<track><![CDATA[Design/Security]]></track>
		<tracknumber></tracknumber>
		<sessionid>a13VV000002p0r6</sessionid>
		<sessionnum></sessionnum>
		<session><![CDATA[A-202: Design - 4]]></session>
		<moderator><![CDATA[false]]></moderator>
		<speaker><![CDATA[James Wong]]></speaker>
		<speakertitle><![CDATA[CTO]]></speakertitle>
		<speakerimage><![CDATA[]]></speakerimage>
		<speakeraccountdescription><![CDATA[Palo Alto Electron is a startup based in Silicon Valley that specializes in creating cutting-edge electronic chiplet-based systems. We utilize advanced packaging techniques tailored for chiplets and are actively developing the Chiplet Library, which includes chiplet components and IPs. Additionally, we have formed partnerships with other chiplet service providers and manufacturers at chiplet.us to enable the development and manufacturing of chiplet-based systems.]]></speakeraccountdescription>
		<account><![CDATA[Palo Alto Electron]]></account>
		<accountdescription><![CDATA[]]></accountdescription>
		<salutation><![CDATA[]]></salutation>
		<credentials><![CDATA[]]></credentials>
		<bio><![CDATA[James Wong is CTO at startup Palo Alto Electron, where he develops high-performance chiplets and chiplet design tools. He previously worked at zGlue, Oracle, Cisco, and Intel. James has made significant contributions to chiplet design and standardization projects such as the OCP CDXML, OCP chiplet models/integration workflow, and JEDEC JEP 30. He holds dual master's degrees in Computer Science and Electrical Engineering from the University of Michigan and the National University of Singapore, and has authored several influential industry publications.]]></bio>
		<proceedingsfilename><![CDATA[20240208_A-202_Wong]]></proceedingsfilename>
		<proceedingsfiletype><![CDATA[]]></proceedingsfiletype>
		<speaker2><![CDATA[Jawad Nasrullah]]></speaker2>
		<speaker2title><![CDATA[CEO]]></speaker2title>
		<account2><![CDATA[Palo Alto Electron]]></account2>
		<salutation2><![CDATA[]]></salutation2>
		<credentials2><![CDATA[]]></credentials2>
		<bio2><![CDATA[Jawad Nasrullah is CEO of Palo Alto Electron, a startup focused on doing research on heterogeneous integrated circuits and developing 3D-ICs for performance computing. He was previously President, CTO, and Co-Founder of ZGlue, the creator of a platform for developing chiplets as well as a marketplace for distributing them. Before co-founding ZGlue, he was an engineer at Samsung Electronics, Intel, and Sun Microsystems. He earned a PhD in EE at Stanford, has 6 publications, and holds 14 patents.]]></bio2>
		<speaker3><![CDATA[]]></speaker3>
		<speaker3title><![CDATA[]]></speaker3title>
		<account3><![CDATA[]]></account3>
		<salutation3><![CDATA[]]></salutation3>
		<credentials3><![CDATA[]]></credentials3>
		<bio3><![CDATA[]]></bio3>
		<time><![CDATA[2:00]]></time>
		<starttime><![CDATA[]]></starttime>
		<roomnum></roomnum>
		<order></order>
		<room><![CDATA[]]></room>
		<abstract><![CDATA[As chiplet-based designs become commonplace for high-performance chips, establishing robust connectivity among chiplets is critical to optimizing system performance and functionality. Standards such as JEDEC JEP 30 and CDXML help address the need. JEP 30 targets 3D stacking and advanced packaging, providing specifications for key interfaces such as UCIe and BoW. OCPâs CDX group is currently developing a functional simulation and verification workflow for system integration. It will describe the simulation environment and tools used to verify system-level functionality and performance of the interface protocols. Test strategies, functional coverage closure, and performance simulations help in validating the interoperability and targets of JEP 30 in a system implementation. The description includes efforts to integrate UCIe and BoW bump interfaces into the JEP 30 workflow for functional simulation and post-silicon validation. Future plans include verification of multi-chiplet system bring-up and using generative AI with the standard format to automate repetitive tasks such as creating test cases.]]></abstract>
	</presentation>
	<presentation>
		<id>a0tVV0000038LFQ</id>
		<name><![CDATA[New Packaging Technology Accelerates Major Compute Tasks]]></name>
		<date>2024-02-08</date>
		<track><![CDATA[CS 2024 Keynotes]]></track>
		<tracknumber></tracknumber>
		<sessionid>a13VV000002p0r1</sessionid>
		<sessionnum></sessionnum>
		<session><![CDATA[Keynote 5: Hyperion Technologies]]></session>
		<moderator><![CDATA[false]]></moderator>
		<speaker><![CDATA[Sam Salama]]></speaker>
		<speakertitle><![CDATA[]]></speakertitle>
		<speakerimage><![CDATA[https://realintelligence.com/customers/expos/linkedin/1516287993596.jpeg]]></speakerimage>
		<speakeraccountdescription><![CDATA[]]></speakeraccountdescription>
		<account><![CDATA[Hyperion Technologies]]></account>
		<accountdescription><![CDATA[]]></accountdescription>
		<salutation><![CDATA[]]></salutation>
		<credentials><![CDATA[]]></credentials>
		<bio><![CDATA[Sam Salama is the CEO of Hyperion Technologies, a manufacturer of microelectronic systems and advanced packaging. His goal is to develop new packaging and heterogeneous integration methods that will lead to more computing power at lower cost. Before founding Hyperion, he was a VP/GM at Intel, managing a $3B annual packaging and high-density interconnect substrate business. His organization led a network of 18 global high-volume factories producing more than 1B units annually. Dr. Salama played a key role in the development of EMIB (Embedded Multi-die Interconnect Bridge) and other Intel packaging and integration products. He holds over 130 patents and has published over 30 technical articles, book chapters, and industry reviews. He earned a PhD in materials engineering from the University of Central Florida.]]></bio>
		<proceedingsfilename><![CDATA[20240208_K-5_Salama]]></proceedingsfilename>
		<proceedingsfiletype><![CDATA[]]></proceedingsfiletype>
		<speaker2><![CDATA[]]></speaker2>
		<speaker2title><![CDATA[]]></speaker2title>
		<account2><![CDATA[]]></account2>
		<salutation2><![CDATA[]]></salutation2>
		<credentials2><![CDATA[]]></credentials2>
		<bio2><![CDATA[]]></bio2>
		<speaker3><![CDATA[]]></speaker3>
		<speaker3title><![CDATA[]]></speaker3title>
		<account3><![CDATA[]]></account3>
		<salutation3><![CDATA[]]></salutation3>
		<credentials3><![CDATA[]]></credentials3>
		<bio3><![CDATA[]]></bio3>
		<time><![CDATA[10:50]]></time>
		<starttime><![CDATA[]]></starttime>
		<roomnum></roomnum>
		<order></order>
		<room><![CDATA[]]></room>
		<abstract><![CDATA[Many rapidly emerging compute applications (especially generative AI) need vast computing power and memory capacity. A new 3D packaging technology (QCIA) offers a highly economical solution. It allows larger packages, much higher power dissipation (up to 1000 watts per package), and substrates that exceed 100 mm by 100 mm (beyond the limitations of silicon interposers and without the warpage issues). For example, a single package could hold compute and SRAM devices plus many high- bandwidth memory (HBM) stacks for AI acceleration. Even more should be possible soon as research into new technologies employing < 1-micrometer line/space redistribution layers and panel-processing technologies for bigger packages continues. The development of materials for systems with even higher power dissipation is also ongoing. The QCIA technology can both help meet thermal challenges and deliver fine-pitch connections. It can provide some of the smaller-better-cheaper progress that Moore’s Law can no longer offer.]]></abstract>
	</presentation>
</presentationlist>
