<?xml version="1.0" encoding="UTF-8"?>
<eventsetups>
<eventsetup>
	<id>a0q5f000000lcIn</id>
	<expoid></expoid>
	<name><![CDATA[SmartNICs Summit 2022]]></name>
	<publishedname><![CDATA[SmartNICs Summit 2022]]></publishedname>
	<logo>http://realintelligence.com/real-estate/floorplans/00D5f000000Kf85/images/SNSLogo_250px.png</logo>
	<mainimage><![CDATA[]]></mainimage>
	<startdate>2022-04-26</startdate>
	<enddate>2022-04-28</enddate>
	<starttime></starttime>
	<endtime></endtime>
	<numberofdays>3.0</numberofdays>
	<daysuntil>-656.0</daysuntil>
	<timezone>(GMT-07:00) Pacific Daylight Time (America/Tijuana)</timezone>
	<timezoneoffset>420.0</timezoneoffset>
	<status>Confirmed</status>
	<venue>San Jose DoubleTree Hotel</venue>
	<venuecity></venuecity>
	<venuestate></venuestate>
	<pricebookattendee></pricebookattendee>
	<maxoccupancy></maxoccupancy>
	<currentoccupancy>364.0</currentoccupancy>
	<signage><![CDATA[]]></signage>
	<producttype></producttype>
</eventsetup>
<eventsetup>
	<id>a0q5f000001WuE0</id>
	<expoid></expoid>
	<name><![CDATA[Chiplet Summit 2023]]></name>
	<publishedname><![CDATA[Chiplet Summit 2023]]></publishedname>
	<logo>https://chipletsummit.com/wp-content/uploads/2022/07/cropped-Chiplet-Logo.jpg</logo>
	<mainimage><![CDATA[]]></mainimage>
	<startdate>2023-01-24</startdate>
	<enddate>2023-01-26</enddate>
	<starttime></starttime>
	<endtime></endtime>
	<numberofdays>3.0</numberofdays>
	<daysuntil>-383.0</daysuntil>
	<timezone>(GMT-07:00) Pacific Daylight Time (America/Tijuana)</timezone>
	<timezoneoffset>420.0</timezoneoffset>
	<status>Confirmed</status>
	<venue>San Jose DoubleTree Hotel</venue>
	<venuecity></venuecity>
	<venuestate></venuestate>
	<pricebookattendee></pricebookattendee>
	<maxoccupancy></maxoccupancy>
	<currentoccupancy>582.0</currentoccupancy>
	<signage><![CDATA[]]></signage>
	<producttype></producttype>
</eventsetup>
<eventsetup>
	<id>a0qVV000000Jrmz</id>
	<expoid></expoid>
	<name><![CDATA[Chiplet Summit 2025]]></name>
	<publishedname><![CDATA[Chiplet Summit 2025]]></publishedname>
	<logo>https://chipletsummit.com/wp-content/uploads/2022/07/cropped-Chiplet-Logo.jpg</logo>
	<mainimage><![CDATA[]]></mainimage>
	<startdate>2025-01-21</startdate>
	<enddate>2025-01-23</enddate>
	<starttime></starttime>
	<endtime></endtime>
	<numberofdays>3.0</numberofdays>
	<daysuntil>345.0</daysuntil>
	<timezone>(GMT-07:00) Pacific Daylight Time (America/Tijuana)</timezone>
	<timezoneoffset>420.0</timezoneoffset>
	<status>Confirmed</status>
	<venue>Santa Clara Convention Center</venue>
	<venuecity></venuecity>
	<venuestate></venuestate>
	<pricebookattendee></pricebookattendee>
	<maxoccupancy></maxoccupancy>
	<currentoccupancy>6.0</currentoccupancy>
	<signage><![CDATA[]]></signage>
	<producttype></producttype>
</eventsetup>
<eventsetup>
	<id>a0q5f000003HkUt</id>
	<expoid></expoid>
	<name><![CDATA[SmartNICs Summit 2023]]></name>
	<publishedname><![CDATA[SmartNICs Summit 2023]]></publishedname>
	<logo>http://realintelligence.com/real-estate/floorplans/00D5f000000Kf85/images/SNSLogo_250px.png</logo>
	<mainimage><![CDATA[]]></mainimage>
	<startdate>2023-06-13</startdate>
	<enddate>2023-06-15</enddate>
	<starttime></starttime>
	<endtime></endtime>
	<numberofdays>3.0</numberofdays>
	<daysuntil>-243.0</daysuntil>
	<timezone>(GMT-07:00) Pacific Daylight Time (America/Tijuana)</timezone>
	<timezoneoffset>420.0</timezoneoffset>
	<status>Confirmed</status>
	<venue>San Jose DoubleTree Hotel</venue>
	<venuecity></venuecity>
	<venuestate></venuestate>
	<pricebookattendee></pricebookattendee>
	<maxoccupancy></maxoccupancy>
	<currentoccupancy>478.0</currentoccupancy>
	<signage><![CDATA[]]></signage>
	<producttype></producttype>
</eventsetup>
<eventsetup>
	<id>a0q5f0000044zma</id>
	<expoid></expoid>
	<name><![CDATA[Chiplet Summit 2024]]></name>
	<publishedname><![CDATA[Chiplet Summit 2024]]></publishedname>
	<logo>https://chipletsummit.com/wp-content/uploads/2022/07/cropped-Chiplet-Logo.jpg</logo>
	<mainimage><![CDATA[]]></mainimage>
	<startdate>2024-02-06</startdate>
	<enddate>2024-02-08</enddate>
	<starttime></starttime>
	<endtime></endtime>
	<numberofdays>3.0</numberofdays>
	<daysuntil>-5.0</daysuntil>
	<timezone>(GMT-07:00) Pacific Daylight Time (America/Tijuana)</timezone>
	<timezoneoffset>420.0</timezoneoffset>
	<status>Confirmed</status>
	<venue>Santa Clara Convention Center</venue>
	<venuecity></venuecity>
	<venuestate></venuestate>
	<pricebookattendee></pricebookattendee>
	<maxoccupancy></maxoccupancy>
	<currentoccupancy>906.0</currentoccupancy>
	<signage><![CDATA[]]></signage>
	<producttype></producttype>
</eventsetup>
</eventsetups>
