<?xml version="1.0" encoding="UTF-8"?>
<agendalist lastupdate="2024-02-11 23:29:18">
	<agenda>
		<id>a13VV000002p0qh</id>
		<name><![CDATA[Exhibits]]></name>
		<date>2024-02-07</date>
		<datetime>2024-02-07T20:00:00.000Z</datetime>
		<enddatetime>2024-02-07T22:00:00.000Z</enddatetime>
		<track><![CDATA[Exhibits]]></track>
		<tracknum></tracknum>
		<sessionnum></sessionnum>
		<session><![CDATA[]]></session>
		<sessionagenda><![CDATA[]]></sessionagenda>
		<time><![CDATA[]]></time>
		<starttime>12:00</starttime>
		<endtime>2:00 PM</endtime>
		<roomnum></roomnum>
		<roomlocation>Floor 1</roomlocation>
		<publishroom>false</publishroom>
		<room><![CDATA[Hall D]]></room>
		<openclosed></openclosed>
		<numberregistered>0.0</numberregistered>
		<zoomurl></zoomurl>
		<zoomrecordingurl></zoomrecordingurl>
		<sessionimageurl></sessionimageurl>
		<sessionimagetype></sessionimagetype>
		<meetingID></meetingID>
		<meetingpassword></meetingpassword>
	</agenda>
	<agenda>
		<id>a13VV000002p0qb</id>
		<name><![CDATA[Keynote 1: Applied Materials]]></name>
		<date>2024-02-07</date>
		<datetime>2024-02-07T18:10:00.000Z</datetime>
		<enddatetime>2024-02-07T18:40:00.000Z</enddatetime>
		<track><![CDATA[CS 2024 Keynotes]]></track>
		<tracknum></tracknum>
		<sessionnum>K-1</sessionnum>
		<session><![CDATA[]]></session>
		<sessionagenda><![CDATA[]]></sessionagenda>
		<time><![CDATA[]]></time>
		<starttime>10:10</starttime>
		<endtime>10:40 AM</endtime>
		<roomnum></roomnum>
		<roomlocation>Floor 1</roomlocation>
		<publishroom>false</publishroom>
		<room><![CDATA[GAB J (Great America Ballroom J)]]></room>
		<openclosed></openclosed>
		<numberregistered>0.0</numberregistered>
		<zoomurl></zoomurl>
		<zoomrecordingurl></zoomrecordingurl>
		<sessionimageurl></sessionimageurl>
		<sessionimagetype></sessionimagetype>
		<meetingID></meetingID>
		<meetingpassword></meetingpassword>
	</agenda>
	<agenda>
		<id>a13VV000003haua</id>
		<name><![CDATA[Wednesday Breakfast (sponsored by Chiplet.US)]]></name>
		<date>2024-02-07</date>
		<datetime>2024-02-07T15:30:00.000Z</datetime>
		<enddatetime>2024-02-07T16:45:00.000Z</enddatetime>
		<track><![CDATA[Registration]]></track>
		<tracknum></tracknum>
		<sessionnum></sessionnum>
		<session><![CDATA[]]></session>
		<sessionagenda><![CDATA[]]></sessionagenda>
		<time><![CDATA[]]></time>
		<starttime>7:30</starttime>
		<endtime>8:45 AM</endtime>
		<roomnum></roomnum>
		<roomlocation>Floor 1</roomlocation>
		<publishroom>false</publishroom>
		<room><![CDATA[GAB Lobby]]></room>
		<openclosed></openclosed>
		<numberregistered>0.0</numberregistered>
		<zoomurl></zoomurl>
		<zoomrecordingurl></zoomrecordingurl>
		<sessionimageurl></sessionimageurl>
		<sessionimagetype></sessionimagetype>
		<meetingID></meetingID>
		<meetingpassword></meetingpassword>
	</agenda>
	<agenda>
		<id>a13VV000002p0qp</id>
		<name><![CDATA[C-103: Best Way to Optimize Chiplets (Panel)]]></name>
		<date>2024-02-07</date>
		<datetime>2024-02-08T00:32:00.000Z</datetime>
		<enddatetime>2024-02-08T01:30:00.000Z</enddatetime>
		<track><![CDATA[Panel]]></track>
		<tracknum></tracknum>
		<sessionnum>C-103</sessionnum>
		<session><![CDATA[]]></session>
		<sessionagenda><![CDATA[]]></sessionagenda>
		<time><![CDATA[]]></time>
		<starttime>4:30</starttime>
		<endtime>5:30 PM</endtime>
		<roomnum></roomnum>
		<roomlocation>Floor 2</roomlocation>
		<publishroom>false</publishroom>
		<room><![CDATA[GAMR 3 (Great America Meeting Room 3)]]></room>
		<openclosed></openclosed>
		<numberregistered>0.0</numberregistered>
		<zoomurl></zoomurl>
		<zoomrecordingurl></zoomrecordingurl>
		<sessionimageurl></sessionimageurl>
		<sessionimagetype></sessionimagetype>
		<meetingID></meetingID>
		<meetingpassword></meetingpassword>
	</agenda>
	<agenda>
		<id>a13VV000002p0qe</id>
		<name><![CDATA[Special Presentation 2: Silicon Catalyst]]></name>
		<date>2024-02-07</date>
		<datetime>2024-02-07T19:20:00.000Z</datetime>
		<enddatetime>2024-02-07T19:30:00.000Z</enddatetime>
		<track><![CDATA[CS 2024 Keynotes]]></track>
		<tracknum></tracknum>
		<sessionnum>SP-2</sessionnum>
		<session><![CDATA[]]></session>
		<sessionagenda><![CDATA[]]></sessionagenda>
		<time><![CDATA[]]></time>
		<starttime>11:20</starttime>
		<endtime>11:30 AM</endtime>
		<roomnum></roomnum>
		<roomlocation>Floor 1</roomlocation>
		<publishroom>false</publishroom>
		<room><![CDATA[GAB J (Great America Ballroom J)]]></room>
		<openclosed></openclosed>
		<numberregistered>0.0</numberregistered>
		<zoomurl></zoomurl>
		<zoomrecordingurl></zoomrecordingurl>
		<sessionimageurl></sessionimageurl>
		<sessionimagetype></sessionimagetype>
		<meetingID></meetingID>
		<meetingpassword></meetingpassword>
	</agenda>
	<agenda>
		<id>a13VV000003hZLp</id>
		<name><![CDATA[Registration (sponsored by Achronix)]]></name>
		<date>2024-02-07</date>
		<datetime>2024-02-07T15:00:00.000Z</datetime>
		<enddatetime>2024-02-08T02:00:00.000Z</enddatetime>
		<track><![CDATA[Registration]]></track>
		<tracknum></tracknum>
		<sessionnum></sessionnum>
		<session><![CDATA[]]></session>
		<sessionagenda><![CDATA[]]></sessionagenda>
		<time><![CDATA[]]></time>
		<starttime>7:00</starttime>
		<endtime>6:00 PM</endtime>
		<roomnum></roomnum>
		<roomlocation>Floor 1</roomlocation>
		<publishroom>false</publishroom>
		<room><![CDATA[GAB Lobby]]></room>
		<openclosed></openclosed>
		<numberregistered>0.0</numberregistered>
		<zoomurl></zoomurl>
		<zoomrecordingurl></zoomrecordingurl>
		<sessionimageurl></sessionimageurl>
		<sessionimagetype></sessionimagetype>
		<meetingID></meetingID>
		<meetingpassword></meetingpassword>
	</agenda>
	<agenda>
		<id>a13VV000002p0qk</id>
		<name><![CDATA[C-101: Chiplets Drive Top Leading-Edge Designs]]></name>
		<date>2024-02-07</date>
		<datetime>2024-02-07T22:02:00.000Z</datetime>
		<enddatetime>2024-02-07T23:00:00.000Z</enddatetime>
		<track><![CDATA[Panel]]></track>
		<tracknum></tracknum>
		<sessionnum>C-101</sessionnum>
		<session><![CDATA[]]></session>
		<sessionagenda><![CDATA[]]></sessionagenda>
		<time><![CDATA[]]></time>
		<starttime>2:00</starttime>
		<endtime>3:00 PM</endtime>
		<roomnum></roomnum>
		<roomlocation>Floor 2</roomlocation>
		<publishroom>false</publishroom>
		<room><![CDATA[GAMR 3 (Great America Meeting Room 3)]]></room>
		<openclosed></openclosed>
		<numberregistered>0.0</numberregistered>
		<zoomurl></zoomurl>
		<zoomrecordingurl></zoomrecordingurl>
		<sessionimageurl></sessionimageurl>
		<sessionimagetype></sessionimagetype>
		<meetingID></meetingID>
		<meetingpassword></meetingpassword>
	</agenda>
	<agenda>
		<id>a13VV000002p0qm</id>
		<name><![CDATA[Wednesday PM Refreshment Break]]></name>
		<date>2024-02-07</date>
		<datetime>2024-02-07T23:00:00.000Z</datetime>
		<enddatetime>2024-02-07T23:15:00.000Z</enddatetime>
		<track><![CDATA[Break]]></track>
		<tracknum></tracknum>
		<sessionnum></sessionnum>
		<session><![CDATA[]]></session>
		<sessionagenda><![CDATA[]]></sessionagenda>
		<time><![CDATA[]]></time>
		<starttime>3:00</starttime>
		<endtime>3:15 PM</endtime>
		<roomnum></roomnum>
		<roomlocation></roomlocation>
		<publishroom>false</publishroom>
		<room><![CDATA[GAMR Hallway/GAB K Lobby]]></room>
		<openclosed></openclosed>
		<numberregistered>0.0</numberregistered>
		<zoomurl></zoomurl>
		<zoomrecordingurl></zoomrecordingurl>
		<sessionimageurl></sessionimageurl>
		<sessionimagetype></sessionimagetype>
		<meetingID></meetingID>
		<meetingpassword></meetingpassword>
	</agenda>
	<agenda>
		<id>a13VV000002p0qf</id>
		<name><![CDATA[Keynote 3: Micron]]></name>
		<date>2024-02-07</date>
		<datetime>2024-02-07T19:30:00.000Z</datetime>
		<enddatetime>2024-02-07T20:00:00.000Z</enddatetime>
		<track><![CDATA[CS 2024 Keynotes]]></track>
		<tracknum></tracknum>
		<sessionnum>K-3</sessionnum>
		<session><![CDATA[]]></session>
		<sessionagenda><![CDATA[]]></sessionagenda>
		<time><![CDATA[]]></time>
		<starttime>11:30</starttime>
		<endtime>12:00 PM</endtime>
		<roomnum></roomnum>
		<roomlocation>Floor 1</roomlocation>
		<publishroom>false</publishroom>
		<room><![CDATA[GAB J (Great America Ballroom J)]]></room>
		<openclosed></openclosed>
		<numberregistered>0.0</numberregistered>
		<zoomurl></zoomurl>
		<zoomrecordingurl></zoomrecordingurl>
		<sessionimageurl></sessionimageurl>
		<sessionimagetype></sessionimagetype>
		<meetingID></meetingID>
		<meetingpassword></meetingpassword>
	</agenda>
	<agenda>
		<id>a13VV000002p0qs</id>
		<name><![CDATA[A-103: Design - 2]]></name>
		<date>2024-02-07</date>
		<datetime>2024-02-08T00:30:00.000Z</datetime>
		<enddatetime>2024-02-08T01:30:00.000Z</enddatetime>
		<track><![CDATA[Design/Security]]></track>
		<tracknum></tracknum>
		<sessionnum>A-103</sessionnum>
		<session><![CDATA[]]></session>
		<sessionagenda><![CDATA[]]></sessionagenda>
		<time><![CDATA[]]></time>
		<starttime>4:30</starttime>
		<endtime>5:30 PM</endtime>
		<roomnum></roomnum>
		<roomlocation>Floor 2</roomlocation>
		<publishroom>false</publishroom>
		<room><![CDATA[GAMR 1 (Great America Meeting Room 1)]]></room>
		<openclosed></openclosed>
		<numberregistered>0.0</numberregistered>
		<zoomurl></zoomurl>
		<zoomrecordingurl></zoomrecordingurl>
		<sessionimageurl></sessionimageurl>
		<sessionimagetype></sessionimagetype>
		<meetingID></meetingID>
		<meetingpassword></meetingpassword>
	</agenda>
	<agenda>
		<id>a13VV000002p0qu</id>
		<name><![CDATA[C-102: Next Great Breakthrough in Chiplets (Panel)]]></name>
		<date>2024-02-07</date>
		<datetime>2024-02-07T23:17:00.000Z</datetime>
		<enddatetime>2024-02-08T00:15:00.000Z</enddatetime>
		<track><![CDATA[Panel]]></track>
		<tracknum></tracknum>
		<sessionnum>C-102</sessionnum>
		<session><![CDATA[]]></session>
		<sessionagenda><![CDATA[]]></sessionagenda>
		<time><![CDATA[]]></time>
		<starttime>3:15</starttime>
		<endtime>4:15 PM</endtime>
		<roomnum></roomnum>
		<roomlocation>Floor 2</roomlocation>
		<publishroom>false</publishroom>
		<room><![CDATA[GAMR 3 (Great America Meeting Room 3)]]></room>
		<openclosed></openclosed>
		<numberregistered>0.0</numberregistered>
		<zoomurl></zoomurl>
		<zoomrecordingurl></zoomrecordingurl>
		<sessionimageurl></sessionimageurl>
		<sessionimagetype></sessionimagetype>
		<meetingID></meetingID>
		<meetingpassword></meetingpassword>
	</agenda>
	<agenda>
		<id>a13VV000002p0qw</id>
		<name><![CDATA[Exhibits/Reception]]></name>
		<date>2024-02-07</date>
		<datetime>2024-02-08T01:30:00.000Z</datetime>
		<enddatetime>2024-02-08T03:30:00.000Z</enddatetime>
		<track><![CDATA[Exhibits]]></track>
		<tracknum></tracknum>
		<sessionnum></sessionnum>
		<session><![CDATA[]]></session>
		<sessionagenda><![CDATA[]]></sessionagenda>
		<time><![CDATA[]]></time>
		<starttime>5:30</starttime>
		<endtime>7:30 PM</endtime>
		<roomnum></roomnum>
		<roomlocation>Floor 1</roomlocation>
		<publishroom>false</publishroom>
		<room><![CDATA[Exhibit Hall (Hall D)]]></room>
		<openclosed></openclosed>
		<numberregistered>0.0</numberregistered>
		<zoomurl></zoomurl>
		<zoomrecordingurl></zoomrecordingurl>
		<sessionimageurl></sessionimageurl>
		<sessionimagetype></sessionimagetype>
		<meetingID></meetingID>
		<meetingpassword></meetingpassword>
	</agenda>
	<agenda>
		<id>a13VV000002p0ql</id>
		<name><![CDATA[D-101: Annual Update on Packaging]]></name>
		<date>2024-02-07</date>
		<datetime>2024-02-07T22:03:00.000Z</datetime>
		<enddatetime>2024-02-07T23:00:00.000Z</enddatetime>
		<track><![CDATA[Annual Update]]></track>
		<tracknum></tracknum>
		<sessionnum>D-101</sessionnum>
		<session><![CDATA[]]></session>
		<sessionagenda><![CDATA[]]></sessionagenda>
		<time><![CDATA[]]></time>
		<starttime>2:00</starttime>
		<endtime>3:00 PM</endtime>
		<roomnum></roomnum>
		<roomlocation>Floor 1</roomlocation>
		<publishroom>false</publishroom>
		<room><![CDATA[GAB J (Great America Ballroom J)]]></room>
		<openclosed></openclosed>
		<numberregistered>0.0</numberregistered>
		<zoomurl></zoomurl>
		<zoomrecordingurl></zoomrecordingurl>
		<sessionimageurl></sessionimageurl>
		<sessionimagetype></sessionimagetype>
		<meetingID></meetingID>
		<meetingpassword></meetingpassword>
	</agenda>
	<agenda>
		<id>a13VV000002p0qj</id>
		<name><![CDATA[B-101: Interfaces - 1]]></name>
		<date>2024-02-07</date>
		<datetime>2024-02-07T22:01:00.000Z</datetime>
		<enddatetime>2024-02-07T23:00:00.000Z</enddatetime>
		<track><![CDATA[Interfaces - Integration - Applications]]></track>
		<tracknum></tracknum>
		<sessionnum>B-101</sessionnum>
		<session><![CDATA[]]></session>
		<sessionagenda><![CDATA[]]></sessionagenda>
		<time><![CDATA[]]></time>
		<starttime>2:00</starttime>
		<endtime>3:00 PM</endtime>
		<roomnum></roomnum>
		<roomlocation>Floor 2</roomlocation>
		<publishroom>false</publishroom>
		<room><![CDATA[GAMR 2 (Great America Meeting Room 2)]]></room>
		<openclosed></openclosed>
		<numberregistered>0.0</numberregistered>
		<zoomurl></zoomurl>
		<zoomrecordingurl></zoomrecordingurl>
		<sessionimageurl></sessionimageurl>
		<sessionimagetype></sessionimagetype>
		<meetingID></meetingID>
		<meetingpassword></meetingpassword>
	</agenda>
	<agenda>
		<id>a13VV000002p0qt</id>
		<name><![CDATA[B-103: Interfaces - 2]]></name>
		<date>2024-02-07</date>
		<datetime>2024-02-08T00:31:00.000Z</datetime>
		<enddatetime>2024-02-08T01:30:00.000Z</enddatetime>
		<track><![CDATA[Interfaces - Integration - Applications]]></track>
		<tracknum></tracknum>
		<sessionnum>B-103</sessionnum>
		<session><![CDATA[]]></session>
		<sessionagenda><![CDATA[]]></sessionagenda>
		<time><![CDATA[]]></time>
		<starttime>4:30</starttime>
		<endtime>5:30 PM</endtime>
		<roomnum></roomnum>
		<roomlocation>Floor 2</roomlocation>
		<publishroom>false</publishroom>
		<room><![CDATA[GAMR 2 (Great America Meeting Room 2)]]></room>
		<openclosed></openclosed>
		<numberregistered>0.0</numberregistered>
		<zoomurl></zoomurl>
		<zoomrecordingurl></zoomrecordingurl>
		<sessionimageurl></sessionimageurl>
		<sessionimagetype></sessionimagetype>
		<meetingID></meetingID>
		<meetingpassword></meetingpassword>
	</agenda>
	<agenda>
		<id>a13VV000002p0qo</id>
		<name><![CDATA[B-102: Applications - 1]]></name>
		<date>2024-02-07</date>
		<datetime>2024-02-07T23:16:00.000Z</datetime>
		<enddatetime>2024-02-08T00:15:00.000Z</enddatetime>
		<track><![CDATA[Interfaces - Integration - Applications]]></track>
		<tracknum></tracknum>
		<sessionnum>B-102</sessionnum>
		<session><![CDATA[]]></session>
		<sessionagenda><![CDATA[]]></sessionagenda>
		<time><![CDATA[]]></time>
		<starttime>3:15</starttime>
		<endtime>4:15 PM</endtime>
		<roomnum></roomnum>
		<roomlocation>Floor 2</roomlocation>
		<publishroom>false</publishroom>
		<room><![CDATA[GAMR 2 (Great America Meeting Room 2)]]></room>
		<openclosed></openclosed>
		<numberregistered>0.0</numberregistered>
		<zoomurl></zoomurl>
		<zoomrecordingurl></zoomrecordingurl>
		<sessionimageurl></sessionimageurl>
		<sessionimagetype></sessionimagetype>
		<meetingID></meetingID>
		<meetingpassword></meetingpassword>
	</agenda>
	<agenda>
		<id>a13VV0000035Shw</id>
		<name><![CDATA[Introduction to the 2024 Chiplet Summit]]></name>
		<date>2024-02-07</date>
		<datetime>2024-02-07T16:45:00.000Z</datetime>
		<enddatetime>2024-02-07T17:00:00.000Z</enddatetime>
		<track><![CDATA[CS 2024 Keynotes]]></track>
		<tracknum></tracknum>
		<sessionnum>INTRO</sessionnum>
		<session><![CDATA[]]></session>
		<sessionagenda><![CDATA[]]></sessionagenda>
		<time><![CDATA[]]></time>
		<starttime>8:45</starttime>
		<endtime>9:00 AM</endtime>
		<roomnum></roomnum>
		<roomlocation>Floor 1</roomlocation>
		<publishroom>false</publishroom>
		<room><![CDATA[GAB J (Great America Ballroom J)]]></room>
		<openclosed></openclosed>
		<numberregistered>0.0</numberregistered>
		<zoomurl></zoomurl>
		<zoomrecordingurl></zoomrecordingurl>
		<sessionimageurl></sessionimageurl>
		<sessionimagetype></sessionimagetype>
		<meetingID></meetingID>
		<meetingpassword></meetingpassword>
	</agenda>
	<agenda>
		<id>a13VV000002p0qc</id>
		<name><![CDATA[Special Presentation 1: UCIe Consortium]]></name>
		<date>2024-02-07</date>
		<datetime>2024-02-07T18:40:00.000Z</datetime>
		<enddatetime>2024-02-07T18:50:00.000Z</enddatetime>
		<track><![CDATA[CS 2024 Keynotes]]></track>
		<tracknum></tracknum>
		<sessionnum>SP-1</sessionnum>
		<session><![CDATA[]]></session>
		<sessionagenda><![CDATA[]]></sessionagenda>
		<time><![CDATA[]]></time>
		<starttime>10:40</starttime>
		<endtime>10:50 AM</endtime>
		<roomnum></roomnum>
		<roomlocation>Floor 1</roomlocation>
		<publishroom>false</publishroom>
		<room><![CDATA[GAB J (Great America Ballroom J)]]></room>
		<openclosed></openclosed>
		<numberregistered>0.0</numberregistered>
		<zoomurl></zoomurl>
		<zoomrecordingurl></zoomrecordingurl>
		<sessionimageurl></sessionimageurl>
		<sessionimagetype></sessionimagetype>
		<meetingID></meetingID>
		<meetingpassword></meetingpassword>
	</agenda>
	<agenda>
		<id>a13VV000002p0qr</id>
		<name><![CDATA[Wednesday PM Refreshment Break]]></name>
		<date>2024-02-07</date>
		<datetime>2024-02-08T00:15:00.000Z</datetime>
		<enddatetime>2024-02-08T00:30:00.000Z</enddatetime>
		<track><![CDATA[Break]]></track>
		<tracknum></tracknum>
		<sessionnum></sessionnum>
		<session><![CDATA[]]></session>
		<sessionagenda><![CDATA[]]></sessionagenda>
		<time><![CDATA[]]></time>
		<starttime>4:15</starttime>
		<endtime>4:30 PM</endtime>
		<roomnum></roomnum>
		<roomlocation></roomlocation>
		<publishroom>false</publishroom>
		<room><![CDATA[GAMR Hallway/GAB K Lobby]]></room>
		<openclosed></openclosed>
		<numberregistered>0.0</numberregistered>
		<zoomurl></zoomurl>
		<zoomrecordingurl></zoomrecordingurl>
		<sessionimageurl></sessionimageurl>
		<sessionimagetype></sessionimagetype>
		<meetingID></meetingID>
		<meetingpassword></meetingpassword>
	</agenda>
	<agenda>
		<id>a13VV000002ym2I</id>
		<name><![CDATA[Chiplets: Where We Are Today]]></name>
		<date>2024-02-07</date>
		<datetime>2024-02-07T17:00:00.000Z</datetime>
		<enddatetime>2024-02-07T18:00:00.000Z</enddatetime>
		<track><![CDATA[Plenary]]></track>
		<tracknum></tracknum>
		<sessionnum>PLEN</sessionnum>
		<session><![CDATA[]]></session>
		<sessionagenda><![CDATA[]]></sessionagenda>
		<time><![CDATA[]]></time>
		<starttime>9:00</starttime>
		<endtime>10:00 AM</endtime>
		<roomnum></roomnum>
		<roomlocation>Floor 1</roomlocation>
		<publishroom>false</publishroom>
		<room><![CDATA[GAB J (Great America Ballroom J)]]></room>
		<openclosed></openclosed>
		<numberregistered>0.0</numberregistered>
		<zoomurl></zoomurl>
		<zoomrecordingurl></zoomrecordingurl>
		<sessionimageurl></sessionimageurl>
		<sessionimagetype></sessionimagetype>
		<meetingID></meetingID>
		<meetingpassword></meetingpassword>
	</agenda>
	<agenda>
		<id>a13VV000002p0qd</id>
		<name><![CDATA[Keynote 2: Synopsys]]></name>
		<date>2024-02-07</date>
		<datetime>2024-02-07T18:50:00.000Z</datetime>
		<enddatetime>2024-02-07T19:20:00.000Z</enddatetime>
		<track><![CDATA[CS 2024 Keynotes]]></track>
		<tracknum></tracknum>
		<sessionnum>K-2</sessionnum>
		<session><![CDATA[]]></session>
		<sessionagenda><![CDATA[]]></sessionagenda>
		<time><![CDATA[]]></time>
		<starttime>10:50</starttime>
		<endtime>11:20 AM</endtime>
		<roomnum></roomnum>
		<roomlocation>Floor 1</roomlocation>
		<publishroom>false</publishroom>
		<room><![CDATA[GAB J (Great America Ballroom J)]]></room>
		<openclosed></openclosed>
		<numberregistered>0.0</numberregistered>
		<zoomurl></zoomurl>
		<zoomrecordingurl></zoomrecordingurl>
		<sessionimageurl></sessionimageurl>
		<sessionimagetype></sessionimagetype>
		<meetingID></meetingID>
		<meetingpassword></meetingpassword>
	</agenda>
	<agenda>
		<id>a13VV000002p0qv</id>
		<name><![CDATA[D-103: Annual Update on Chiplet Design - Key Challenges and How to Meet Them]]></name>
		<date>2024-02-07</date>
		<datetime>2024-02-08T00:33:00.000Z</datetime>
		<enddatetime>2024-02-08T01:30:00.000Z</enddatetime>
		<track><![CDATA[Annual Update]]></track>
		<tracknum></tracknum>
		<sessionnum>D-103</sessionnum>
		<session><![CDATA[]]></session>
		<sessionagenda><![CDATA[]]></sessionagenda>
		<time><![CDATA[]]></time>
		<starttime>4:30</starttime>
		<endtime>5:30 PM</endtime>
		<roomnum></roomnum>
		<roomlocation>Floor 1</roomlocation>
		<publishroom>false</publishroom>
		<room><![CDATA[GAB K (Great America Ballroom K)]]></room>
		<openclosed></openclosed>
		<numberregistered>0.0</numberregistered>
		<zoomurl></zoomurl>
		<zoomrecordingurl></zoomrecordingurl>
		<sessionimageurl></sessionimageurl>
		<sessionimagetype></sessionimagetype>
		<meetingID></meetingID>
		<meetingpassword></meetingpassword>
	</agenda>
	<agenda>
		<id>a13VV000002p0qa</id>
		<name><![CDATA[Wednesday AM Refreshment Break]]></name>
		<date>2024-02-07</date>
		<datetime>2024-02-07T18:00:00.000Z</datetime>
		<enddatetime>2024-02-07T18:10:00.000Z</enddatetime>
		<track><![CDATA[Break]]></track>
		<tracknum></tracknum>
		<sessionnum></sessionnum>
		<session><![CDATA[]]></session>
		<sessionagenda><![CDATA[]]></sessionagenda>
		<time><![CDATA[]]></time>
		<starttime>10:00</starttime>
		<endtime>10:10 AM</endtime>
		<roomnum></roomnum>
		<roomlocation>Floor 1</roomlocation>
		<publishroom>false</publishroom>
		<room><![CDATA[GAB Lobby]]></room>
		<openclosed></openclosed>
		<numberregistered>0.0</numberregistered>
		<zoomurl></zoomurl>
		<zoomrecordingurl></zoomrecordingurl>
		<sessionimageurl></sessionimageurl>
		<sessionimagetype></sessionimagetype>
		<meetingID></meetingID>
		<meetingpassword></meetingpassword>
	</agenda>
	<agenda>
		<id>a13VV000002p0qi</id>
		<name><![CDATA[A-101: Security - 1]]></name>
		<date>2024-02-07</date>
		<datetime>2024-02-07T22:00:00.000Z</datetime>
		<enddatetime>2024-02-07T23:00:00.000Z</enddatetime>
		<track><![CDATA[Design/Security]]></track>
		<tracknum></tracknum>
		<sessionnum>A-101</sessionnum>
		<session><![CDATA[]]></session>
		<sessionagenda><![CDATA[]]></sessionagenda>
		<time><![CDATA[]]></time>
		<starttime>2:00</starttime>
		<endtime>3:00 PM</endtime>
		<roomnum></roomnum>
		<roomlocation>Floor 2</roomlocation>
		<publishroom>false</publishroom>
		<room><![CDATA[GAMR 1 (Great America Meeting Room 1)]]></room>
		<openclosed></openclosed>
		<numberregistered>0.0</numberregistered>
		<zoomurl></zoomurl>
		<zoomrecordingurl></zoomrecordingurl>
		<sessionimageurl></sessionimageurl>
		<sessionimagetype></sessionimagetype>
		<meetingID></meetingID>
		<meetingpassword></meetingpassword>
	</agenda>
	<agenda>
		<id>a13VV000002p0qq</id>
		<name><![CDATA[D-102: Annual Update on Die-to-Die Interfaces]]></name>
		<date>2024-02-07</date>
		<datetime>2024-02-07T23:18:00.000Z</datetime>
		<enddatetime>2024-02-08T00:15:00.000Z</enddatetime>
		<track><![CDATA[Annual Update]]></track>
		<tracknum></tracknum>
		<sessionnum>D-102</sessionnum>
		<session><![CDATA[]]></session>
		<sessionagenda><![CDATA[]]></sessionagenda>
		<time><![CDATA[]]></time>
		<starttime>3:15</starttime>
		<endtime>4:15 PM</endtime>
		<roomnum></roomnum>
		<roomlocation>Floor 1</roomlocation>
		<publishroom>false</publishroom>
		<room><![CDATA[GAB J (Great America Ballroom J)]]></room>
		<openclosed></openclosed>
		<numberregistered>0.0</numberregistered>
		<zoomurl></zoomurl>
		<zoomrecordingurl></zoomrecordingurl>
		<sessionimageurl></sessionimageurl>
		<sessionimagetype></sessionimagetype>
		<meetingID></meetingID>
		<meetingpassword></meetingpassword>
	</agenda>
	<agenda>
		<id>a13VV000002p0qn</id>
		<name><![CDATA[A-102: Design - 1]]></name>
		<date>2024-02-07</date>
		<datetime>2024-02-07T23:15:00.000Z</datetime>
		<enddatetime>2024-02-08T00:15:00.000Z</enddatetime>
		<track><![CDATA[Design/Security]]></track>
		<tracknum></tracknum>
		<sessionnum>A-102</sessionnum>
		<session><![CDATA[]]></session>
		<sessionagenda><![CDATA[]]></sessionagenda>
		<time><![CDATA[]]></time>
		<starttime>3:15</starttime>
		<endtime>4:15 PM</endtime>
		<roomnum></roomnum>
		<roomlocation>Floor 2</roomlocation>
		<publishroom>false</publishroom>
		<room><![CDATA[GAMR 1 (Great America Meeting Room 1)]]></room>
		<openclosed></openclosed>
		<numberregistered>0.0</numberregistered>
		<zoomurl></zoomurl>
		<zoomrecordingurl></zoomrecordingurl>
		<sessionimageurl></sessionimageurl>
		<sessionimagetype></sessionimagetype>
		<meetingID></meetingID>
		<meetingpassword></meetingpassword>
	</agenda>
</agendalist>
