<?xml version="1.0" encoding="UTF-8"?>
<agendalist lastupdate="2024-02-11 23:29:20">
	<agenda>
		<id>a13VV000002p0qh</id>
		<name><![CDATA[Exhibits]]></name>
		<date>2024-02-07</date>
		<datetime>2024-02-07T20:00:00.000Z</datetime>
		<enddatetime>2024-02-07T22:00:00.000Z</enddatetime>
		<track><![CDATA[Exhibits]]></track>
		<tracknum></tracknum>
		<sessionnum></sessionnum>
		<session><![CDATA[Exhibits]]></session>
		<sessionagenda><![CDATA[]]></sessionagenda>
		<time><![CDATA[]]></time>
		<starttime>12:00</starttime>
		<endtime>2:00 PM</endtime>
		<roomnum></roomnum>
		<roomlocation>Floor 1</roomlocation>
		<publishroom>false</publishroom>
		<room><![CDATA[Hall D]]></room>
		<openclosed></openclosed>
		<numberregistered>0.0</numberregistered>
		<zoomurl></zoomurl>
		<zoomrecordingurl></zoomrecordingurl>
		<sessionimageurl></sessionimageurl>
		<sessionimagetype></sessionimagetype>
		<meetingID></meetingID>
		<meetingpassword></meetingpassword>
		<dayoftheweek>Wednesday</dayoftheweek>
		<sessionformat>Keynote</sessionformat>
	</agenda>
	<agenda>
		<id>a13VV000002p0qb</id>
		<name><![CDATA[Keynote 1: Applied Materials]]></name>
		<date>2024-02-07</date>
		<datetime>2024-02-07T18:10:00.000Z</datetime>
		<enddatetime>2024-02-07T18:40:00.000Z</enddatetime>
		<track><![CDATA[CS 2024 Keynotes]]></track>
		<tracknum></tracknum>
		<sessionnum>K-1</sessionnum>
		<session><![CDATA[Keynote 1: Applied Materials]]></session>
		<sessionagenda><![CDATA[]]></sessionagenda>
		<time><![CDATA[]]></time>
		<starttime>10:10</starttime>
		<endtime>10:40 AM</endtime>
		<roomnum></roomnum>
		<roomlocation>Floor 1</roomlocation>
		<publishroom>false</publishroom>
		<room><![CDATA[GAB J (Great America Ballroom J)]]></room>
		<openclosed></openclosed>
		<numberregistered>0.0</numberregistered>
		<zoomurl></zoomurl>
		<zoomrecordingurl></zoomrecordingurl>
		<sessionimageurl></sessionimageurl>
		<sessionimagetype></sessionimagetype>
		<meetingID></meetingID>
		<meetingpassword></meetingpassword>
		<dayoftheweek>Wednesday</dayoftheweek>
		<sessionformat>Keynote</sessionformat>
	</agenda>
	<agenda>
		<id>a13VV000002p20H</id>
		<name><![CDATA[Pre-Conference Tutorial C: Advanced Packaging Methods]]></name>
		<date>2024-02-06</date>
		<datetime>2024-02-06T16:31:00.000Z</datetime>
		<enddatetime>2024-02-06T20:00:00.000Z</enddatetime>
		<track><![CDATA[Pre-Conference Tutorials]]></track>
		<tracknum></tracknum>
		<sessionnum>PreConC</sessionnum>
		<session><![CDATA[Pre-Conference Tutorial C: Advanced Packaging Methods]]></session>
		<sessionagenda><![CDATA[]]></sessionagenda>
		<time><![CDATA[]]></time>
		<starttime>8:30 AM</starttime>
		<endtime>12:00 PM</endtime>
		<roomnum></roomnum>
		<roomlocation>Floor 2</roomlocation>
		<publishroom>false</publishroom>
		<room><![CDATA[GAMR 2 (Great America Meeting Room 2)]]></room>
		<openclosed></openclosed>
		<numberregistered>0.0</numberregistered>
		<zoomurl></zoomurl>
		<zoomrecordingurl></zoomrecordingurl>
		<sessionimageurl></sessionimageurl>
		<sessionimagetype></sessionimagetype>
		<meetingID></meetingID>
		<meetingpassword></meetingpassword>
		<dayoftheweek>Tuesday</dayoftheweek>
		<sessionformat>Paper Session</sessionformat>
	</agenda>
	<agenda>
		<id>a13VV000002p0r6</id>
		<name><![CDATA[A-202: Design - 4]]></name>
		<date>2024-02-08</date>
		<datetime>2024-02-08T22:00:00.000Z</datetime>
		<enddatetime>2024-02-08T23:20:00.000Z</enddatetime>
		<track><![CDATA[Design/Security]]></track>
		<tracknum></tracknum>
		<sessionnum>A-202</sessionnum>
		<session><![CDATA[A-202: Design - 4]]></session>
		<sessionagenda><![CDATA[]]></sessionagenda>
		<time><![CDATA[]]></time>
		<starttime>2:00</starttime>
		<endtime>3:20 PM</endtime>
		<roomnum></roomnum>
		<roomlocation>Floor 2</roomlocation>
		<publishroom>false</publishroom>
		<room><![CDATA[GAMR 1 (Great America Meeting Room 1)]]></room>
		<openclosed></openclosed>
		<numberregistered>0.0</numberregistered>
		<zoomurl></zoomurl>
		<zoomrecordingurl></zoomrecordingurl>
		<sessionimageurl></sessionimageurl>
		<sessionimagetype></sessionimagetype>
		<meetingID></meetingID>
		<meetingpassword></meetingpassword>
		<dayoftheweek>Thursday</dayoftheweek>
		<sessionformat>Paper Session</sessionformat>
	</agenda>
	<agenda>
		<id>a13VV000002p0qp</id>
		<name><![CDATA[C-103: Best Way to Optimize Chiplets (Panel)]]></name>
		<date>2024-02-07</date>
		<datetime>2024-02-08T00:32:00.000Z</datetime>
		<enddatetime>2024-02-08T01:30:00.000Z</enddatetime>
		<track><![CDATA[Panel]]></track>
		<tracknum></tracknum>
		<sessionnum>C-103</sessionnum>
		<session><![CDATA[C-103: Best Way to Optimize Chiplets (Panel)]]></session>
		<sessionagenda><![CDATA[]]></sessionagenda>
		<time><![CDATA[]]></time>
		<starttime>4:30</starttime>
		<endtime>5:30 PM</endtime>
		<roomnum></roomnum>
		<roomlocation>Floor 2</roomlocation>
		<publishroom>false</publishroom>
		<room><![CDATA[GAMR 3 (Great America Meeting Room 3)]]></room>
		<openclosed></openclosed>
		<numberregistered>0.0</numberregistered>
		<zoomurl></zoomurl>
		<zoomrecordingurl></zoomrecordingurl>
		<sessionimageurl></sessionimageurl>
		<sessionimagetype></sessionimagetype>
		<meetingID></meetingID>
		<meetingpassword></meetingpassword>
		<dayoftheweek>Wednesday</dayoftheweek>
		<sessionformat>Panel Session</sessionformat>
	</agenda>
	<agenda>
		<id>a13VV000002p0qQ</id>
		<name><![CDATA[Tuesday AM Refreshment Break]]></name>
		<date>2024-02-06</date>
		<datetime>2024-02-06T18:00:00.000Z</datetime>
		<enddatetime>2024-02-06T18:15:00.000Z</enddatetime>
		<track><![CDATA[Break]]></track>
		<tracknum></tracknum>
		<sessionnum></sessionnum>
		<session><![CDATA[Tuesday AM Refreshment Break]]></session>
		<sessionagenda><![CDATA[]]></sessionagenda>
		<time><![CDATA[]]></time>
		<starttime>10:00</starttime>
		<endtime>10:15 AM</endtime>
		<roomnum></roomnum>
		<roomlocation>Floor 2</roomlocation>
		<publishroom>false</publishroom>
		<room><![CDATA[GAMR Lobby]]></room>
		<openclosed></openclosed>
		<numberregistered>0.0</numberregistered>
		<zoomurl></zoomurl>
		<zoomrecordingurl></zoomrecordingurl>
		<sessionimageurl></sessionimageurl>
		<sessionimagetype></sessionimagetype>
		<meetingID></meetingID>
		<meetingpassword></meetingpassword>
		<dayoftheweek>Tuesday</dayoftheweek>
		<sessionformat>Pre-Con Seminar</sessionformat>
	</agenda>
	<agenda>
		<id>a13VV000002p0qV</id>
		<name><![CDATA[Pre-Conference Tutorial H: The New Open Chiplet Economy]]></name>
		<date>2024-02-06</date>
		<datetime>2024-02-06T21:03:00.000Z</datetime>
		<enddatetime>2024-02-07T01:00:00.000Z</enddatetime>
		<track><![CDATA[Pre-Conference Tutorials]]></track>
		<tracknum></tracknum>
		<sessionnum>PreConH</sessionnum>
		<session><![CDATA[Pre-Conference Tutorial H: The New Open Chiplet Economy]]></session>
		<sessionagenda><![CDATA[]]></sessionagenda>
		<time><![CDATA[]]></time>
		<starttime>1:00</starttime>
		<endtime>5:00 PM</endtime>
		<roomnum></roomnum>
		<roomlocation>Floor 1</roomlocation>
		<publishroom>false</publishroom>
		<room><![CDATA[GAB J (Great America Ballroom J)]]></room>
		<openclosed></openclosed>
		<numberregistered>0.0</numberregistered>
		<zoomurl></zoomurl>
		<zoomrecordingurl></zoomrecordingurl>
		<sessionimageurl></sessionimageurl>
		<sessionimagetype></sessionimagetype>
		<meetingID></meetingID>
		<meetingpassword></meetingpassword>
		<dayoftheweek>Tuesday</dayoftheweek>
		<sessionformat>Paper Session</sessionformat>
	</agenda>
	<agenda>
		<id>a13VV000002p0r0</id>
		<name><![CDATA[Special Presentation 3: SNIA]]></name>
		<date>2024-02-08</date>
		<datetime>2024-02-08T18:40:00.000Z</datetime>
		<enddatetime>2024-02-08T18:50:00.000Z</enddatetime>
		<track><![CDATA[CS 2024 Keynotes]]></track>
		<tracknum></tracknum>
		<sessionnum>SP-3</sessionnum>
		<session><![CDATA[Special Presentation 3: SNIA]]></session>
		<sessionagenda><![CDATA[]]></sessionagenda>
		<time><![CDATA[]]></time>
		<starttime>10:40</starttime>
		<endtime>10:50 AM</endtime>
		<roomnum></roomnum>
		<roomlocation>Floor 1</roomlocation>
		<publishroom>false</publishroom>
		<room><![CDATA[GAB J (Great America Ballroom J)]]></room>
		<openclosed></openclosed>
		<numberregistered>0.0</numberregistered>
		<zoomurl></zoomurl>
		<zoomrecordingurl></zoomrecordingurl>
		<sessionimageurl></sessionimageurl>
		<sessionimagetype></sessionimagetype>
		<meetingID></meetingID>
		<meetingpassword></meetingpassword>
		<dayoftheweek>Thursday</dayoftheweek>
		<sessionformat>Special Event</sessionformat>
	</agenda>
	<agenda>
		<id>a13VV000002p0qe</id>
		<name><![CDATA[Special Presentation 2: Silicon Catalyst]]></name>
		<date>2024-02-07</date>
		<datetime>2024-02-07T19:20:00.000Z</datetime>
		<enddatetime>2024-02-07T19:30:00.000Z</enddatetime>
		<track><![CDATA[CS 2024 Keynotes]]></track>
		<tracknum></tracknum>
		<sessionnum>SP-2</sessionnum>
		<session><![CDATA[Special Presentation 2: Silicon Catalyst]]></session>
		<sessionagenda><![CDATA[]]></sessionagenda>
		<time><![CDATA[]]></time>
		<starttime>11:20</starttime>
		<endtime>11:30 AM</endtime>
		<roomnum></roomnum>
		<roomlocation>Floor 1</roomlocation>
		<publishroom>false</publishroom>
		<room><![CDATA[GAB J (Great America Ballroom J)]]></room>
		<openclosed></openclosed>
		<numberregistered>0.0</numberregistered>
		<zoomurl></zoomurl>
		<zoomrecordingurl></zoomrecordingurl>
		<sessionimageurl></sessionimageurl>
		<sessionimagetype></sessionimagetype>
		<meetingID></meetingID>
		<meetingpassword></meetingpassword>
		<dayoftheweek>Wednesday</dayoftheweek>
		<sessionformat>Special Event</sessionformat>
	</agenda>
	<agenda>
		<id>a13VV000002p0qt</id>
		<name><![CDATA[B-103: Interfaces - 2]]></name>
		<date>2024-02-07</date>
		<datetime>2024-02-08T00:31:00.000Z</datetime>
		<enddatetime>2024-02-08T01:30:00.000Z</enddatetime>
		<track><![CDATA[Interfaces - Integration - Applications]]></track>
		<tracknum></tracknum>
		<sessionnum>B-103</sessionnum>
		<session><![CDATA[B-103: Interfaces - 2]]></session>
		<sessionagenda><![CDATA[]]></sessionagenda>
		<time><![CDATA[]]></time>
		<starttime>4:30</starttime>
		<endtime>5:30 PM</endtime>
		<roomnum></roomnum>
		<roomlocation>Floor 2</roomlocation>
		<publishroom>false</publishroom>
		<room><![CDATA[GAMR 2 (Great America Meeting Room 2)]]></room>
		<openclosed></openclosed>
		<numberregistered>0.0</numberregistered>
		<zoomurl></zoomurl>
		<zoomrecordingurl></zoomrecordingurl>
		<sessionimageurl></sessionimageurl>
		<sessionimagetype></sessionimagetype>
		<meetingID></meetingID>
		<meetingpassword></meetingpassword>
		<dayoftheweek>Wednesday</dayoftheweek>
		<sessionformat>Paper Session</sessionformat>
	</agenda>
	<agenda>
		<id>a13VV000002p0r1</id>
		<name><![CDATA[Keynote 5: Hyperion Technologies]]></name>
		<date>2024-02-08</date>
		<datetime>2024-02-08T18:50:00.000Z</datetime>
		<enddatetime>2024-02-08T19:20:00.000Z</enddatetime>
		<track><![CDATA[CS 2024 Keynotes]]></track>
		<tracknum></tracknum>
		<sessionnum>K-5</sessionnum>
		<session><![CDATA[Keynote 5: Hyperion Technologies]]></session>
		<sessionagenda><![CDATA[]]></sessionagenda>
		<time><![CDATA[]]></time>
		<starttime>10:50</starttime>
		<endtime>11:20 AM</endtime>
		<roomnum></roomnum>
		<roomlocation>Floor 1</roomlocation>
		<publishroom>false</publishroom>
		<room><![CDATA[GAB J (Great America Ballroom J)]]></room>
		<openclosed></openclosed>
		<numberregistered>0.0</numberregistered>
		<zoomurl></zoomurl>
		<zoomrecordingurl></zoomrecordingurl>
		<sessionimageurl></sessionimageurl>
		<sessionimagetype></sessionimagetype>
		<meetingID></meetingID>
		<meetingpassword></meetingpassword>
		<dayoftheweek>Thursday</dayoftheweek>
		<sessionformat>Keynote</sessionformat>
	</agenda>
	<agenda>
		<id>a13VV000002p0qk</id>
		<name><![CDATA[C-101: Chiplets Drive Top Leading-Edge Designs]]></name>
		<date>2024-02-07</date>
		<datetime>2024-02-07T22:02:00.000Z</datetime>
		<enddatetime>2024-02-07T23:00:00.000Z</enddatetime>
		<track><![CDATA[Panel]]></track>
		<tracknum></tracknum>
		<sessionnum>C-101</sessionnum>
		<session><![CDATA[C-101: Chiplets Drive Top Leading-Edge Designs]]></session>
		<sessionagenda><![CDATA[]]></sessionagenda>
		<time><![CDATA[]]></time>
		<starttime>2:00</starttime>
		<endtime>3:00 PM</endtime>
		<roomnum></roomnum>
		<roomlocation>Floor 2</roomlocation>
		<publishroom>false</publishroom>
		<room><![CDATA[GAMR 3 (Great America Meeting Room 3)]]></room>
		<openclosed></openclosed>
		<numberregistered>0.0</numberregistered>
		<zoomurl></zoomurl>
		<zoomrecordingurl></zoomrecordingurl>
		<sessionimageurl></sessionimageurl>
		<sessionimagetype></sessionimagetype>
		<meetingID></meetingID>
		<meetingpassword></meetingpassword>
		<dayoftheweek>Wednesday</dayoftheweek>
		<sessionformat>Panel Session</sessionformat>
	</agenda>
	<agenda>
		<id>a13VV000002p0r8</id>
		<name><![CDATA[C-202: Chiplets for Entrepreneurs - Making Money in the Chiplet Game]]></name>
		<date>2024-02-08</date>
		<datetime>2024-02-08T22:02:00.000Z</datetime>
		<enddatetime>2024-02-08T23:20:00.000Z</enddatetime>
		<track><![CDATA[Panel]]></track>
		<tracknum></tracknum>
		<sessionnum>C-202</sessionnum>
		<session><![CDATA[C-202: Chiplets for Entrepreneurs - Making Money in the Chiplet Game]]></session>
		<sessionagenda><![CDATA[]]></sessionagenda>
		<time><![CDATA[]]></time>
		<starttime>2:00</starttime>
		<endtime>3:20 PM</endtime>
		<roomnum></roomnum>
		<roomlocation>Floor 2</roomlocation>
		<publishroom>false</publishroom>
		<room><![CDATA[GAMR 3 (Great America Meeting Room 3)]]></room>
		<openclosed></openclosed>
		<numberregistered>0.0</numberregistered>
		<zoomurl></zoomurl>
		<zoomrecordingurl></zoomrecordingurl>
		<sessionimageurl></sessionimageurl>
		<sessionimagetype></sessionimagetype>
		<meetingID></meetingID>
		<meetingpassword></meetingpassword>
		<dayoftheweek>Thursday</dayoftheweek>
		<sessionformat>Panel Session</sessionformat>
	</agenda>
	<agenda>
		<id>a13VV000002p0qm</id>
		<name><![CDATA[Wednesday PM Refreshment Break]]></name>
		<date>2024-02-07</date>
		<datetime>2024-02-07T23:00:00.000Z</datetime>
		<enddatetime>2024-02-07T23:15:00.000Z</enddatetime>
		<track><![CDATA[Break]]></track>
		<tracknum></tracknum>
		<sessionnum></sessionnum>
		<session><![CDATA[Wednesday PM Refreshment Break]]></session>
		<sessionagenda><![CDATA[]]></sessionagenda>
		<time><![CDATA[]]></time>
		<starttime>3:00</starttime>
		<endtime>3:15 PM</endtime>
		<roomnum></roomnum>
		<roomlocation></roomlocation>
		<publishroom>false</publishroom>
		<room><![CDATA[GAMR Hallway/GAB K Lobby]]></room>
		<openclosed></openclosed>
		<numberregistered>0.0</numberregistered>
		<zoomurl></zoomurl>
		<zoomrecordingurl></zoomrecordingurl>
		<sessionimageurl></sessionimageurl>
		<sessionimagetype></sessionimagetype>
		<meetingID></meetingID>
		<meetingpassword></meetingpassword>
		<dayoftheweek>Wednesday</dayoftheweek>
		<sessionformat>General Event</sessionformat>
	</agenda>
	<agenda>
		<id>a13VV000002p0qf</id>
		<name><![CDATA[Keynote 3: Micron]]></name>
		<date>2024-02-07</date>
		<datetime>2024-02-07T19:30:00.000Z</datetime>
		<enddatetime>2024-02-07T20:00:00.000Z</enddatetime>
		<track><![CDATA[CS 2024 Keynotes]]></track>
		<tracknum></tracknum>
		<sessionnum>K-3</sessionnum>
		<session><![CDATA[Keynote 3: Micron]]></session>
		<sessionagenda><![CDATA[]]></sessionagenda>
		<time><![CDATA[]]></time>
		<starttime>11:30</starttime>
		<endtime>12:00 PM</endtime>
		<roomnum></roomnum>
		<roomlocation>Floor 1</roomlocation>
		<publishroom>false</publishroom>
		<room><![CDATA[GAB J (Great America Ballroom J)]]></room>
		<openclosed></openclosed>
		<numberregistered>0.0</numberregistered>
		<zoomurl></zoomurl>
		<zoomrecordingurl></zoomrecordingurl>
		<sessionimageurl></sessionimageurl>
		<sessionimagetype></sessionimagetype>
		<meetingID></meetingID>
		<meetingpassword></meetingpassword>
		<dayoftheweek>Wednesday</dayoftheweek>
		<sessionformat>Keynote</sessionformat>
	</agenda>
	<agenda>
		<id>a13VV0000042giP</id>
		<name><![CDATA[Tutorial H Panel: Making the Open Chiplet Economy Grow]]></name>
		<date>2024-02-06</date>
		<datetime>2024-02-06T21:03:00.000Z</datetime>
		<enddatetime>2024-02-07T01:00:00.000Z</enddatetime>
		<track><![CDATA[Pre-Conference Tutorials]]></track>
		<tracknum></tracknum>
		<sessionnum>PreConH</sessionnum>
		<session><![CDATA[Tutorial H Panel: Making the Open Chiplet Economy Grow]]></session>
		<sessionagenda><![CDATA[]]></sessionagenda>
		<time><![CDATA[]]></time>
		<starttime>1:00</starttime>
		<endtime>5:00 PM</endtime>
		<roomnum></roomnum>
		<roomlocation>Floor 1</roomlocation>
		<publishroom>false</publishroom>
		<room><![CDATA[GAB J (Great America Ballroom J)]]></room>
		<openclosed></openclosed>
		<numberregistered>0.0</numberregistered>
		<zoomurl></zoomurl>
		<zoomrecordingurl></zoomrecordingurl>
		<sessionimageurl></sessionimageurl>
		<sessionimagetype></sessionimagetype>
		<meetingID></meetingID>
		<meetingpassword></meetingpassword>
		<dayoftheweek>Tuesday</dayoftheweek>
		<sessionformat>Panel Session</sessionformat>
	</agenda>
	<agenda>
		<id>a13VV0000035Shw</id>
		<name><![CDATA[Introduction to the 2024 Chiplet Summit]]></name>
		<date>2024-02-07</date>
		<datetime>2024-02-07T16:45:00.000Z</datetime>
		<enddatetime>2024-02-07T17:00:00.000Z</enddatetime>
		<track><![CDATA[CS 2024 Keynotes]]></track>
		<tracknum></tracknum>
		<sessionnum>INTRO</sessionnum>
		<session><![CDATA[Introduction to the 2024 Chiplet Summit]]></session>
		<sessionagenda><![CDATA[]]></sessionagenda>
		<time><![CDATA[]]></time>
		<starttime>8:45</starttime>
		<endtime>9:00 AM</endtime>
		<roomnum></roomnum>
		<roomlocation>Floor 1</roomlocation>
		<publishroom>false</publishroom>
		<room><![CDATA[GAB J (Great America Ballroom J)]]></room>
		<openclosed></openclosed>
		<numberregistered>0.0</numberregistered>
		<zoomurl></zoomurl>
		<zoomrecordingurl></zoomrecordingurl>
		<sessionimageurl></sessionimageurl>
		<sessionimagetype></sessionimagetype>
		<meetingID></meetingID>
		<meetingpassword></meetingpassword>
		<dayoftheweek>Wednesday</dayoftheweek>
		<sessionformat>Keynote</sessionformat>
	</agenda>
	<agenda>
		<id>a13VV000002p0qs</id>
		<name><![CDATA[A-103: Design - 2]]></name>
		<date>2024-02-07</date>
		<datetime>2024-02-08T00:30:00.000Z</datetime>
		<enddatetime>2024-02-08T01:30:00.000Z</enddatetime>
		<track><![CDATA[Design/Security]]></track>
		<tracknum></tracknum>
		<sessionnum>A-103</sessionnum>
		<session><![CDATA[A-103: Design - 2]]></session>
		<sessionagenda><![CDATA[]]></sessionagenda>
		<time><![CDATA[]]></time>
		<starttime>4:30</starttime>
		<endtime>5:30 PM</endtime>
		<roomnum></roomnum>
		<roomlocation>Floor 2</roomlocation>
		<publishroom>false</publishroom>
		<room><![CDATA[GAMR 1 (Great America Meeting Room 1)]]></room>
		<openclosed></openclosed>
		<numberregistered>0.0</numberregistered>
		<zoomurl></zoomurl>
		<zoomrecordingurl></zoomrecordingurl>
		<sessionimageurl></sessionimageurl>
		<sessionimagetype></sessionimagetype>
		<meetingID></meetingID>
		<meetingpassword></meetingpassword>
		<dayoftheweek>Wednesday</dayoftheweek>
		<sessionformat>Paper Session</sessionformat>
	</agenda>
	<agenda>
		<id>a13VV000002p0qu</id>
		<name><![CDATA[C-102: Next Great Breakthrough in Chiplets (Panel)]]></name>
		<date>2024-02-07</date>
		<datetime>2024-02-07T23:17:00.000Z</datetime>
		<enddatetime>2024-02-08T00:15:00.000Z</enddatetime>
		<track><![CDATA[Panel]]></track>
		<tracknum></tracknum>
		<sessionnum>C-102</sessionnum>
		<session><![CDATA[C-102: Next Great Breakthrough in Chiplets (Panel)]]></session>
		<sessionagenda><![CDATA[]]></sessionagenda>
		<time><![CDATA[]]></time>
		<starttime>3:15</starttime>
		<endtime>4:15 PM</endtime>
		<roomnum></roomnum>
		<roomlocation>Floor 2</roomlocation>
		<publishroom>false</publishroom>
		<room><![CDATA[GAMR 3 (Great America Meeting Room 3)]]></room>
		<openclosed></openclosed>
		<numberregistered>0.0</numberregistered>
		<zoomurl></zoomurl>
		<zoomrecordingurl></zoomrecordingurl>
		<sessionimageurl></sessionimageurl>
		<sessionimagetype></sessionimagetype>
		<meetingID></meetingID>
		<meetingpassword></meetingpassword>
		<dayoftheweek>Wednesday</dayoftheweek>
		<sessionformat>Panel Session</sessionformat>
	</agenda>
	<agenda>
		<id>a13VV000002p0qw</id>
		<name><![CDATA[Exhibits/Reception]]></name>
		<date>2024-02-07</date>
		<datetime>2024-02-08T01:30:00.000Z</datetime>
		<enddatetime>2024-02-08T03:30:00.000Z</enddatetime>
		<track><![CDATA[Exhibits]]></track>
		<tracknum></tracknum>
		<sessionnum></sessionnum>
		<session><![CDATA[Exhibits/Reception]]></session>
		<sessionagenda><![CDATA[]]></sessionagenda>
		<time><![CDATA[]]></time>
		<starttime>5:30</starttime>
		<endtime>7:30 PM</endtime>
		<roomnum></roomnum>
		<roomlocation>Floor 1</roomlocation>
		<publishroom>false</publishroom>
		<room><![CDATA[Exhibit Hall (Hall D)]]></room>
		<openclosed></openclosed>
		<numberregistered>0.0</numberregistered>
		<zoomurl></zoomurl>
		<zoomrecordingurl></zoomrecordingurl>
		<sessionimageurl></sessionimageurl>
		<sessionimagetype></sessionimagetype>
		<meetingID></meetingID>
		<meetingpassword></meetingpassword>
		<dayoftheweek>Wednesday</dayoftheweek>
		<sessionformat>Special Event</sessionformat>
	</agenda>
	<agenda>
		<id>a13VV000002p0qX</id>
		<name><![CDATA[Superpanel: How Can Chiplets Accelerate Generative AI Applications?]]></name>
		<date>2024-02-06</date>
		<datetime>2024-02-07T01:00:00.000Z</datetime>
		<enddatetime>2024-02-07T02:00:00.000Z</enddatetime>
		<track><![CDATA[Panel]]></track>
		<tracknum></tracknum>
		<sessionnum></sessionnum>
		<session><![CDATA[Superpanel: How Can Chiplets Accelerate Generative AI Applications?]]></session>
		<sessionagenda><![CDATA[]]></sessionagenda>
		<time><![CDATA[]]></time>
		<starttime>5:00</starttime>
		<endtime>6:00 PM</endtime>
		<roomnum></roomnum>
		<roomlocation>Floor 1</roomlocation>
		<publishroom>false</publishroom>
		<room><![CDATA[GAB J (Great America Ballroom J)]]></room>
		<openclosed></openclosed>
		<numberregistered>0.0</numberregistered>
		<zoomurl></zoomurl>
		<zoomrecordingurl></zoomrecordingurl>
		<sessionimageurl></sessionimageurl>
		<sessionimagetype></sessionimagetype>
		<meetingID></meetingID>
		<meetingpassword></meetingpassword>
		<dayoftheweek>Tuesday</dayoftheweek>
		<sessionformat>Panel Session</sessionformat>
	</agenda>
	<agenda>
		<id>a13VV000002p20E</id>
		<name><![CDATA[Registration (sponsored by Achronix)]]></name>
		<date>2024-02-06</date>
		<datetime>2024-02-06T15:30:00.000Z</datetime>
		<enddatetime>2024-02-07T02:00:00.000Z</enddatetime>
		<track><![CDATA[Registration]]></track>
		<tracknum></tracknum>
		<sessionnum></sessionnum>
		<session><![CDATA[Registration (sponsored by Achronix)]]></session>
		<sessionagenda><![CDATA[]]></sessionagenda>
		<time><![CDATA[]]></time>
		<starttime>7:30</starttime>
		<endtime>6:00 PM</endtime>
		<roomnum></roomnum>
		<roomlocation>Floor 1</roomlocation>
		<publishroom>false</publishroom>
		<room><![CDATA[GAB Lobby]]></room>
		<openclosed></openclosed>
		<numberregistered>0.0</numberregistered>
		<zoomurl></zoomurl>
		<zoomrecordingurl></zoomrecordingurl>
		<sessionimageurl></sessionimageurl>
		<sessionimagetype></sessionimagetype>
		<meetingID></meetingID>
		<meetingpassword></meetingpassword>
		<dayoftheweek>Tuesday</dayoftheweek>
		<sessionformat></sessionformat>
	</agenda>
	<agenda>
		<id>a13VV000002p0ql</id>
		<name><![CDATA[D-101: Annual Update on Packaging]]></name>
		<date>2024-02-07</date>
		<datetime>2024-02-07T22:03:00.000Z</datetime>
		<enddatetime>2024-02-07T23:00:00.000Z</enddatetime>
		<track><![CDATA[Annual Update]]></track>
		<tracknum></tracknum>
		<sessionnum>D-101</sessionnum>
		<session><![CDATA[D-101: Annual Update on Packaging]]></session>
		<sessionagenda><![CDATA[]]></sessionagenda>
		<time><![CDATA[]]></time>
		<starttime>2:00</starttime>
		<endtime>3:00 PM</endtime>
		<roomnum></roomnum>
		<roomlocation>Floor 1</roomlocation>
		<publishroom>false</publishroom>
		<room><![CDATA[GAB J (Great America Ballroom J)]]></room>
		<openclosed></openclosed>
		<numberregistered>0.0</numberregistered>
		<zoomurl></zoomurl>
		<zoomrecordingurl></zoomrecordingurl>
		<sessionimageurl></sessionimageurl>
		<sessionimagetype></sessionimagetype>
		<meetingID></meetingID>
		<meetingpassword></meetingpassword>
		<dayoftheweek>Wednesday</dayoftheweek>
		<sessionformat>Update</sessionformat>
	</agenda>
	<agenda>
		<id>a13VV000002ybJi</id>
		<name><![CDATA[C-201: Making Chiplets a Viable Market (sponsored by SmartSoC Solutions)]]></name>
		<date>2024-02-08</date>
		<datetime>2024-02-08T17:02:00.000Z</datetime>
		<enddatetime>2024-02-08T18:00:00.000Z</enddatetime>
		<track><![CDATA[Panel]]></track>
		<tracknum></tracknum>
		<sessionnum>C-201</sessionnum>
		<session><![CDATA[C-201: Making Chiplets a Viable Market (sponsored by SmartSoC Solutions)]]></session>
		<sessionagenda><![CDATA[]]></sessionagenda>
		<time><![CDATA[]]></time>
		<starttime>9:00</starttime>
		<endtime>10:00 AM</endtime>
		<roomnum></roomnum>
		<roomlocation>Floor 2</roomlocation>
		<publishroom>false</publishroom>
		<room><![CDATA[GAMR 3 (Great America Meeting Room 3)]]></room>
		<openclosed></openclosed>
		<numberregistered>0.0</numberregistered>
		<zoomurl></zoomurl>
		<zoomrecordingurl></zoomrecordingurl>
		<sessionimageurl></sessionimageurl>
		<sessionimagetype></sessionimagetype>
		<meetingID></meetingID>
		<meetingpassword></meetingpassword>
		<dayoftheweek>Thursday</dayoftheweek>
		<sessionformat>Panel Session</sessionformat>
	</agenda>
	<agenda>
		<id>a13VV000002p0qj</id>
		<name><![CDATA[B-101: Interfaces - 1]]></name>
		<date>2024-02-07</date>
		<datetime>2024-02-07T22:01:00.000Z</datetime>
		<enddatetime>2024-02-07T23:00:00.000Z</enddatetime>
		<track><![CDATA[Interfaces - Integration - Applications]]></track>
		<tracknum></tracknum>
		<sessionnum>B-101</sessionnum>
		<session><![CDATA[B-101: Interfaces - 1]]></session>
		<sessionagenda><![CDATA[]]></sessionagenda>
		<time><![CDATA[]]></time>
		<starttime>2:00</starttime>
		<endtime>3:00 PM</endtime>
		<roomnum></roomnum>
		<roomlocation>Floor 2</roomlocation>
		<publishroom>false</publishroom>
		<room><![CDATA[GAMR 2 (Great America Meeting Room 2)]]></room>
		<openclosed></openclosed>
		<numberregistered>0.0</numberregistered>
		<zoomurl></zoomurl>
		<zoomrecordingurl></zoomrecordingurl>
		<sessionimageurl></sessionimageurl>
		<sessionimagetype></sessionimagetype>
		<meetingID></meetingID>
		<meetingpassword></meetingpassword>
		<dayoftheweek>Wednesday</dayoftheweek>
		<sessionformat>Paper Session</sessionformat>
	</agenda>
	<agenda>
		<id>a13VV000002p0qS</id>
		<name><![CDATA[Pre-Conference Tutorial E: Design Methods]]></name>
		<date>2024-02-06</date>
		<datetime>2024-02-06T21:00:00.000Z</datetime>
		<enddatetime>2024-02-07T01:00:00.000Z</enddatetime>
		<track><![CDATA[Pre-Conference Tutorials]]></track>
		<tracknum></tracknum>
		<sessionnum>PreConE</sessionnum>
		<session><![CDATA[Pre-Conference Tutorial E: Design Methods]]></session>
		<sessionagenda><![CDATA[]]></sessionagenda>
		<time><![CDATA[]]></time>
		<starttime>1:00</starttime>
		<endtime>5:00 PM</endtime>
		<roomnum></roomnum>
		<roomlocation>Floor 2</roomlocation>
		<publishroom>false</publishroom>
		<room><![CDATA[GAMR 1 (Great America Meeting Room 1)]]></room>
		<openclosed></openclosed>
		<numberregistered>0.0</numberregistered>
		<zoomurl></zoomurl>
		<zoomrecordingurl></zoomrecordingurl>
		<sessionimageurl></sessionimageurl>
		<sessionimagetype></sessionimagetype>
		<meetingID></meetingID>
		<meetingpassword></meetingpassword>
		<dayoftheweek>Tuesday</dayoftheweek>
		<sessionformat>Paper Session</sessionformat>
	</agenda>
	<agenda>
		<id>a13VV000002p0qY</id>
		<name><![CDATA[Chat with the Experts (sponsored by Bolt Graphics)]]></name>
		<date>2024-02-06</date>
		<datetime>2024-02-07T02:00:00.000Z</datetime>
		<enddatetime>2024-02-07T04:30:00.000Z</enddatetime>
		<track><![CDATA[Pre-Conference Tutorials]]></track>
		<tracknum></tracknum>
		<sessionnum>CH1</sessionnum>
		<session><![CDATA[Chat with the Experts (sponsored by Bolt Graphics)]]></session>
		<sessionagenda><![CDATA[]]></sessionagenda>
		<time><![CDATA[]]></time>
		<starttime>6:00</starttime>
		<endtime>8:30 PM</endtime>
		<roomnum></roomnum>
		<roomlocation>Floor 1</roomlocation>
		<publishroom>false</publishroom>
		<room><![CDATA[Mission City Ballroom]]></room>
		<openclosed></openclosed>
		<numberregistered>0.0</numberregistered>
		<zoomurl></zoomurl>
		<zoomrecordingurl></zoomrecordingurl>
		<sessionimageurl></sessionimageurl>
		<sessionimagetype></sessionimagetype>
		<meetingID></meetingID>
		<meetingpassword></meetingpassword>
		<dayoftheweek>Tuesday</dayoftheweek>
		<sessionformat>Chat with the Experts</sessionformat>
	</agenda>
	<agenda>
		<id>a13VV000002p0qU</id>
		<name><![CDATA[Pre-Conference Tutorial G: AI in Chiplet Design]]></name>
		<date>2024-02-06</date>
		<datetime>2024-02-06T21:02:00.000Z</datetime>
		<enddatetime>2024-02-07T01:00:00.000Z</enddatetime>
		<track><![CDATA[Pre-Conference Tutorials]]></track>
		<tracknum></tracknum>
		<sessionnum>PreConG</sessionnum>
		<session><![CDATA[Pre-Conference Tutorial G: AI in Chiplet Design]]></session>
		<sessionagenda><![CDATA[]]></sessionagenda>
		<time><![CDATA[]]></time>
		<starttime>1:00</starttime>
		<endtime>5:00 PM</endtime>
		<roomnum></roomnum>
		<roomlocation>Floor 2</roomlocation>
		<publishroom>false</publishroom>
		<room><![CDATA[GAMR 3 (Great America Meeting Room 3)]]></room>
		<openclosed></openclosed>
		<numberregistered>0.0</numberregistered>
		<zoomurl></zoomurl>
		<zoomrecordingurl></zoomrecordingurl>
		<sessionimageurl></sessionimageurl>
		<sessionimagetype></sessionimagetype>
		<meetingID></meetingID>
		<meetingpassword></meetingpassword>
		<dayoftheweek>Tuesday</dayoftheweek>
		<sessionformat>Paper Session</sessionformat>
	</agenda>
	<agenda>
		<id>a13VV000002p0qT</id>
		<name><![CDATA[Pre-Conference Tutorial F: Working with Foundries]]></name>
		<date>2024-02-06</date>
		<datetime>2024-02-06T21:01:00.000Z</datetime>
		<enddatetime>2024-02-07T01:00:00.000Z</enddatetime>
		<track><![CDATA[Pre-Conference Tutorials]]></track>
		<tracknum></tracknum>
		<sessionnum>PreConF</sessionnum>
		<session><![CDATA[Pre-Conference Tutorial F: Working with Foundries]]></session>
		<sessionagenda><![CDATA[]]></sessionagenda>
		<time><![CDATA[]]></time>
		<starttime>1:00</starttime>
		<endtime>5:00 PM</endtime>
		<roomnum></roomnum>
		<roomlocation>Floor 2</roomlocation>
		<publishroom>false</publishroom>
		<room><![CDATA[GAMR 2 (Great America Meeting Room 2)]]></room>
		<openclosed></openclosed>
		<numberregistered>0.0</numberregistered>
		<zoomurl></zoomurl>
		<zoomrecordingurl></zoomrecordingurl>
		<sessionimageurl></sessionimageurl>
		<sessionimagetype></sessionimagetype>
		<meetingID></meetingID>
		<meetingpassword></meetingpassword>
		<dayoftheweek>Tuesday</dayoftheweek>
		<sessionformat>Paper Session</sessionformat>
	</agenda>
	<agenda>
		<id>a13VV000002yU3m</id>
		<name><![CDATA[B-201: Integration - 1]]></name>
		<date>2024-02-08</date>
		<datetime>2024-02-08T17:01:00.000Z</datetime>
		<enddatetime>2024-02-08T18:00:00.000Z</enddatetime>
		<track><![CDATA[Interfaces - Integration - Applications]]></track>
		<tracknum></tracknum>
		<sessionnum>B-201</sessionnum>
		<session><![CDATA[B-201: Integration - 1]]></session>
		<sessionagenda><![CDATA[]]></sessionagenda>
		<time><![CDATA[]]></time>
		<starttime>9:00</starttime>
		<endtime>10:00 AM</endtime>
		<roomnum></roomnum>
		<roomlocation>Floor 2</roomlocation>
		<publishroom>false</publishroom>
		<room><![CDATA[GAMR 2 (Great America Meeting Room 2)]]></room>
		<openclosed></openclosed>
		<numberregistered>0.0</numberregistered>
		<zoomurl></zoomurl>
		<zoomrecordingurl></zoomrecordingurl>
		<sessionimageurl></sessionimageurl>
		<sessionimagetype></sessionimagetype>
		<meetingID></meetingID>
		<meetingpassword></meetingpassword>
		<dayoftheweek>Thursday</dayoftheweek>
		<sessionformat>Paper Session</sessionformat>
	</agenda>
	<agenda>
		<id>a13VV000002p0r9</id>
		<name><![CDATA[Thursday PM Refreshment Break]]></name>
		<date>2024-02-08</date>
		<datetime>2024-02-08T23:20:00.000Z</datetime>
		<enddatetime>2024-02-08T23:30:00.000Z</enddatetime>
		<track><![CDATA[Break]]></track>
		<tracknum></tracknum>
		<sessionnum></sessionnum>
		<session><![CDATA[Thursday PM Refreshment Break]]></session>
		<sessionagenda><![CDATA[]]></sessionagenda>
		<time><![CDATA[]]></time>
		<starttime>3:20</starttime>
		<endtime>3:30 PM</endtime>
		<roomnum></roomnum>
		<roomlocation></roomlocation>
		<publishroom>false</publishroom>
		<room><![CDATA[GAMR Hallway/GAB K Lobby]]></room>
		<openclosed></openclosed>
		<numberregistered>0.0</numberregistered>
		<zoomurl></zoomurl>
		<zoomrecordingurl></zoomrecordingurl>
		<sessionimageurl></sessionimageurl>
		<sessionimagetype></sessionimagetype>
		<meetingID></meetingID>
		<meetingpassword></meetingpassword>
		<dayoftheweek>Thursday</dayoftheweek>
		<sessionformat>General Event</sessionformat>
	</agenda>
	<agenda>
		<id>a13VV000002p0qo</id>
		<name><![CDATA[B-102: Applications - 1]]></name>
		<date>2024-02-07</date>
		<datetime>2024-02-07T23:16:00.000Z</datetime>
		<enddatetime>2024-02-08T00:15:00.000Z</enddatetime>
		<track><![CDATA[Interfaces - Integration - Applications]]></track>
		<tracknum></tracknum>
		<sessionnum>B-102</sessionnum>
		<session><![CDATA[B-102: Applications - 1]]></session>
		<sessionagenda><![CDATA[]]></sessionagenda>
		<time><![CDATA[]]></time>
		<starttime>3:15</starttime>
		<endtime>4:15 PM</endtime>
		<roomnum></roomnum>
		<roomlocation>Floor 2</roomlocation>
		<publishroom>false</publishroom>
		<room><![CDATA[GAMR 2 (Great America Meeting Room 2)]]></room>
		<openclosed></openclosed>
		<numberregistered>0.0</numberregistered>
		<zoomurl></zoomurl>
		<zoomrecordingurl></zoomrecordingurl>
		<sessionimageurl></sessionimageurl>
		<sessionimagetype></sessionimagetype>
		<meetingID></meetingID>
		<meetingpassword></meetingpassword>
		<dayoftheweek>Wednesday</dayoftheweek>
		<sessionformat>Paper Session</sessionformat>
	</agenda>
	<agenda>
		<id>a13VV000002yZg7</id>
		<name><![CDATA[A-201: Design - 3]]></name>
		<date>2024-02-08</date>
		<datetime>2024-02-08T17:00:00.000Z</datetime>
		<enddatetime>2024-02-08T18:00:00.000Z</enddatetime>
		<track><![CDATA[Design/Security]]></track>
		<tracknum></tracknum>
		<sessionnum>A-201</sessionnum>
		<session><![CDATA[A-201: Design - 3]]></session>
		<sessionagenda><![CDATA[]]></sessionagenda>
		<time><![CDATA[]]></time>
		<starttime>9:00</starttime>
		<endtime>10:00 AM</endtime>
		<roomnum></roomnum>
		<roomlocation>Floor 2</roomlocation>
		<publishroom>false</publishroom>
		<room><![CDATA[GAMR 1 (Great America Meeting Room 1)]]></room>
		<openclosed></openclosed>
		<numberregistered>0.0</numberregistered>
		<zoomurl></zoomurl>
		<zoomrecordingurl></zoomrecordingurl>
		<sessionimageurl></sessionimageurl>
		<sessionimagetype></sessionimagetype>
		<meetingID></meetingID>
		<meetingpassword></meetingpassword>
		<dayoftheweek>Thursday</dayoftheweek>
		<sessionformat>Paper Session</sessionformat>
	</agenda>
	<agenda>
		<id>a13VV000002p0qz</id>
		<name><![CDATA[Keynote 4: Alphawave Semi]]></name>
		<date>2024-02-08</date>
		<datetime>2024-02-08T18:10:00.000Z</datetime>
		<enddatetime>2024-02-08T18:40:00.000Z</enddatetime>
		<track><![CDATA[CS 2024 Keynotes]]></track>
		<tracknum></tracknum>
		<sessionnum>K-4</sessionnum>
		<session><![CDATA[Keynote 4: Alphawave Semi]]></session>
		<sessionagenda><![CDATA[]]></sessionagenda>
		<time><![CDATA[]]></time>
		<starttime>10:10</starttime>
		<endtime>10:40 AM</endtime>
		<roomnum></roomnum>
		<roomlocation>Floor 1</roomlocation>
		<publishroom>false</publishroom>
		<room><![CDATA[GAB J (Great America Ballroom J)]]></room>
		<openclosed></openclosed>
		<numberregistered>0.0</numberregistered>
		<zoomurl></zoomurl>
		<zoomrecordingurl></zoomrecordingurl>
		<sessionimageurl></sessionimageurl>
		<sessionimagetype></sessionimagetype>
		<meetingID></meetingID>
		<meetingpassword></meetingpassword>
		<dayoftheweek>Thursday</dayoftheweek>
		<sessionformat>Keynote</sessionformat>
	</agenda>
	<agenda>
		<id>a13VV000003hgLe</id>
		<name><![CDATA[Registration (sponsored by Achronix)]]></name>
		<date>2024-02-08</date>
		<datetime>2024-02-08T16:00:00.000Z</datetime>
		<enddatetime>2024-02-08T23:00:00.000Z</enddatetime>
		<track><![CDATA[Registration]]></track>
		<tracknum></tracknum>
		<sessionnum></sessionnum>
		<session><![CDATA[Registration (sponsored by Achronix)]]></session>
		<sessionagenda><![CDATA[]]></sessionagenda>
		<time><![CDATA[]]></time>
		<starttime>8:00</starttime>
		<endtime>3:00 PM</endtime>
		<roomnum></roomnum>
		<roomlocation>Floor 1</roomlocation>
		<publishroom>false</publishroom>
		<room><![CDATA[GAB Lobby]]></room>
		<openclosed></openclosed>
		<numberregistered>0.0</numberregistered>
		<zoomurl></zoomurl>
		<zoomrecordingurl></zoomrecordingurl>
		<sessionimageurl></sessionimageurl>
		<sessionimagetype></sessionimagetype>
		<meetingID></meetingID>
		<meetingpassword></meetingpassword>
		<dayoftheweek>Thursday</dayoftheweek>
		<sessionformat></sessionformat>
	</agenda>
	<agenda>
		<id>a13VV000003haua</id>
		<name><![CDATA[Wednesday Breakfast (sponsored by Chiplet.US)]]></name>
		<date>2024-02-07</date>
		<datetime>2024-02-07T15:30:00.000Z</datetime>
		<enddatetime>2024-02-07T16:45:00.000Z</enddatetime>
		<track><![CDATA[Registration]]></track>
		<tracknum></tracknum>
		<sessionnum></sessionnum>
		<session><![CDATA[Wednesday Breakfast (sponsored by Chiplet.US)]]></session>
		<sessionagenda><![CDATA[]]></sessionagenda>
		<time><![CDATA[]]></time>
		<starttime>7:30</starttime>
		<endtime>8:45 AM</endtime>
		<roomnum></roomnum>
		<roomlocation>Floor 1</roomlocation>
		<publishroom>false</publishroom>
		<room><![CDATA[GAB Lobby]]></room>
		<openclosed></openclosed>
		<numberregistered>0.0</numberregistered>
		<zoomurl></zoomurl>
		<zoomrecordingurl></zoomrecordingurl>
		<sessionimageurl></sessionimageurl>
		<sessionimagetype></sessionimagetype>
		<meetingID></meetingID>
		<meetingpassword></meetingpassword>
		<dayoftheweek>Wednesday</dayoftheweek>
		<sessionformat></sessionformat>
	</agenda>
	<agenda>
		<id>a13VV000002p0qy</id>
		<name><![CDATA[Thursday AM Refreshment Break]]></name>
		<date>2024-02-08</date>
		<datetime>2024-02-08T18:00:00.000Z</datetime>
		<enddatetime>2024-02-08T18:10:00.000Z</enddatetime>
		<track><![CDATA[Break]]></track>
		<tracknum></tracknum>
		<sessionnum></sessionnum>
		<session><![CDATA[Thursday AM Refreshment Break]]></session>
		<sessionagenda><![CDATA[]]></sessionagenda>
		<time><![CDATA[]]></time>
		<starttime>10:00</starttime>
		<endtime>10:10 AM</endtime>
		<roomnum></roomnum>
		<roomlocation>Floor 1</roomlocation>
		<publishroom>false</publishroom>
		<room><![CDATA[GAB Lobby]]></room>
		<openclosed></openclosed>
		<numberregistered>0.0</numberregistered>
		<zoomurl></zoomurl>
		<zoomrecordingurl></zoomrecordingurl>
		<sessionimageurl></sessionimageurl>
		<sessionimagetype></sessionimagetype>
		<meetingID></meetingID>
		<meetingpassword></meetingpassword>
		<dayoftheweek>Thursday</dayoftheweek>
		<sessionformat>General Event</sessionformat>
	</agenda>
	<agenda>
		<id>a13VV000003xhSD</id>
		<name><![CDATA[Tuesday Breakfast]]></name>
		<date>2024-02-06</date>
		<datetime>2024-02-06T15:30:00.000Z</datetime>
		<enddatetime>2024-02-06T16:30:00.000Z</enddatetime>
		<track><![CDATA[Registration]]></track>
		<tracknum></tracknum>
		<sessionnum></sessionnum>
		<session><![CDATA[Tuesday Breakfast]]></session>
		<sessionagenda><![CDATA[]]></sessionagenda>
		<time><![CDATA[]]></time>
		<starttime>7:30</starttime>
		<endtime>8:30 AM</endtime>
		<roomnum></roomnum>
		<roomlocation>Floor 1</roomlocation>
		<publishroom>false</publishroom>
		<room><![CDATA[GAB Lobby]]></room>
		<openclosed></openclosed>
		<numberregistered>0.0</numberregistered>
		<zoomurl></zoomurl>
		<zoomrecordingurl></zoomrecordingurl>
		<sessionimageurl></sessionimageurl>
		<sessionimagetype></sessionimagetype>
		<meetingID></meetingID>
		<meetingpassword></meetingpassword>
		<dayoftheweek>Tuesday</dayoftheweek>
		<sessionformat></sessionformat>
	</agenda>
	<agenda>
		<id>a13VV000002p20I</id>
		<name><![CDATA[Pre-Conference Tutorial D: Interfaces (Section 1)]]></name>
		<date>2024-02-06</date>
		<datetime>2024-02-06T16:32:00.000Z</datetime>
		<enddatetime>2024-02-06T20:00:00.000Z</enddatetime>
		<track><![CDATA[Pre-Conference Tutorials]]></track>
		<tracknum></tracknum>
		<sessionnum>PreConD</sessionnum>
		<session><![CDATA[Pre-Conference Tutorial D: Interfaces (Section 1)]]></session>
		<sessionagenda><![CDATA[]]></sessionagenda>
		<time><![CDATA[]]></time>
		<starttime>8:30 AM</starttime>
		<endtime>12:00 PM</endtime>
		<roomnum></roomnum>
		<roomlocation>Floor 2</roomlocation>
		<publishroom>false</publishroom>
		<room><![CDATA[GAMR 3 (Great America Meeting Room 3)]]></room>
		<openclosed></openclosed>
		<numberregistered>0.0</numberregistered>
		<zoomurl></zoomurl>
		<zoomrecordingurl></zoomrecordingurl>
		<sessionimageurl></sessionimageurl>
		<sessionimagetype></sessionimagetype>
		<meetingID></meetingID>
		<meetingpassword></meetingpassword>
		<dayoftheweek>Tuesday</dayoftheweek>
		<sessionformat>Paper Session</sessionformat>
	</agenda>
	<agenda>
		<id>a13VV000003hZLp</id>
		<name><![CDATA[Registration (sponsored by Achronix)]]></name>
		<date>2024-02-07</date>
		<datetime>2024-02-07T15:00:00.000Z</datetime>
		<enddatetime>2024-02-08T02:00:00.000Z</enddatetime>
		<track><![CDATA[Registration]]></track>
		<tracknum></tracknum>
		<sessionnum></sessionnum>
		<session><![CDATA[Registration (sponsored by Achronix)]]></session>
		<sessionagenda><![CDATA[]]></sessionagenda>
		<time><![CDATA[]]></time>
		<starttime>7:00</starttime>
		<endtime>6:00 PM</endtime>
		<roomnum></roomnum>
		<roomlocation>Floor 1</roomlocation>
		<publishroom>false</publishroom>
		<room><![CDATA[GAB Lobby]]></room>
		<openclosed></openclosed>
		<numberregistered>0.0</numberregistered>
		<zoomurl></zoomurl>
		<zoomrecordingurl></zoomrecordingurl>
		<sessionimageurl></sessionimageurl>
		<sessionimagetype></sessionimagetype>
		<meetingID></meetingID>
		<meetingpassword></meetingpassword>
		<dayoftheweek>Wednesday</dayoftheweek>
		<sessionformat></sessionformat>
	</agenda>
	<agenda>
		<id>a13VV000002p0qc</id>
		<name><![CDATA[Special Presentation 1: UCIe Consortium]]></name>
		<date>2024-02-07</date>
		<datetime>2024-02-07T18:40:00.000Z</datetime>
		<enddatetime>2024-02-07T18:50:00.000Z</enddatetime>
		<track><![CDATA[CS 2024 Keynotes]]></track>
		<tracknum></tracknum>
		<sessionnum>SP-1</sessionnum>
		<session><![CDATA[Special Presentation 1: UCIe Consortium]]></session>
		<sessionagenda><![CDATA[]]></sessionagenda>
		<time><![CDATA[]]></time>
		<starttime>10:40</starttime>
		<endtime>10:50 AM</endtime>
		<roomnum></roomnum>
		<roomlocation>Floor 1</roomlocation>
		<publishroom>false</publishroom>
		<room><![CDATA[GAB J (Great America Ballroom J)]]></room>
		<openclosed></openclosed>
		<numberregistered>0.0</numberregistered>
		<zoomurl></zoomurl>
		<zoomrecordingurl></zoomrecordingurl>
		<sessionimageurl></sessionimageurl>
		<sessionimagetype></sessionimagetype>
		<meetingID></meetingID>
		<meetingpassword></meetingpassword>
		<dayoftheweek>Wednesday</dayoftheweek>
		<sessionformat>Special Event</sessionformat>
	</agenda>
	<agenda>
		<id>a13VV000002p0r3</id>
		<name><![CDATA[Keynote 6: Open Compute Project]]></name>
		<date>2024-02-08</date>
		<datetime>2024-02-08T19:35:00.000Z</datetime>
		<enddatetime>2024-02-08T20:05:00.000Z</enddatetime>
		<track><![CDATA[CS 2024 Keynotes]]></track>
		<tracknum></tracknum>
		<sessionnum>K-6</sessionnum>
		<session><![CDATA[Keynote 6: Open Compute Project]]></session>
		<sessionagenda><![CDATA[]]></sessionagenda>
		<time><![CDATA[]]></time>
		<starttime>11:35</starttime>
		<endtime>12:05 PM</endtime>
		<roomnum></roomnum>
		<roomlocation>Floor 1</roomlocation>
		<publishroom>false</publishroom>
		<room><![CDATA[GAB J (Great America Ballroom J)]]></room>
		<openclosed></openclosed>
		<numberregistered>0.0</numberregistered>
		<zoomurl></zoomurl>
		<zoomrecordingurl></zoomrecordingurl>
		<sessionimageurl></sessionimageurl>
		<sessionimagetype></sessionimagetype>
		<meetingID></meetingID>
		<meetingpassword></meetingpassword>
		<dayoftheweek>Thursday</dayoftheweek>
		<sessionformat>Keynote</sessionformat>
	</agenda>
	<agenda>
		<id>a13VV000002p0qW</id>
		<name><![CDATA[Tuesday PM Refreshment Break]]></name>
		<date>2024-02-06</date>
		<datetime>2024-02-06T23:15:00.000Z</datetime>
		<enddatetime>2024-02-06T23:30:00.000Z</enddatetime>
		<track><![CDATA[Break]]></track>
		<tracknum></tracknum>
		<sessionnum></sessionnum>
		<session><![CDATA[Tuesday PM Refreshment Break]]></session>
		<sessionagenda><![CDATA[]]></sessionagenda>
		<time><![CDATA[]]></time>
		<starttime>3:15</starttime>
		<endtime>3:30 PM</endtime>
		<roomnum></roomnum>
		<roomlocation></roomlocation>
		<publishroom>false</publishroom>
		<room><![CDATA[GAMR Hallway/GAB K Lobby]]></room>
		<openclosed></openclosed>
		<numberregistered>0.0</numberregistered>
		<zoomurl></zoomurl>
		<zoomrecordingurl></zoomrecordingurl>
		<sessionimageurl></sessionimageurl>
		<sessionimagetype></sessionimagetype>
		<meetingID></meetingID>
		<meetingpassword></meetingpassword>
		<dayoftheweek>Tuesday</dayoftheweek>
		<sessionformat>Pre-Con Seminar</sessionformat>
	</agenda>
	<agenda>
		<id>a13VV000002p0qr</id>
		<name><![CDATA[Wednesday PM Refreshment Break]]></name>
		<date>2024-02-07</date>
		<datetime>2024-02-08T00:15:00.000Z</datetime>
		<enddatetime>2024-02-08T00:30:00.000Z</enddatetime>
		<track><![CDATA[Break]]></track>
		<tracknum></tracknum>
		<sessionnum></sessionnum>
		<session><![CDATA[Wednesday PM Refreshment Break]]></session>
		<sessionagenda><![CDATA[]]></sessionagenda>
		<time><![CDATA[]]></time>
		<starttime>4:15</starttime>
		<endtime>4:30 PM</endtime>
		<roomnum></roomnum>
		<roomlocation></roomlocation>
		<publishroom>false</publishroom>
		<room><![CDATA[GAMR Hallway/GAB K Lobby]]></room>
		<openclosed></openclosed>
		<numberregistered>0.0</numberregistered>
		<zoomurl></zoomurl>
		<zoomrecordingurl></zoomrecordingurl>
		<sessionimageurl></sessionimageurl>
		<sessionimagetype></sessionimagetype>
		<meetingID></meetingID>
		<meetingpassword></meetingpassword>
		<dayoftheweek>Wednesday</dayoftheweek>
		<sessionformat>General Event</sessionformat>
	</agenda>
	<agenda>
		<id>a13VV000002ym2I</id>
		<name><![CDATA[Chiplets: Where We Are Today]]></name>
		<date>2024-02-07</date>
		<datetime>2024-02-07T17:00:00.000Z</datetime>
		<enddatetime>2024-02-07T18:00:00.000Z</enddatetime>
		<track><![CDATA[Plenary]]></track>
		<tracknum></tracknum>
		<sessionnum>PLEN</sessionnum>
		<session><![CDATA[Chiplets: Where We Are Today]]></session>
		<sessionagenda><![CDATA[]]></sessionagenda>
		<time><![CDATA[]]></time>
		<starttime>9:00</starttime>
		<endtime>10:00 AM</endtime>
		<roomnum></roomnum>
		<roomlocation>Floor 1</roomlocation>
		<publishroom>false</publishroom>
		<room><![CDATA[GAB J (Great America Ballroom J)]]></room>
		<openclosed></openclosed>
		<numberregistered>0.0</numberregistered>
		<zoomurl></zoomurl>
		<zoomrecordingurl></zoomrecordingurl>
		<sessionimageurl></sessionimageurl>
		<sessionimagetype></sessionimagetype>
		<meetingID></meetingID>
		<meetingpassword></meetingpassword>
		<dayoftheweek>Wednesday</dayoftheweek>
		<sessionformat>Plenary</sessionformat>
	</agenda>
	<agenda>
		<id>a13VV000002p0rB</id>
		<name><![CDATA[B-203: Chiplets in 2029 and How We Got There (Panel)]]></name>
		<date>2024-02-08</date>
		<datetime>2024-02-08T23:30:00.000Z</datetime>
		<enddatetime>2024-02-09T00:50:00.000Z</enddatetime>
		<track><![CDATA[Panel]]></track>
		<tracknum></tracknum>
		<sessionnum>B-203</sessionnum>
		<session><![CDATA[B-203: Chiplets in 2029 and How We Got There (Panel)]]></session>
		<sessionagenda><![CDATA[]]></sessionagenda>
		<time><![CDATA[]]></time>
		<starttime>3:30</starttime>
		<endtime>4:50 PM</endtime>
		<roomnum></roomnum>
		<roomlocation>Floor 2</roomlocation>
		<publishroom>false</publishroom>
		<room><![CDATA[GAMR 3 (Great America Meeting Room 3)]]></room>
		<openclosed></openclosed>
		<numberregistered>0.0</numberregistered>
		<zoomurl></zoomurl>
		<zoomrecordingurl></zoomrecordingurl>
		<sessionimageurl></sessionimageurl>
		<sessionimagetype></sessionimagetype>
		<meetingID></meetingID>
		<meetingpassword></meetingpassword>
		<dayoftheweek>Thursday</dayoftheweek>
		<sessionformat>Panel Session</sessionformat>
	</agenda>
	<agenda>
		<id>a13VV000002p0r7</id>
		<name><![CDATA[B-202: Best Packaging for Chiplets Today (Panel)]]></name>
		<date>2024-02-08</date>
		<datetime>2024-02-08T22:01:00.000Z</datetime>
		<enddatetime>2024-02-08T23:20:00.000Z</enddatetime>
		<track><![CDATA[Panel]]></track>
		<tracknum></tracknum>
		<sessionnum>B-202</sessionnum>
		<session><![CDATA[B-202: Best Packaging for Chiplets Today (Panel)]]></session>
		<sessionagenda><![CDATA[]]></sessionagenda>
		<time><![CDATA[]]></time>
		<starttime>2:00</starttime>
		<endtime>3:20 PM</endtime>
		<roomnum></roomnum>
		<roomlocation>Floor 2</roomlocation>
		<publishroom>false</publishroom>
		<room><![CDATA[GAMR 2 (Great America Meeting Room 2)]]></room>
		<openclosed></openclosed>
		<numberregistered>0.0</numberregistered>
		<zoomurl></zoomurl>
		<zoomrecordingurl></zoomrecordingurl>
		<sessionimageurl></sessionimageurl>
		<sessionimagetype></sessionimagetype>
		<meetingID></meetingID>
		<meetingpassword></meetingpassword>
		<dayoftheweek>Thursday</dayoftheweek>
		<sessionformat>Panel Session</sessionformat>
	</agenda>
	<agenda>
		<id>a13VV000002p0qd</id>
		<name><![CDATA[Keynote 2: Synopsys]]></name>
		<date>2024-02-07</date>
		<datetime>2024-02-07T18:50:00.000Z</datetime>
		<enddatetime>2024-02-07T19:20:00.000Z</enddatetime>
		<track><![CDATA[CS 2024 Keynotes]]></track>
		<tracknum></tracknum>
		<sessionnum>K-2</sessionnum>
		<session><![CDATA[Keynote 2: Synopsys]]></session>
		<sessionagenda><![CDATA[]]></sessionagenda>
		<time><![CDATA[]]></time>
		<starttime>10:50</starttime>
		<endtime>11:20 AM</endtime>
		<roomnum></roomnum>
		<roomlocation>Floor 1</roomlocation>
		<publishroom>false</publishroom>
		<room><![CDATA[GAB J (Great America Ballroom J)]]></room>
		<openclosed></openclosed>
		<numberregistered>0.0</numberregistered>
		<zoomurl></zoomurl>
		<zoomrecordingurl></zoomrecordingurl>
		<sessionimageurl></sessionimageurl>
		<sessionimagetype></sessionimagetype>
		<meetingID></meetingID>
		<meetingpassword></meetingpassword>
		<dayoftheweek>Wednesday</dayoftheweek>
		<sessionformat>Keynote</sessionformat>
	</agenda>
	<agenda>
		<id>a13VV000002p0qR</id>
		<name><![CDATA[Tuesday Lunch]]></name>
		<date>2024-02-06</date>
		<datetime>2024-02-06T20:00:00.000Z</datetime>
		<enddatetime>2024-02-06T21:00:00.000Z</enddatetime>
		<track><![CDATA[Break]]></track>
		<tracknum></tracknum>
		<sessionnum></sessionnum>
		<session><![CDATA[Tuesday Lunch]]></session>
		<sessionagenda><![CDATA[]]></sessionagenda>
		<time><![CDATA[]]></time>
		<starttime>12:00</starttime>
		<endtime>1:00 PM</endtime>
		<roomnum></roomnum>
		<roomlocation>Floor 1</roomlocation>
		<publishroom>false</publishroom>
		<room><![CDATA[GAB Lobby]]></room>
		<openclosed></openclosed>
		<numberregistered>0.0</numberregistered>
		<zoomurl></zoomurl>
		<zoomrecordingurl></zoomrecordingurl>
		<sessionimageurl></sessionimageurl>
		<sessionimagetype></sessionimagetype>
		<meetingID></meetingID>
		<meetingpassword></meetingpassword>
		<dayoftheweek>Tuesday</dayoftheweek>
		<sessionformat>Pre-Con Seminar</sessionformat>
	</agenda>
	<agenda>
		<id>a13VV000002p0r2</id>
		<name><![CDATA[Special Presentation 4: Arm]]></name>
		<date>2024-02-08</date>
		<datetime>2024-02-08T19:20:00.000Z</datetime>
		<enddatetime>2024-02-08T19:35:00.000Z</enddatetime>
		<track><![CDATA[CS 2024 Keynotes]]></track>
		<tracknum></tracknum>
		<sessionnum>SP-4</sessionnum>
		<session><![CDATA[Special Presentation 4: Arm]]></session>
		<sessionagenda><![CDATA[]]></sessionagenda>
		<time><![CDATA[]]></time>
		<starttime>11:20</starttime>
		<endtime>11:35 AM</endtime>
		<roomnum></roomnum>
		<roomlocation>Floor 1</roomlocation>
		<publishroom>false</publishroom>
		<room><![CDATA[GAB J (Great America Ballroom J)]]></room>
		<openclosed></openclosed>
		<numberregistered>0.0</numberregistered>
		<zoomurl></zoomurl>
		<zoomrecordingurl></zoomrecordingurl>
		<sessionimageurl></sessionimageurl>
		<sessionimagetype></sessionimagetype>
		<meetingID></meetingID>
		<meetingpassword></meetingpassword>
		<dayoftheweek>Thursday</dayoftheweek>
		<sessionformat>Special Event</sessionformat>
	</agenda>
	<agenda>
		<id>a13VV000002p0qv</id>
		<name><![CDATA[D-103: Annual Update on Chiplet Design - Key Challenges and How to Meet Them]]></name>
		<date>2024-02-07</date>
		<datetime>2024-02-08T00:33:00.000Z</datetime>
		<enddatetime>2024-02-08T01:30:00.000Z</enddatetime>
		<track><![CDATA[Annual Update]]></track>
		<tracknum></tracknum>
		<sessionnum>D-103</sessionnum>
		<session><![CDATA[D-103: Annual Update on Chiplet Design - Key Challenges and How to Meet Them]]></session>
		<sessionagenda><![CDATA[]]></sessionagenda>
		<time><![CDATA[]]></time>
		<starttime>4:30</starttime>
		<endtime>5:30 PM</endtime>
		<roomnum></roomnum>
		<roomlocation>Floor 1</roomlocation>
		<publishroom>false</publishroom>
		<room><![CDATA[GAB K (Great America Ballroom K)]]></room>
		<openclosed></openclosed>
		<numberregistered>0.0</numberregistered>
		<zoomurl></zoomurl>
		<zoomrecordingurl></zoomrecordingurl>
		<sessionimageurl></sessionimageurl>
		<sessionimagetype></sessionimagetype>
		<meetingID></meetingID>
		<meetingpassword></meetingpassword>
		<dayoftheweek>Wednesday</dayoftheweek>
		<sessionformat>Panel Session</sessionformat>
	</agenda>
	<agenda>
		<id>a13VV000002p0qa</id>
		<name><![CDATA[Wednesday AM Refreshment Break]]></name>
		<date>2024-02-07</date>
		<datetime>2024-02-07T18:00:00.000Z</datetime>
		<enddatetime>2024-02-07T18:10:00.000Z</enddatetime>
		<track><![CDATA[Break]]></track>
		<tracknum></tracknum>
		<sessionnum></sessionnum>
		<session><![CDATA[Wednesday AM Refreshment Break]]></session>
		<sessionagenda><![CDATA[]]></sessionagenda>
		<time><![CDATA[]]></time>
		<starttime>10:00</starttime>
		<endtime>10:10 AM</endtime>
		<roomnum></roomnum>
		<roomlocation>Floor 1</roomlocation>
		<publishroom>false</publishroom>
		<room><![CDATA[GAB Lobby]]></room>
		<openclosed></openclosed>
		<numberregistered>0.0</numberregistered>
		<zoomurl></zoomurl>
		<zoomrecordingurl></zoomrecordingurl>
		<sessionimageurl></sessionimageurl>
		<sessionimagetype></sessionimagetype>
		<meetingID></meetingID>
		<meetingpassword></meetingpassword>
		<dayoftheweek>Wednesday</dayoftheweek>
		<sessionformat>General Event</sessionformat>
	</agenda>
	<agenda>
		<id>a13VV0000042Z5r</id>
		<name><![CDATA[Tutorial D Panel: Choosing the Right Die-to-Die Interface for Your Application]]></name>
		<date>2024-02-06</date>
		<datetime>2024-02-06T16:32:00.000Z</datetime>
		<enddatetime>2024-02-06T20:00:00.000Z</enddatetime>
		<track><![CDATA[Pre-Conference Tutorials]]></track>
		<tracknum></tracknum>
		<sessionnum>PreConD</sessionnum>
		<session><![CDATA[Tutorial D Panel: Choosing the Right Die-to-Die Interface for Your Application]]></session>
		<sessionagenda><![CDATA[]]></sessionagenda>
		<time><![CDATA[]]></time>
		<starttime>8:30</starttime>
		<endtime>12:00 PM</endtime>
		<roomnum></roomnum>
		<roomlocation>Floor 2</roomlocation>
		<publishroom>false</publishroom>
		<room><![CDATA[GAMR 3 (Great America Meeting Room 3)]]></room>
		<openclosed></openclosed>
		<numberregistered>0.0</numberregistered>
		<zoomurl></zoomurl>
		<zoomrecordingurl></zoomrecordingurl>
		<sessionimageurl></sessionimageurl>
		<sessionimagetype></sessionimagetype>
		<meetingID></meetingID>
		<meetingpassword></meetingpassword>
		<dayoftheweek>Tuesday</dayoftheweek>
		<sessionformat>Panel Session</sessionformat>
	</agenda>
	<agenda>
		<id>a13VV000002p0qi</id>
		<name><![CDATA[A-101: Security - 1]]></name>
		<date>2024-02-07</date>
		<datetime>2024-02-07T22:00:00.000Z</datetime>
		<enddatetime>2024-02-07T23:00:00.000Z</enddatetime>
		<track><![CDATA[Design/Security]]></track>
		<tracknum></tracknum>
		<sessionnum>A-101</sessionnum>
		<session><![CDATA[A-101: Security - 1]]></session>
		<sessionagenda><![CDATA[]]></sessionagenda>
		<time><![CDATA[]]></time>
		<starttime>2:00</starttime>
		<endtime>3:00 PM</endtime>
		<roomnum></roomnum>
		<roomlocation>Floor 2</roomlocation>
		<publishroom>false</publishroom>
		<room><![CDATA[GAMR 1 (Great America Meeting Room 1)]]></room>
		<openclosed></openclosed>
		<numberregistered>0.0</numberregistered>
		<zoomurl></zoomurl>
		<zoomrecordingurl></zoomrecordingurl>
		<sessionimageurl></sessionimageurl>
		<sessionimagetype></sessionimagetype>
		<meetingID></meetingID>
		<meetingpassword></meetingpassword>
		<dayoftheweek>Wednesday</dayoftheweek>
		<sessionformat>Paper Session</sessionformat>
	</agenda>
	<agenda>
		<id>a13VV000002p0r5</id>
		<name><![CDATA[Exhibits]]></name>
		<date>2024-02-08</date>
		<datetime>2024-02-08T20:00:00.000Z</datetime>
		<enddatetime>2024-02-08T22:00:00.000Z</enddatetime>
		<track><![CDATA[Exhibits]]></track>
		<tracknum></tracknum>
		<sessionnum></sessionnum>
		<session><![CDATA[Exhibits]]></session>
		<sessionagenda><![CDATA[]]></sessionagenda>
		<time><![CDATA[]]></time>
		<starttime>12:00</starttime>
		<endtime>2:00 PM</endtime>
		<roomnum></roomnum>
		<roomlocation>Floor 1</roomlocation>
		<publishroom>false</publishroom>
		<room><![CDATA[Hall D]]></room>
		<openclosed></openclosed>
		<numberregistered>0.0</numberregistered>
		<zoomurl></zoomurl>
		<zoomrecordingurl></zoomrecordingurl>
		<sessionimageurl></sessionimageurl>
		<sessionimagetype></sessionimagetype>
		<meetingID></meetingID>
		<meetingpassword></meetingpassword>
		<dayoftheweek>Thursday</dayoftheweek>
		<sessionformat>General Event</sessionformat>
	</agenda>
	<agenda>
		<id>a13VV000002p20G</id>
		<name><![CDATA[Pre-Conference Tutorial A: Chiplet Basics]]></name>
		<date>2024-02-06</date>
		<datetime>2024-02-06T16:30:00.000Z</datetime>
		<enddatetime>2024-02-06T20:00:00.000Z</enddatetime>
		<track><![CDATA[Pre-Conference Tutorials]]></track>
		<tracknum></tracknum>
		<sessionnum>PreConA</sessionnum>
		<session><![CDATA[Pre-Conference Tutorial A: Chiplet Basics]]></session>
		<sessionagenda><![CDATA[]]></sessionagenda>
		<time><![CDATA[]]></time>
		<starttime>8:30 AM</starttime>
		<endtime>12:00 PM</endtime>
		<roomnum></roomnum>
		<roomlocation>Floor 2</roomlocation>
		<publishroom>false</publishroom>
		<room><![CDATA[GAMR 1 (Great America Meeting Room 1)]]></room>
		<openclosed></openclosed>
		<numberregistered>0.0</numberregistered>
		<zoomurl></zoomurl>
		<zoomrecordingurl></zoomrecordingurl>
		<sessionimageurl></sessionimageurl>
		<sessionimagetype></sessionimagetype>
		<meetingID></meetingID>
		<meetingpassword></meetingpassword>
		<dayoftheweek>Tuesday</dayoftheweek>
		<sessionformat>Paper Session</sessionformat>
	</agenda>
	<agenda>
		<id>a13VV000002p0qq</id>
		<name><![CDATA[D-102: Annual Update on Die-to-Die Interfaces]]></name>
		<date>2024-02-07</date>
		<datetime>2024-02-07T23:18:00.000Z</datetime>
		<enddatetime>2024-02-08T00:15:00.000Z</enddatetime>
		<track><![CDATA[Annual Update]]></track>
		<tracknum></tracknum>
		<sessionnum>D-102</sessionnum>
		<session><![CDATA[D-102: Annual Update on Die-to-Die Interfaces]]></session>
		<sessionagenda><![CDATA[]]></sessionagenda>
		<time><![CDATA[]]></time>
		<starttime>3:15</starttime>
		<endtime>4:15 PM</endtime>
		<roomnum></roomnum>
		<roomlocation>Floor 1</roomlocation>
		<publishroom>false</publishroom>
		<room><![CDATA[GAB J (Great America Ballroom J)]]></room>
		<openclosed></openclosed>
		<numberregistered>0.0</numberregistered>
		<zoomurl></zoomurl>
		<zoomrecordingurl></zoomrecordingurl>
		<sessionimageurl></sessionimageurl>
		<sessionimagetype></sessionimagetype>
		<meetingID></meetingID>
		<meetingpassword></meetingpassword>
		<dayoftheweek>Wednesday</dayoftheweek>
		<sessionformat>Update</sessionformat>
	</agenda>
	<agenda>
		<id>a13VV000003hh9d</id>
		<name><![CDATA[Thursday Breakfast]]></name>
		<date>2024-02-08</date>
		<datetime>2024-02-08T16:15:00.000Z</datetime>
		<enddatetime>2024-02-08T17:00:00.000Z</enddatetime>
		<track><![CDATA[Registration]]></track>
		<tracknum></tracknum>
		<sessionnum></sessionnum>
		<session><![CDATA[Thursday Breakfast]]></session>
		<sessionagenda><![CDATA[]]></sessionagenda>
		<time><![CDATA[]]></time>
		<starttime>8:15</starttime>
		<endtime>9:00 AM</endtime>
		<roomnum></roomnum>
		<roomlocation>Floor 1</roomlocation>
		<publishroom>false</publishroom>
		<room><![CDATA[GAB Lobby]]></room>
		<openclosed></openclosed>
		<numberregistered>0.0</numberregistered>
		<zoomurl></zoomurl>
		<zoomrecordingurl></zoomrecordingurl>
		<sessionimageurl></sessionimageurl>
		<sessionimagetype></sessionimagetype>
		<meetingID></meetingID>
		<meetingpassword></meetingpassword>
		<dayoftheweek>Thursday</dayoftheweek>
		<sessionformat></sessionformat>
	</agenda>
	<agenda>
		<id>a13VV000002p0qn</id>
		<name><![CDATA[A-102: Design - 1]]></name>
		<date>2024-02-07</date>
		<datetime>2024-02-07T23:15:00.000Z</datetime>
		<enddatetime>2024-02-08T00:15:00.000Z</enddatetime>
		<track><![CDATA[Design/Security]]></track>
		<tracknum></tracknum>
		<sessionnum>A-102</sessionnum>
		<session><![CDATA[A-102: Design - 1]]></session>
		<sessionagenda><![CDATA[]]></sessionagenda>
		<time><![CDATA[]]></time>
		<starttime>3:15</starttime>
		<endtime>4:15 PM</endtime>
		<roomnum></roomnum>
		<roomlocation>Floor 2</roomlocation>
		<publishroom>false</publishroom>
		<room><![CDATA[GAMR 1 (Great America Meeting Room 1)]]></room>
		<openclosed></openclosed>
		<numberregistered>0.0</numberregistered>
		<zoomurl></zoomurl>
		<zoomrecordingurl></zoomrecordingurl>
		<sessionimageurl></sessionimageurl>
		<sessionimagetype></sessionimagetype>
		<meetingID></meetingID>
		<meetingpassword></meetingpassword>
		<dayoftheweek>Wednesday</dayoftheweek>
		<sessionformat>Paper Session</sessionformat>
	</agenda>
</agendalist>
