<?xml version="1.0" encoding="UTF-8"?>
<presentationlist lastupdate="2024-02-11 23:29:22">
	<presentation>
		<id>a0t5f000005Pwcw</id>
		<name><![CDATA[Hierarchical Approach to Multiphysics Analysis of Chiplet-Based Designs]]></name>
		<date>2024-02-07</date>
		<track><![CDATA[Design/Security]]></track>
		<tracknumber></tracknumber>
		<sessionid>a13VV000002p0qn</sessionid>
		<sessionnum></sessionnum>
		<session><![CDATA[A-102: Design - 1]]></session>
		<moderator><![CDATA[false]]></moderator>
		<speaker><![CDATA[Lang Lin]]></speaker>
		<speakertitle><![CDATA[Principal Engineer]]></speakertitle>
		<speakerimage><![CDATA[]]></speakerimage>
		<speakeraccountdescription><![CDATA[ANSYS is the global leader in engineering simulation headquartered in Pennsylvania. Our software helps the world's most innovative companies solve the most complex design challenges and create products limited only by imagination. We provide EMIR, thermal, SIPI tools for chiplet design companies and multiphysics multi-scale simulation tools for 3DIC system design companies.]]></speakeraccountdescription>
		<account><![CDATA[Ansys]]></account>
		<accountdescription><![CDATA[]]></accountdescription>
		<salutation><![CDATA[]]></salutation>
		<credentials><![CDATA[]]></credentials>
		<bio><![CDATA[Lang Lin is a principal product manager at Ansys, where he works on multiphysics simulation tools for power integrity, thermal integrity, and IC security verification. Before joining Ansys, he was a senior hardware engineer at Intel leading the silicon-correlated modeling methodology of a server chip power grid network. He has authored over 20 technical publications and holds four patents. He has presented at many EDA and security conferences such as DesignCon, Design Automation Conference (DAC), and the International Symposium on Hardware Oriented Security and Trust (HOST). He earned a PhD in electrical and computer engineering from University of Massachusetts (Amherst).]]></bio>
		<proceedingsfilename><![CDATA[20240207_A-102_Lin]]></proceedingsfilename>
		<proceedingsfiletype><![CDATA[]]></proceedingsfiletype>
		<speaker2><![CDATA[]]></speaker2>
		<speaker2title><![CDATA[]]></speaker2title>
		<account2><![CDATA[]]></account2>
		<salutation2><![CDATA[]]></salutation2>
		<credentials2><![CDATA[]]></credentials2>
		<bio2><![CDATA[]]></bio2>
		<speaker3><![CDATA[]]></speaker3>
		<speaker3title><![CDATA[]]></speaker3title>
		<account3><![CDATA[]]></account3>
		<salutation3><![CDATA[]]></salutation3>
		<credentials3><![CDATA[]]></credentials3>
		<bio3><![CDATA[]]></bio3>
		<time><![CDATA[3:15]]></time>
		<starttime><![CDATA[]]></starttime>
		<roomnum></roomnum>
		<order></order>
		<room><![CDATA[]]></room>
		<abstract><![CDATA[Todayâs chiplet-based systems present huge design/verification and analysis challenges. Multiple chiplets are assembled in a 3D structure that produces complex couplings among the heterogenous components and millions of physical connections. A novel platform tackles the challenges using hierarchical modeling to build a chiplet-based system through early stage, in-design, and signoff stages for 2.5D and 3D-ICs. It can perform multiphysics analysis for power, signal, thermal, and structural integrity verification. Research is currently proceeding on applications in chiplets with post-FinFET devices, photonics, and security modules.]]></abstract>
	</presentation>
	<presentation>
		<id>a0tVV000000ZUpv</id>
		<name><![CDATA[Efficient Transport in Chiplet-Based AI/ML Applications]]></name>
		<date>2024-02-07</date>
		<track><![CDATA[Interfaces - Integration - Applications]]></track>
		<tracknumber></tracknumber>
		<sessionid>a13VV000002p0qt</sessionid>
		<sessionnum></sessionnum>
		<session><![CDATA[B-103: Interfaces - 2]]></session>
		<moderator><![CDATA[false]]></moderator>
		<speaker><![CDATA[Frank Schirrmeister]]></speaker>
		<speakertitle><![CDATA[CEO]]></speakertitle>
		<speakerimage><![CDATA[]]></speakerimage>
		<speakeraccountdescription><![CDATA[Arteris is a leading provider of system IP for accelerating system-on-chip (SoC) development across today’s electronic systems. Arteris network-on-chip (NoC) interconnect IP and SoC integration automation technology enable higher product performance with lower power consumption and faster time to market, delivering better SoC economics so its customers can focus on dreaming up what comes next.]]></speakeraccountdescription>
		<account><![CDATA[Arteris IP]]></account>
		<accountdescription><![CDATA[]]></accountdescription>
		<salutation><![CDATA[]]></salutation>
		<credentials><![CDATA[]]></credentials>
		<bio><![CDATA[Frank Schirrmeister is VP Solutions/Business Development at Arteris IP, where he leads activities in automotive, enterprise computing, consumer, communications, and industrial applications and in artificial intelligence, machine learning, and safety technologies. A well-known leader in the EDA industry, he has played a key role at many major conferences, including being the Engineering Track Chair for the 2024 Design Automation Conference (DAC). He has also written many technical articles in media such as Semiconductor Engineering, EDACafe, and Design&Reuse. Before joining Arteris IP, Frank held management positions at Cadence Design Systems and Synopsys, focusing on product marketing and management, solutions, strategic ecosystem partner initiatives, and customer engagement. He earned a BSEE equivalent from the Technical University of Berlin (Germany).]]></bio>
		<proceedingsfilename><![CDATA[20240207_B-103_Schirrmeister]]></proceedingsfilename>
		<proceedingsfiletype><![CDATA[]]></proceedingsfiletype>
		<speaker2><![CDATA[Guillaume Boillet]]></speaker2>
		<speaker2title><![CDATA[VP Solutions & Business Development]]></speaker2title>
		<account2><![CDATA[Arteris IP]]></account2>
		<salutation2><![CDATA[]]></salutation2>
		<credentials2><![CDATA[]]></credentials2>
		<bio2><![CDATA[Guillaume Boillet is Sr Director Product Management/Strategic Marketing at Arteris, where he works on a wide range of semiconductor IP products. Before joining Arteris, he held management and marketing positions at Synopsys and Mentor Graphics. He has written articles in media such as Semiconductor Engineering, EDN, and Design&Reuse and has given presentations at industry events such as the Linley Fall Processor Conference. He earned MSEEs from CentraleSupec (France) and Ãcole Polytechnique de Montreal (Canada) and an MBA from Grenoble Ecole de Management (France).]]></bio2>
		<speaker3><![CDATA[]]></speaker3>
		<speaker3title><![CDATA[]]></speaker3title>
		<account3><![CDATA[]]></account3>
		<salutation3><![CDATA[]]></salutation3>
		<credentials3><![CDATA[]]></credentials3>
		<bio3><![CDATA[]]></bio3>
		<time><![CDATA[4:30]]></time>
		<starttime><![CDATA[]]></starttime>
		<roomnum></roomnum>
		<order></order>
		<room><![CDATA[]]></room>
		<abstract><![CDATA[Yield issues for chips at leading-edge nodes are causing a design transition from SoCs to chiplets. AI/ML applications are a key driver because of their complexity and the scalability of their computing architectures. The protocol layer with network-on-chip (NoC) protocols such as AMBA AXI and CHI is a key ingredient in creating interoperable chiplets and âSuper-NoCsâ that coordinate data transport. With computing throughput growing faster than memory bandwidth, data transport architecture is critical for successful AI/ML applications. Requirements from AI/ML inferencing and generative AI applications provide a basis for evaluating chiplet-based architectures. NoCs must help optimize performance, power, and cost. Example designs from ADAS and AI/ML applications illustrate new efficient NoC IP that allows for early architecture optimization and physically-aware connections to industry-leading digital implementation flows.]]></abstract>
	</presentation>
	<presentation>
		<id>a0tVV000000l3iQ</id>
		<name><![CDATA[Taking Full Advantage of UCIe in Chiplet Design]]></name>
		<date>2024-02-07</date>
		<track><![CDATA[Interfaces - Integration - Applications]]></track>
		<tracknumber></tracknumber>
		<sessionid>a13VV000002p0qt</sessionid>
		<sessionnum></sessionnum>
		<session><![CDATA[B-103: Interfaces - 2]]></session>
		<moderator><![CDATA[false]]></moderator>
		<speaker><![CDATA[Luis E. Rodriguez]]></speaker>
		<speakertitle><![CDATA[Solutions Architect]]></speakertitle>
		<speakerimage><![CDATA[]]></speakerimage>
		<speakeraccountdescription><![CDATA[Siemens EDA provides comprehensive 3D IC packaging coverage for performance validation and design verification from predictive to final sign off. At Siemens he is focused on the architecture of the UCIe Verification IP, as well as participating in several cross functional teams focused on finding synergies between verification IP and other Siemens EDA tools.]]></speakeraccountdescription>
		<account><![CDATA[Siemens EDA]]></account>
		<accountdescription><![CDATA[]]></accountdescription>
		<salutation><![CDATA[]]></salutation>
		<credentials><![CDATA[]]></credentials>
		<bio><![CDATA[Luis E. Rodriguez is a Solutions Architect/UCIe Verification IP Architect at Siemens EDA. He currently works on architecture and development of UCIe Verification IP and finding synergies between it and other Siemens tools. He has previously developed verification IP for PCIe, CXL, and NVMe. He earned an MS in computer science from the National Taiwan University.]]></bio>
		<proceedingsfilename><![CDATA[20240207_B-103_Rodriguez]]></proceedingsfilename>
		<proceedingsfiletype><![CDATA[]]></proceedingsfiletype>
		<speaker2><![CDATA[]]></speaker2>
		<speaker2title><![CDATA[]]></speaker2title>
		<account2><![CDATA[]]></account2>
		<salutation2><![CDATA[]]></salutation2>
		<credentials2><![CDATA[]]></credentials2>
		<bio2><![CDATA[]]></bio2>
		<speaker3><![CDATA[]]></speaker3>
		<speaker3title><![CDATA[]]></speaker3title>
		<account3><![CDATA[]]></account3>
		<salutation3><![CDATA[]]></salutation3>
		<credentials3><![CDATA[]]></credentials3>
		<bio3><![CDATA[]]></bio3>
		<time><![CDATA[4:30]]></time>
		<starttime><![CDATA[]]></starttime>
		<roomnum></roomnum>
		<order></order>
		<room><![CDATA[]]></room>
		<abstract><![CDATA[The Universal Chiplet Interconnect express (UCIe) standard enables seamless interoperability and connectivity between dies without reducing performance. It also delivers benefits such as lower power consumption, fault tolerance, and software interoperability. Design and verification engineers must approach UCIe cautiously because of its many advances over previous interfaces. Among the features likely to be new to designers is a complete stack including physical layer, die-to-die adapter layer, and protocol layer. Another major one is the use of clock forwarding and single-ended, low voltage, DDR signaling to improve power efficiency. Key design decisions include retry buffer sizing, fault tolerance, and latency considerations, as well as bandwidth and power.]]></abstract>
	</presentation>
	<presentation>
		<id>a0tVV000001xcS5</id>
		<name><![CDATA[Chiplets Enable New Heterogenous Compute Architectures]]></name>
		<date>2024-02-07</date>
		<track><![CDATA[Interfaces - Integration - Applications]]></track>
		<tracknumber></tracknumber>
		<sessionid>a13VV000002p0qo</sessionid>
		<sessionnum></sessionnum>
		<session><![CDATA[B-102: Applications - 1]]></session>
		<moderator><![CDATA[false]]></moderator>
		<speaker><![CDATA[Philip Lewer]]></speaker>
		<speakertitle><![CDATA[Sr Product Director]]></speakertitle>
		<speakerimage><![CDATA[]]></speakerimage>
		<speakeraccountdescription><![CDATA[Untether AI is a startup located in Toronto, Canada. It provides AI inference acceleration devices as both packaged devices and chiplets. It is a member of the UCIe Consortium.]]></speakeraccountdescription>
		<account><![CDATA[Untether AI]]></account>
		<accountdescription><![CDATA[]]></accountdescription>
		<salutation><![CDATA[]]></salutation>
		<credentials><![CDATA[]]></credentials>
		<bio><![CDATA[Philip currently works as the Senior Director of Product at Untether AI, where he is responsible for outbound marketing, software product management, and business operations. Prior to joining Untether AI, Philip worked at Arm in different positions. Philip served as the Director of Ecosystem and Developer Relations, Machine Learning, where he managed the ecosystem and developer relations team and led the Arm AI Partner Program. He completed his Master of Business Administration (MBA) with a specialization in Management and Entrepreneurial Studies.]]></bio>
		<proceedingsfilename><![CDATA[20240207_B-102_Lewer]]></proceedingsfilename>
		<proceedingsfiletype><![CDATA[]]></proceedingsfiletype>
		<speaker2><![CDATA[]]></speaker2>
		<speaker2title><![CDATA[]]></speaker2title>
		<account2><![CDATA[]]></account2>
		<salutation2><![CDATA[]]></salutation2>
		<credentials2><![CDATA[]]></credentials2>
		<bio2><![CDATA[]]></bio2>
		<speaker3><![CDATA[]]></speaker3>
		<speaker3title><![CDATA[]]></speaker3title>
		<account3><![CDATA[]]></account3>
		<salutation3><![CDATA[]]></salutation3>
		<credentials3><![CDATA[]]></credentials3>
		<bio3><![CDATA[]]></bio3>
		<time><![CDATA[3:15]]></time>
		<starttime><![CDATA[]]></starttime>
		<roomnum></roomnum>
		<order></order>
		<room><![CDATA[]]></room>
		<abstract><![CDATA[Traditional compute architectures assume one chip per package, limiting the ability to explore novel approaches. With the advent of massive AI workloads, old architectures cannot keep up with bandwidth demands. Heterogeneous compute architectures, with a mix of domain-specific chiplets, offer higher performance and energy efficiency. Examples show how they can serve several application domains, including autonomous vehicles and datacenters.]]></abstract>
	</presentation>
	<presentation>
		<id>a0tVV000003wgA3</id>
		<name><![CDATA[Annual Update on Die-to-Die Interfaces]]></name>
		<date>2024-02-07</date>
		<track><![CDATA[Annual Update]]></track>
		<tracknumber></tracknumber>
		<sessionid>a13VV000002p0qq</sessionid>
		<sessionnum></sessionnum>
		<session><![CDATA[D-102: Annual Update on Die-to-Die Interfaces]]></session>
		<moderator><![CDATA[false]]></moderator>
		<speaker><![CDATA[Letizia Giuliano]]></speaker>
		<speakertitle><![CDATA[VP IP Product Marketing/Management]]></speakertitle>
		<speakerimage><![CDATA[]]></speakerimage>
		<speakeraccountdescription><![CDATA[]]></speakeraccountdescription>
		<account><![CDATA[Alphawave Semi]]></account>
		<accountdescription><![CDATA[]]></accountdescription>
		<salutation><![CDATA[]]></salutation>
		<credentials><![CDATA[]]></credentials>
		<bio><![CDATA[Nathan Brookwood is Research Fellow at Insight 64, a semiconductor consulting firm. He has focused recently on microprocessors used in computational applications. His views on the microprocessor market often find their way into articles in mainstream media, business media, and the trade press. He has worked for and with suppliers of mainframes, minicomputers, personal computers, and semiconductors, and he has analyzed and commented on the industry for D.H. Brown Associates and Dataquest. He is a graduate of MIT.]]></bio>
		<proceedingsfilename><![CDATA[20240207_D-102_Giuliano]]></proceedingsfilename>
		<proceedingsfiletype><![CDATA[]]></proceedingsfiletype>
		<speaker2><![CDATA[]]></speaker2>
		<speaker2title><![CDATA[]]></speaker2title>
		<account2><![CDATA[]]></account2>
		<salutation2><![CDATA[]]></salutation2>
		<credentials2><![CDATA[]]></credentials2>
		<bio2><![CDATA[]]></bio2>
		<speaker3><![CDATA[]]></speaker3>
		<speaker3title><![CDATA[]]></speaker3title>
		<account3><![CDATA[]]></account3>
		<salutation3><![CDATA[]]></salutation3>
		<credentials3><![CDATA[]]></credentials3>
		<bio3><![CDATA[]]></bio3>
		<time><![CDATA[3:15]]></time>
		<starttime><![CDATA[]]></starttime>
		<roomnum></roomnum>
		<order></order>
		<room><![CDATA[]]></room>
		<abstract><![CDATA[]]></abstract>
	</presentation>
	<presentation>
		<id>a0t5f0000042vb9</id>
		<name><![CDATA[Developing Secure Multi-Die Systems]]></name>
		<date>2024-02-07</date>
		<track><![CDATA[Design/Security]]></track>
		<tracknumber></tracknumber>
		<sessionid>a13VV000002p0qi</sessionid>
		<sessionnum></sessionnum>
		<session><![CDATA[A-101: Security - 1]]></session>
		<moderator><![CDATA[false]]></moderator>
		<speaker><![CDATA[Dana Neustadter]]></speaker>
		<speakertitle><![CDATA[Product Management Director]]></speakertitle>
		<speakerimage><![CDATA[]]></speakerimage>
		<speakeraccountdescription><![CDATA[]]></speakeraccountdescription>
		<account><![CDATA[Synopsys]]></account>
		<accountdescription><![CDATA[Synopsys technology is at the heart of innovations that are changing the way people work and play. Self-driving cars. Machines that learn. Lightning-fast communication across billions of devices in the datasphere. These breakthroughs are ushering in the era of Smart Everything―where devices are getting smarter and connected, and security is an integral part of the design. Powering this new era of innovation are high-performance silicon chips and exponentially growing amounts of software content. Synopsys is at the forefront of Smart Everything with the world’s most advanced technologies for chip design, verification, IP integration, and software security and quality testing. We help our customers innovate from silicon to software so they can bring amazing new products to life.]]></accountdescription>
		<salutation><![CDATA[]]></salutation>
		<credentials><![CDATA[]]></credentials>
		<bio><![CDATA[Dana Neustadter is Director Product Management for Synopsys' security solutions, where she works on problems ranging from automotive applications through interface IP and on up to quantum computing cyberattacks. She has long experience in the security, IP, semiconductor, and EDA industries with an emphasis on strategy development and marketing for security IP. She is an active blogger on security-related subjects on the Synopsys website. She has also given presentations at D&R IP-SoC Days and has written articles for SemiWiki and Semiconductor Engineering. Dana earned an MSEE from the Technical University Cluj-Napoca (Romania).]]></bio>
		<proceedingsfilename><![CDATA[20240207_A-101_Neustadter]]></proceedingsfilename>
		<proceedingsfiletype><![CDATA[]]></proceedingsfiletype>
		<speaker2><![CDATA[]]></speaker2>
		<speaker2title><![CDATA[]]></speaker2title>
		<account2><![CDATA[]]></account2>
		<salutation2><![CDATA[]]></salutation2>
		<credentials2><![CDATA[]]></credentials2>
		<bio2><![CDATA[]]></bio2>
		<speaker3><![CDATA[]]></speaker3>
		<speaker3title><![CDATA[]]></speaker3title>
		<account3><![CDATA[]]></account3>
		<salutation3><![CDATA[]]></salutation3>
		<credentials3><![CDATA[]]></credentials3>
		<bio3><![CDATA[]]></bio3>
		<time><![CDATA[2:00]]></time>
		<starttime><![CDATA[]]></starttime>
		<roomnum></roomnum>
		<order></order>
		<room><![CDATA[]]></room>
		<abstract><![CDATA[Security is now a major issue for electronic systems at all levels, as attackers become more numerous and more sophisticated. Multi-die systems add complexity as they may involve chiplets with varied functions, technologies, and manufacturers, as well as interconnections. Attackers thus have many places to look for vulnerabilities. Key security requirements for multi-die systems include an overall plan for all levels including chiplets, systems, and interconnect. The system must achieve a high level of trust through robust per-die identification and authentication, secure communications (UCIe security), and data protection. Standards organizations must provide a set of security levels and procedures and tests for certifying that chiplets conform to them.]]></abstract>
	</presentation>
	<presentation>
		<id>a0t5f000004BZAb</id>
		<name><![CDATA[Powering Chiplet-Based Designs with Integrated Bucket Converters]]></name>
		<date>2024-02-07</date>
		<track><![CDATA[Design/Security]]></track>
		<tracknumber></tracknumber>
		<sessionid>a13VV000002p0qs</sessionid>
		<sessionnum></sessionnum>
		<session><![CDATA[A-103: Design - 2]]></session>
		<moderator><![CDATA[false]]></moderator>
		<speaker><![CDATA[Dan Kultran]]></speaker>
		<speakertitle><![CDATA[CTO]]></speakertitle>
		<speakerimage><![CDATA[]]></speakerimage>
		<speakeraccountdescription><![CDATA[]]></speakeraccountdescription>
		<account><![CDATA[Epirus]]></account>
		<accountdescription><![CDATA[]]></accountdescription>
		<salutation><![CDATA[]]></salutation>
		<credentials><![CDATA[]]></credentials>
		<bio><![CDATA[Dan Kultran is the CTO of Epirus, where he has developed smart power management and solid-state technologies (including GaN) across multiple product lines. Before joining Epirus, Dan worked at Northrop Grumman and Raytheon, where he developed advanced system-on-chip designs and integrated circuits. He has also worked on RFICs at Broadcom. He earned an MSEE from the University of Southern California and holds 12 patents.]]></bio>
		<proceedingsfilename><![CDATA[20240207_A-103_Kultran]]></proceedingsfilename>
		<proceedingsfiletype><![CDATA[]]></proceedingsfiletype>
		<speaker2><![CDATA[]]></speaker2>
		<speaker2title><![CDATA[]]></speaker2title>
		<account2><![CDATA[]]></account2>
		<salutation2><![CDATA[]]></salutation2>
		<credentials2><![CDATA[]]></credentials2>
		<bio2><![CDATA[]]></bio2>
		<speaker3><![CDATA[]]></speaker3>
		<speaker3title><![CDATA[]]></speaker3title>
		<account3><![CDATA[]]></account3>
		<salutation3><![CDATA[]]></salutation3>
		<credentials3><![CDATA[]]></credentials3>
		<bio3><![CDATA[]]></bio3>
		<time><![CDATA[4:30]]></time>
		<starttime><![CDATA[]]></starttime>
		<roomnum></roomnum>
		<order></order>
		<room><![CDATA[]]></room>
		<abstract><![CDATA[An obvious problem with high-performance chiplet-based designs is that they often draw large amounts of current (10s or even hundreds of amperes). Designers need a way to provide the needed resources in a highly compact form. Integrated bucket converters are the best solution today. Designers can find ones capable of providing hundreds of amperes with very high efficiency, low loss magnetics, no external components, and a form that allows for integration into existing dies or can be a die on its own.]]></abstract>
	</presentation>
	<presentation>
		<id>a0t5f0000042vWI</id>
		<name><![CDATA[Multi-Die Systems for Aerospace and Defense Applications]]></name>
		<date>2024-02-07</date>
		<track><![CDATA[Interfaces - Integration - Applications]]></track>
		<tracknumber></tracknumber>
		<sessionid>a13VV000002p0qo</sessionid>
		<sessionnum></sessionnum>
		<session><![CDATA[B-102: Applications - 1]]></session>
		<moderator><![CDATA[false]]></moderator>
		<speaker><![CDATA[Ian Land]]></speaker>
		<speakertitle><![CDATA[Sr Solutions Director]]></speakertitle>
		<speakerimage><![CDATA[]]></speakerimage>
		<speakeraccountdescription><![CDATA[]]></speakeraccountdescription>
		<account><![CDATA[Synopsys India]]></account>
		<accountdescription><![CDATA[]]></accountdescription>
		<salutation><![CDATA[]]></salutation>
		<credentials><![CDATA[]]></credentials>
		<bio><![CDATA[Ian Land is Synopsys’s Director of Security, Government, and Aerospace Solutions. He handles product marketing, product planning, business development, strategic alliances, and business analysis. Before joining Synopsys, he was Director of Intel’s Public Sector Business Unit which sold embedded CPU products worldwide. He has also worked for Altera and Xilinx. He is a frequent blogger on military/defense applications and has been active at Synopsys User Group (SNUG) meetings. He earned master's degrees in mechanical engineering and management from MIT.]]></bio>
		<proceedingsfilename><![CDATA[20240207_B-102_Land]]></proceedingsfilename>
		<proceedingsfiletype><![CDATA[]]></proceedingsfiletype>
		<speaker2><![CDATA[]]></speaker2>
		<speaker2title><![CDATA[]]></speaker2title>
		<account2><![CDATA[]]></account2>
		<salutation2><![CDATA[]]></salutation2>
		<credentials2><![CDATA[]]></credentials2>
		<bio2><![CDATA[]]></bio2>
		<speaker3><![CDATA[]]></speaker3>
		<speaker3title><![CDATA[]]></speaker3title>
		<account3><![CDATA[]]></account3>
		<salutation3><![CDATA[]]></salutation3>
		<credentials3><![CDATA[]]></credentials3>
		<bio3><![CDATA[]]></bio3>
		<time><![CDATA[3:15]]></time>
		<starttime><![CDATA[]]></starttime>
		<roomnum></roomnum>
		<order></order>
		<room><![CDATA[]]></room>
		<abstract><![CDATA[Aerospace/defense applications must operate in harsh environments and process complex algorithms with ultra-low latency at high power efficiency. The move to multi-die systems offers scaling of functionality as well as system power and performance benefits. Key applications include electronic warfare, digital radar, and spaceborne video. Technical advances in packaging, interconnect, process technologies, and thermal management will help modernize systems, include more AI, and increase reliability and durability, along with low size, weight, and power (SWaP). However, designers must follow best practices throughout the design process. An example RF sensor processing stack shows a building block approach to radar and electronic warfare applications. The chiplet stack not only handles RF analog processing but also data conversion, adaptive beamforming, signal processing, and memory management.]]></abstract>
	</presentation>
	<presentation>
		<id>a0tVV0000032xTh</id>
		<name><![CDATA[Systems to Materials Co-optimization in the AI Era – a Critical Need]]></name>
		<date>2024-02-07</date>
		<track><![CDATA[CS 2024 Keynotes]]></track>
		<tracknumber></tracknumber>
		<sessionid>a13VV000002p0qb</sessionid>
		<sessionnum></sessionnum>
		<session><![CDATA[Keynote 1: Applied Materials]]></session>
		<moderator><![CDATA[false]]></moderator>
		<speaker><![CDATA[Subi Kengeri]]></speaker>
		<speakertitle><![CDATA[]]></speakertitle>
		<speakerimage><![CDATA[https://realintelligence.com/customers/expos/linkedin/1571152199669.jpeg]]></speakerimage>
		<speakeraccountdescription><![CDATA[]]></speakeraccountdescription>
		<account><![CDATA[Applied Materials]]></account>
		<accountdescription><![CDATA[]]></accountdescription>
		<salutation><![CDATA[]]></salutation>
		<credentials><![CDATA[]]></credentials>
		<bio><![CDATA[Subi Kengeri is VP AI System Solutions at Applied Materials, where he leads the development of next generation products. He was previously CTO/VP World-Wide Client Solutions at GlobalFoundries and Sr Director/Head TSMC North America Design Center. He holds 47 patents and has given over 100 invited talks and press interviews. He earned an MSEE equivalent at IIT Delhi.]]></bio>
		<proceedingsfilename><![CDATA[20240207_K-1_Kengeri]]></proceedingsfilename>
		<proceedingsfiletype><![CDATA[]]></proceedingsfiletype>
		<speaker2><![CDATA[]]></speaker2>
		<speaker2title><![CDATA[]]></speaker2title>
		<account2><![CDATA[]]></account2>
		<salutation2><![CDATA[]]></salutation2>
		<credentials2><![CDATA[]]></credentials2>
		<bio2><![CDATA[]]></bio2>
		<speaker3><![CDATA[]]></speaker3>
		<speaker3title><![CDATA[]]></speaker3title>
		<account3><![CDATA[]]></account3>
		<salutation3><![CDATA[]]></salutation3>
		<credentials3><![CDATA[]]></credentials3>
		<bio3><![CDATA[]]></bio3>
		<time><![CDATA[10:10]]></time>
		<starttime><![CDATA[]]></starttime>
		<roomnum></roomnum>
		<order></order>
		<room><![CDATA[]]></room>
		<abstract><![CDATA[]]></abstract>
	</presentation>
	<presentation>
		<id>a0tVV0000024PgD</id>
		<name><![CDATA[Using Functional Monitors to Ensure Chiplet Integrity]]></name>
		<date>2024-02-07</date>
		<track><![CDATA[Design/Security]]></track>
		<tracknumber></tracknumber>
		<sessionid>a13VV000002p0qi</sessionid>
		<sessionnum></sessionnum>
		<session><![CDATA[A-101: Security - 1]]></session>
		<moderator><![CDATA[false]]></moderator>
		<speaker><![CDATA[Lee Harrison]]></speaker>
		<speakertitle><![CDATA[Marketing Director]]></speakertitle>
		<speakerimage><![CDATA[]]></speakerimage>
		<speakeraccountdescription><![CDATA[Siemens EDA, provides software EDA products and IP solutions to address the challenges of building Semiconductors.]]></speakeraccountdescription>
		<account><![CDATA[Siemens Digital Industries Software]]></account>
		<accountdescription><![CDATA[]]></accountdescription>
		<salutation><![CDATA[]]></salutation>
		<credentials><![CDATA[]]></credentials>
		<bio><![CDATA[Lee Harrison is Director Product Marketing at Siemens, where he works on safety and security products focused on the automotive industry. He has over 20 years experience with DFT products and has helped deliver high-quality DFT solutions. He has hosted the Security by Design podcast series discussing safety and security in the IC industry and has presented at industry conferences such as DAC, ITC, and DATE. He earned a BEng in MicroElectronic Engineering from Brunel University London.]]></bio>
		<proceedingsfilename><![CDATA[20240207_A-101_Harrison]]></proceedingsfilename>
		<proceedingsfiletype><![CDATA[]]></proceedingsfiletype>
		<speaker2><![CDATA[]]></speaker2>
		<speaker2title><![CDATA[]]></speaker2title>
		<account2><![CDATA[]]></account2>
		<salutation2><![CDATA[]]></salutation2>
		<credentials2><![CDATA[]]></credentials2>
		<bio2><![CDATA[]]></bio2>
		<speaker3><![CDATA[]]></speaker3>
		<speaker3title><![CDATA[]]></speaker3title>
		<account3><![CDATA[]]></account3>
		<salutation3><![CDATA[]]></salutation3>
		<credentials3><![CDATA[]]></credentials3>
		<bio3><![CDATA[]]></bio3>
		<time><![CDATA[2:00]]></time>
		<starttime><![CDATA[]]></starttime>
		<roomnum></roomnum>
		<order></order>
		<room><![CDATA[]]></room>
		<abstract><![CDATA[Chip developers must ensure the integrity and trustworthiness of all chiplets used in the creation of a multi-die IC. The security tokens should be generated dynamically during operation, not hard coded into the chiplets. Using functional monitors to build a key based on transactions ensures the creation of an accurate token. The token could even differ for different integrations of the same chiplet, so application dependence ensures the use of the correct software build. This methodology deploys a zero trust approach even within an SoC, where the use of off-the shelf chiplets produces a major security challenge.]]></abstract>
	</presentation>
	<presentation>
		<id>a0tVV000001uo6R</id>
		<name><![CDATA[New Approach to Die-to-Die Memory Chiplet Interconnect]]></name>
		<date>2024-02-07</date>
		<track><![CDATA[Interfaces - Integration - Applications]]></track>
		<tracknumber></tracknumber>
		<sessionid>a13VV000002p0qt</sessionid>
		<sessionnum></sessionnum>
		<session><![CDATA[B-103: Interfaces - 2]]></session>
		<moderator><![CDATA[false]]></moderator>
		<speaker><![CDATA[Ramin Farjad]]></speaker>
		<speakertitle><![CDATA[]]></speakertitle>
		<speakerimage><![CDATA[]]></speakerimage>
		<speakeraccountdescription><![CDATA[]]></speakeraccountdescription>
		<account><![CDATA[Eliyan]]></account>
		<accountdescription><![CDATA[]]></accountdescription>
		<salutation><![CDATA[]]></salutation>
		<credentials><![CDATA[]]></credentials>
		<bio><![CDATA[Ramin Farjad is CEO of Eliyan, a company focused on next generation chiplet-based system-in-package (SiP) solutions. He was previously the CTO/VP Networking/Automotive PHYs at Marvell, in charge of developing connectivity technologies for autonomous vehicles, hyperscale data centers, and heterogenous SiP Integration. Before that, he was Co-Founder/VP Technology of Aquantia, where he focused on Ethernet PHY technologies. Ramin has pioneered several signaling schemes adopted as international standards, such as PAM4 SerDes (IEEE 802.3cd), Multi-Gig Automotive Ethernet (IEEE 802.3ch), Enterprise Ethernet (IEEE 802.3bz), and the BoW die-to-die connectivity scheme at OCP. He is the author of over 130 granted/pending patents. He earned a PhD in electrical engineering from Stanford University.]]></bio>
		<proceedingsfilename><![CDATA[20240207_B-103_Farjad]]></proceedingsfilename>
		<proceedingsfiletype><![CDATA[]]></proceedingsfiletype>
		<speaker2><![CDATA[]]></speaker2>
		<speaker2title><![CDATA[]]></speaker2title>
		<account2><![CDATA[]]></account2>
		<salutation2><![CDATA[]]></salutation2>
		<credentials2><![CDATA[]]></credentials2>
		<bio2><![CDATA[]]></bio2>
		<speaker3><![CDATA[]]></speaker3>
		<speaker3title><![CDATA[]]></speaker3title>
		<account3><![CDATA[]]></account3>
		<salutation3><![CDATA[]]></salutation3>
		<credentials3><![CDATA[]]></credentials3>
		<bio3><![CDATA[]]></bio3>
		<time><![CDATA[4:30]]></time>
		<starttime><![CDATA[]]></starttime>
		<roomnum></roomnum>
		<order></order>
		<room><![CDATA[]]></room>
		<abstract><![CDATA[Generative AI, with its huge demand for top performance, requires chiplets containing banks of high-speed memory close to processors. This architecture is essential to breaking through the so-called memory wall (limitations on memory bandwidth and capacity). However, the typical silicon interposer is not large enough to accommodate all the memory that todayâs packages could hold. A new approach, called Universal Memory Interface (UMI), provides high-bandwidth D2D connectivity between compute and memory chiplets. It works with standard packaging (no interposer) to implement both high-speed transfers and in-memory computing.]]></abstract>
	</presentation>
	<presentation>
		<id>a0tVV000002w6yR</id>
		<name><![CDATA[Optical Chiplets Meet the Demands of AI Compute Clusters]]></name>
		<date>2024-02-07</date>
		<track><![CDATA[Interfaces - Integration - Applications]]></track>
		<tracknumber></tracknumber>
		<sessionid>a13VV000002p0qt</sessionid>
		<sessionnum></sessionnum>
		<session><![CDATA[B-103: Interfaces - 2]]></session>
		<moderator><![CDATA[false]]></moderator>
		<speaker><![CDATA[Jeff Hutchins]]></speaker>
		<speakertitle><![CDATA[Director CTO Office]]></speakertitle>
		<speakerimage><![CDATA[]]></speakerimage>
		<speakeraccountdescription><![CDATA[]]></speakeraccountdescription>
		<account><![CDATA[Ranovus]]></account>
		<accountdescription><![CDATA[]]></accountdescription>
		<salutation><![CDATA[]]></salutation>
		<credentials><![CDATA[]]></credentials>
		<bio><![CDATA[Jeff Hutchins is a director in the CTO Office at Ranovus, a developer of optical interconnect and co-packaged optics. He has been active in standards development and is currently a vice chair of the Energy Efficient Interfaces effort at the OIF. He is a board member of the OIF and has also co-authored white papers and delivered presentations at many conferences including OFC. He earned an MSEE in electron devices from Stanford University and holds 5 patents.]]></bio>
		<proceedingsfilename><![CDATA[20240207_B-103_Hutchins]]></proceedingsfilename>
		<proceedingsfiletype><![CDATA[]]></proceedingsfiletype>
		<speaker2><![CDATA[Hojjat Salemi]]></speaker2>
		<speaker2title><![CDATA[Chief Business Development Officer]]></speaker2title>
		<account2><![CDATA[Ranovus]]></account2>
		<salutation2><![CDATA[]]></salutation2>
		<credentials2><![CDATA[]]></credentials2>
		<bio2><![CDATA[]]></bio2>
		<speaker3><![CDATA[]]></speaker3>
		<speaker3title><![CDATA[]]></speaker3title>
		<account3><![CDATA[]]></account3>
		<salutation3><![CDATA[]]></salutation3>
		<credentials3><![CDATA[]]></credentials3>
		<bio3><![CDATA[]]></bio3>
		<time><![CDATA[4:30]]></time>
		<starttime><![CDATA[]]></starttime>
		<roomnum></roomnum>
		<order></order>
		<room><![CDATA[]]></room>
		<abstract><![CDATA[AI applications (such as ChatGPTÂ®) will surely demand enormous computing power. AI clusters will require low-latency networking at terabit speeds. One way to scale AI systems is with optical connections rather than electrical ones. However, todayâs optical interfaces are large, expensive, and power-hungry. Optical chiplets to the rescue! Such chiplets are small and use much less power than pluggable optics and can just be one more standard part in the package. And they also avoid the need for retimers or DSP circuits that drive long copper interconnects. They will deliver energy efficient, low latency, and dense optical connectivity needed for AI compute clusters.]]></abstract>
	</presentation>
	<presentation>
		<id>a0tVV0000035dbh</id>
		<name><![CDATA[Multi-Die Systems Set the Stage for Innovation]]></name>
		<date>2024-02-07</date>
		<track><![CDATA[CS 2024 Keynotes]]></track>
		<tracknumber></tracknumber>
		<sessionid>a13VV000002p0qd</sessionid>
		<sessionnum></sessionnum>
		<session><![CDATA[Keynote 2: Synopsys]]></session>
		<moderator><![CDATA[false]]></moderator>
		<speaker><![CDATA[Abhijeet Chakraborty]]></speaker>
		<speakertitle><![CDATA[Fellow]]></speakertitle>
		<speakerimage><![CDATA[https://realintelligence.com/customers/expos/00D5f000000Kf85/images/Abhijeet.png]]></speakerimage>
		<speakeraccountdescription><![CDATA[]]></speakeraccountdescription>
		<account><![CDATA[Synopsys]]></account>
		<accountdescription><![CDATA[Synopsys technology is at the heart of innovations that are changing the way people work and play. Self-driving cars. Machines that learn. Lightning-fast communication across billions of devices in the datasphere. These breakthroughs are ushering in the era of Smart Everything―where devices are getting smarter and connected, and security is an integral part of the design. Powering this new era of innovation are high-performance silicon chips and exponentially growing amounts of software content. Synopsys is at the forefront of Smart Everything with the world’s most advanced technologies for chip design, verification, IP integration, and software security and quality testing. We help our customers innovate from silicon to software so they can bring amazing new products to life.]]></accountdescription>
		<salutation><![CDATA[]]></salutation>
		<credentials><![CDATA[]]></credentials>
		<bio><![CDATA[Abhijeet Chakraborty is VP Engineering at Synopsys, where he is responsible for the EDA technology roadmap, driving 3D heterogeneous integration in government programs, and cloud solutions. He has also held senior engineering R&D leadership roles at the highly regarded startups Magma Design Automation and Monterey Design Systems. He has been active in promoting multi-die systems through his work with the MITRE Engenuity task force. He has participated in many conferences, including DAC and ECTC, and holds several patents. He earned an MSEE from the University of Texas at Austin.]]></bio>
		<proceedingsfilename><![CDATA[20240207_K-2_Modirzadeh]]></proceedingsfilename>
		<proceedingsfiletype><![CDATA[]]></proceedingsfiletype>
		<speaker2><![CDATA[]]></speaker2>
		<speaker2title><![CDATA[]]></speaker2title>
		<account2><![CDATA[]]></account2>
		<salutation2><![CDATA[]]></salutation2>
		<credentials2><![CDATA[]]></credentials2>
		<bio2><![CDATA[]]></bio2>
		<speaker3><![CDATA[]]></speaker3>
		<speaker3title><![CDATA[]]></speaker3title>
		<account3><![CDATA[]]></account3>
		<salutation3><![CDATA[]]></salutation3>
		<credentials3><![CDATA[]]></credentials3>
		<bio3><![CDATA[]]></bio3>
		<time><![CDATA[10:50]]></time>
		<starttime><![CDATA[]]></starttime>
		<roomnum></roomnum>
		<order></order>
		<room><![CDATA[]]></room>
		<abstract><![CDATA[So far, the only design teams able to handle multi-die systems are bleeding-edge ones accustomed to breaking new ground with every step. Now the ecosystem is providing the tools, IP, standards, connectivity, and manufacturing needed to allow many more teams to switch to this new approach. Multi-die systems are now the mainstream and open up innovation in AI, security, transaction systems, virtual reality, and other areas. They continue the trend established by Moore’s Law to provide more compute power, more memory and storage, and faster I/O in less space and at lower cost.]]></abstract>
	</presentation>
	<presentation>
		<id>a0t5f000005QOlL</id>
		<name><![CDATA[Reducing Upfront Costs to Accelerate Chiplet Adoption]]></name>
		<date>2024-02-07</date>
		<track><![CDATA[Design/Security]]></track>
		<tracknumber></tracknumber>
		<sessionid>a13VV000002p0qs</sessionid>
		<sessionnum></sessionnum>
		<session><![CDATA[A-103: Design - 2]]></session>
		<moderator><![CDATA[false]]></moderator>
		<speaker><![CDATA[Kash Johal]]></speaker>
		<speakertitle><![CDATA[CEO]]></speakertitle>
		<speakerimage><![CDATA[]]></speakerimage>
		<speakeraccountdescription><![CDATA[YorChip develops IP for Chiplets and standardized Chiplets for customers to buy as standard die. YorChip is based in SIlicon Valley with an experienced management team with 60 years in semiconductor IP and ASICs.]]></speakeraccountdescription>
		<account><![CDATA[YorChip]]></account>
		<accountdescription><![CDATA[]]></accountdescription>
		<salutation><![CDATA[]]></salutation>
		<credentials><![CDATA[]]></credentials>
		<bio><![CDATA[Kash Johal is the CEO of YorChip developing Chiplets for Mass Markets. Previous worked at multiple IP and ASIC startups for past 35 years with multiple exits.]]></bio>
		<proceedingsfilename><![CDATA[20240207_A-103_Johal]]></proceedingsfilename>
		<proceedingsfiletype><![CDATA[]]></proceedingsfiletype>
		<speaker2><![CDATA[]]></speaker2>
		<speaker2title><![CDATA[]]></speaker2title>
		<account2><![CDATA[]]></account2>
		<salutation2><![CDATA[]]></salutation2>
		<credentials2><![CDATA[]]></credentials2>
		<bio2><![CDATA[]]></bio2>
		<speaker3><![CDATA[]]></speaker3>
		<speaker3title><![CDATA[]]></speaker3title>
		<account3><![CDATA[]]></account3>
		<salutation3><![CDATA[]]></salutation3>
		<credentials3><![CDATA[]]></credentials3>
		<bio3><![CDATA[]]></bio3>
		<time><![CDATA[4:30]]></time>
		<starttime><![CDATA[]]></starttime>
		<roomnum></roomnum>
		<order></order>
		<room><![CDATA[]]></room>
		<abstract><![CDATA[Chiplets are getting a lot of attention, but major barriers still hinder usage. Development often costs millions of dollars and takes years to complete. Off-the-shelf chiplets arenât currently available and, even if they were, would still require custom packaging, integration, and test. What is needed is a simple platform with a programmable controller (typically an FPGA), a high-speed die-to-die interface, and a family of basic pre-packaged chiplets such as processor, memory, AI acceleration, networking, and I/O. It would include a set of design, debug, and test tools. Designers could then build their chips from combinations of basic pre-packaged chiplets known to be fully-tested, compatible, and highly secure. They could also add other functionality as needed to work with the controller. Upfront costs are minimal, adoption is frictionless, and time-to-market is a few months.]]></abstract>
	</presentation>
	<presentation>
		<id>a0t5f0000042vbs</id>
		<name><![CDATA[Chiplet-Based Modular Servers Meet Many Application Needs]]></name>
		<date>2024-02-07</date>
		<track><![CDATA[Interfaces - Integration - Applications]]></track>
		<tracknumber></tracknumber>
		<sessionid>a13VV000002p0qo</sessionid>
		<sessionnum></sessionnum>
		<session><![CDATA[B-102: Applications - 1]]></session>
		<moderator><![CDATA[false]]></moderator>
		<speaker><![CDATA[Paul Borrill]]></speaker>
		<speakertitle><![CDATA[Chief Product Officer]]></speakertitle>
		<speakerimage><![CDATA[]]></speakerimage>
		<speakeraccountdescription><![CDATA[Daedaelus addresses fundamental problems in distributed systems using protocols, data structures & algorithms inspired by Quantum Information Theory and Multiway Systems.]]></speakeraccountdescription>
		<account><![CDATA[Daedaelus]]></account>
		<accountdescription><![CDATA[]]></accountdescription>
		<salutation><![CDATA[]]></salutation>
		<credentials><![CDATA[]]></credentials>
		<bio><![CDATA[Paul Borrill is founder and Chief Product Officer of Daedaelus and a leading industry expert on distributed systems and resilient network and storage infrastructures. He has been a major contributor to modern infrastructure development at NASA, Apple, Sun Microsystems, and Quantum. Paul was cofounder of the Hot Interconnects Symposium and founding chair of the Storage Networking Industry Association (SNIA). He has presented at many conferences on distributed systems and holds nine patents in that area. Paul earned a PhD in Physics from University College London. Co-Author: Charlie Johnson is Chief Engineer at Daedaelus, where he works on architecture, design, coding, and writing patent disclosures. He previously worked at Algo-Logic on FPGA networking and at Nutanix, HPE, and Tandem Computers. He holds over 20 patents and has written many articles, conference papers, and reports. Email: charlesone@yahoo.com]]></bio>
		<proceedingsfilename><![CDATA[20240207_B-102_Borrill]]></proceedingsfilename>
		<proceedingsfiletype><![CDATA[]]></proceedingsfiletype>
		<speaker2><![CDATA[]]></speaker2>
		<speaker2title><![CDATA[]]></speaker2title>
		<account2><![CDATA[]]></account2>
		<salutation2><![CDATA[]]></salutation2>
		<credentials2><![CDATA[]]></credentials2>
		<bio2><![CDATA[]]></bio2>
		<speaker3><![CDATA[]]></speaker3>
		<speaker3title><![CDATA[]]></speaker3title>
		<account3><![CDATA[]]></account3>
		<salutation3><![CDATA[]]></salutation3>
		<credentials3><![CDATA[]]></credentials3>
		<bio3><![CDATA[]]></bio3>
		<time><![CDATA[3:15]]></time>
		<starttime><![CDATA[]]></starttime>
		<roomnum></roomnum>
		<order></order>
		<room><![CDATA[]]></room>
		<abstract><![CDATA[Chiplets let us package a server in a tiny module. Modular servers can deliver data centers full of computers at much lower cost and finer granularity than todayÃ¢ÂÂs OEM servers. An obvious problem is that the server still needs a big, power-hungry Ethernet connection with an expensive cable and switch port. A simple solution is to replace the switch-based network with a mesh network that connects only immediate neighbors. Each connection is just a few centimeters long from module to module and consumes far less power per connection. Chiplets enable that module and the short server to server only connection. The mesh network is cheaper, faster, and more robust than a switched network. Welcome to a new chapter in the age of networking, thanks to chiplets!]]></abstract>
	</presentation>
	<presentation>
		<id>a0t5f0000042vRs</id>
		<name><![CDATA[Chiplet Markets Are Rising: Where and When?]]></name>
		<date>2024-02-07</date>
		<track><![CDATA[Plenary]]></track>
		<tracknumber></tracknumber>
		<sessionid>a13VV000002ym2I</sessionid>
		<sessionnum></sessionnum>
		<session><![CDATA[Chiplets: Where We Are Today]]></session>
		<moderator><![CDATA[false]]></moderator>
		<speaker><![CDATA[Tom Hackenberg]]></speaker>
		<speakertitle><![CDATA[Principal Analyst]]></speakertitle>
		<speakerimage><![CDATA[]]></speakerimage>
		<speakeraccountdescription><![CDATA[]]></speakeraccountdescription>
		<account><![CDATA[Yole Group]]></account>
		<accountdescription><![CDATA[]]></accountdescription>
		<salutation><![CDATA[]]></salutation>
		<credentials><![CDATA[]]></credentials>
		<bio><![CDATA[Tom Hackenberg is a Principal Analyst for Computing and Software at Yole Group. He is an industry leading market reporter for semiconductor processors (including GPUs and DPUs), FPGAs, and configurable processors. He also covers related technology trends including AI and edge computing, IoT, heterogeneous processing, and chiplets, as well as key markets such as automotive, high-performance computing, and telecommunications. Tom has presented at many important events such as the OCP ODAS Workshop on Chiplets, System-on-Chip Conference, Vision and AI Summit, and Xilinx Adapt. He has also been quoted or referenced in such publications as Cision, Computerworld, Design and Reuse, EE Times, Fierce Electronics, Semiconductor Engineering, and VentureBeat. Tom has worked with market-leading processor suppliers developing both syndicated and custom research. He earned a BSEE/BSECE from the University of Texas at Austin specializing in processors and FPGAs.]]></bio>
		<proceedingsfilename><![CDATA[20240207_PLEN_Hackenberg]]></proceedingsfilename>
		<proceedingsfiletype><![CDATA[]]></proceedingsfiletype>
		<speaker2><![CDATA[Ying-Wu Liu]]></speaker2>
		<speaker2title><![CDATA[Technology/Cost Analyst]]></speaker2title>
		<account2><![CDATA[Yole SystemPlus]]></account2>
		<salutation2><![CDATA[]]></salutation2>
		<credentials2><![CDATA[]]></credentials2>
		<bio2><![CDATA[Ying-Wu Liu is a Technology/Cost Analyst at Yole System Plus, where she develops reverse engineering and costing reports. She has set up analyses of innovative IC chips and has provided research on patterning methods and ADAS systems. Previously she was an R&D engineer at Vanguard International Semiconductor, a foundry services company closely linked to TSMC. She earned an MS in physics from the National Tsinghua University (Taiwan) and a master’s In Integration, Security, and Trust in Embedded Systems from the Grenoble INP, ESISAR (France).]]></bio2>
		<speaker3><![CDATA[]]></speaker3>
		<speaker3title><![CDATA[]]></speaker3title>
		<account3><![CDATA[]]></account3>
		<salutation3><![CDATA[]]></salutation3>
		<credentials3><![CDATA[]]></credentials3>
		<bio3><![CDATA[]]></bio3>
		<time><![CDATA[9:00]]></time>
		<starttime><![CDATA[]]></starttime>
		<roomnum></roomnum>
		<order></order>
		<room><![CDATA[]]></room>
		<abstract><![CDATA[All major chipmakers have adopted chiplets as their approach for smaller design nodes. However, the advantages of chiplets over monolithic designs depend on many factors and are difficult to evaluate. Factors include front-end wafer cost, silicon area used up by overhead (such as interconnect and power distribution), disaggregation and integration costs, and more complex packaging and test processes. A new model simulates the cost differences between monolithic and chiplet approaches. It predicts which SoCs will benefit most from chiplets. Analysts can use the model to identify applications where chiplets offer the largest gains and designers are most likely to turn to them.]]></abstract>
	</presentation>
	<presentation>
		<id>a0tVV0000032r0A</id>
		<name><![CDATA[Enabling an Open Chiplet Ecosystem at the Package Level]]></name>
		<date>2024-02-07</date>
		<track><![CDATA[CS 2024 Keynotes]]></track>
		<tracknumber></tracknumber>
		<sessionid>a13VV000002p0qc</sessionid>
		<sessionnum></sessionnum>
		<session><![CDATA[Special Presentation 1: UCIe Consortium]]></session>
		<moderator><![CDATA[false]]></moderator>
		<speaker><![CDATA[Brian Rea]]></speaker>
		<speakertitle><![CDATA[]]></speakertitle>
		<speakerimage><![CDATA[https://realintelligence.com/customers/expos/00D5f000000Kf85/images/brian-rae.png]]></speakerimage>
		<speakeraccountdescription><![CDATA[The UCIe Consortium is an industry consortium dedicated to advancing UCIe™ (Universal Chiplet Interconnect Express™) technology, an open industry standard that defines the interconnect between chiplets within a package, enabling an open chiplet ecosystem and ubiquitous interconnect at the package level. UCIe Consortium is led by key industry leaders Advanced Semiconductor Engineering, Inc. (ASE), Alibaba, AMD, Arm, Google Cloud, Intel Corporation, Meta, Microsoft Corporation, NVIDIA, Qualcomm Incorporated, Samsung Electronics, and Taiwan Semiconductor Manufacturing Company. For more information, visit www.UCIexpress.org.]]></speakeraccountdescription>
		<account><![CDATA[UCIe Consortium]]></account>
		<accountdescription><![CDATA[]]></accountdescription>
		<salutation><![CDATA[]]></salutation>
		<credentials><![CDATA[]]></credentials>
		<bio><![CDATA[Brian Rea is a senior technologist in the industry initiative and technology enabling team at Intel and is the Marketing Working Group Co-Chair for the UCIe Consortium. Brian has held engineering, marketing, and strategic planning roles bringing products with new technologies to market including USB, Gigabit Ethernet, PCIe, and CXL. His passion is working with customers and partners to enable ecosystem innovations in silicon, hardware, and software. Brian holds an MBA from the University of Washington and a BSEE from the University of Texas at Austin.]]></bio>
		<proceedingsfilename><![CDATA[20240207_SP-1_Rea]]></proceedingsfilename>
		<proceedingsfiletype><![CDATA[]]></proceedingsfiletype>
		<speaker2><![CDATA[]]></speaker2>
		<speaker2title><![CDATA[]]></speaker2title>
		<account2><![CDATA[]]></account2>
		<salutation2><![CDATA[]]></salutation2>
		<credentials2><![CDATA[]]></credentials2>
		<bio2><![CDATA[]]></bio2>
		<speaker3><![CDATA[]]></speaker3>
		<speaker3title><![CDATA[]]></speaker3title>
		<account3><![CDATA[]]></account3>
		<salutation3><![CDATA[]]></salutation3>
		<credentials3><![CDATA[]]></credentials3>
		<bio3><![CDATA[]]></bio3>
		<time><![CDATA[10:40]]></time>
		<starttime><![CDATA[]]></starttime>
		<roomnum></roomnum>
		<order></order>
		<room><![CDATA[]]></room>
		<abstract><![CDATA[]]></abstract>
	</presentation>
	<presentation>
		<id>a0tVV000003px4L</id>
		<name><![CDATA[Accelerating Chiplet Startups]]></name>
		<date>2024-02-07</date>
		<track><![CDATA[CS 2024 Keynotes]]></track>
		<tracknumber></tracknumber>
		<sessionid>a13VV000002p0qe</sessionid>
		<sessionnum></sessionnum>
		<session><![CDATA[Special Presentation 2: Silicon Catalyst]]></session>
		<moderator><![CDATA[false]]></moderator>
		<speaker><![CDATA[Nick Kepler]]></speaker>
		<speakertitle><![CDATA[]]></speakertitle>
		<speakerimage><![CDATA[http://realintelligence.com/customers/expos/linkedin/1517682606173.jpeg]]></speakerimage>
		<speakeraccountdescription><![CDATA[]]></speakeraccountdescription>
		<account><![CDATA[Silicon Catalyst]]></account>
		<accountdescription><![CDATA[]]></accountdescription>
		<salutation><![CDATA[]]></salutation>
		<credentials><![CDATA[]]></credentials>
		<bio><![CDATA[Nick Kepler has over 30 years of experience in the semiconductor industry, with varied leadership and technology management roles including semiconductor process technology development and manufacturing, design enablement, technical program management, and customer-facing marketing and technical sales. Prior to Silicon Catalyst, Nick was VP of Products for SuVolta, a startup developing semiconductor technology IP. Prior to SuVolta, Nick was VP of Corporate Program Management and previously VP of Design Enablement at GLOBALFOUNDRIES. Nick spent 23 years at AMD in a variety of management and technical roles concluding with VP, Advanced CMOS Process Technology Development. Nick has BS and MS degrees in EECS from the University of California at Berkeley.]]></bio>
		<proceedingsfilename><![CDATA[20240207_SP-2_Kepler]]></proceedingsfilename>
		<proceedingsfiletype><![CDATA[]]></proceedingsfiletype>
		<speaker2><![CDATA[]]></speaker2>
		<speaker2title><![CDATA[]]></speaker2title>
		<account2><![CDATA[]]></account2>
		<salutation2><![CDATA[]]></salutation2>
		<credentials2><![CDATA[]]></credentials2>
		<bio2><![CDATA[]]></bio2>
		<speaker3><![CDATA[]]></speaker3>
		<speaker3title><![CDATA[]]></speaker3title>
		<account3><![CDATA[]]></account3>
		<salutation3><![CDATA[]]></salutation3>
		<credentials3><![CDATA[]]></credentials3>
		<bio3><![CDATA[]]></bio3>
		<time><![CDATA[11:20]]></time>
		<starttime><![CDATA[]]></starttime>
		<roomnum></roomnum>
		<order></order>
		<room><![CDATA[]]></room>
		<abstract><![CDATA[]]></abstract>
	</presentation>
	<presentation>
		<id>a0tVV000003wiuz</id>
		<name><![CDATA[Annual Update on Packaging]]></name>
		<date>2024-02-07</date>
		<track><![CDATA[Annual Update]]></track>
		<tracknumber></tracknumber>
		<sessionid>a13VV000002p0ql</sessionid>
		<sessionnum></sessionnum>
		<session><![CDATA[D-101: Annual Update on Packaging]]></session>
		<moderator><![CDATA[false]]></moderator>
		<speaker><![CDATA[Mike Kelly]]></speaker>
		<speakertitle><![CDATA[VP Chiplets and Avanced FCBGA Packaging]]></speakertitle>
		<speakerimage><![CDATA[]]></speakerimage>
		<speakeraccountdescription><![CDATA[]]></speakeraccountdescription>
		<account><![CDATA[Amkor]]></account>
		<accountdescription><![CDATA[]]></accountdescription>
		<salutation><![CDATA[]]></salutation>
		<credentials><![CDATA[]]></credentials>
		<bio><![CDATA[Mike joined Amkor in 2005 and has led package developments for EMI shielding, thermally enhanced packages, sensors and high density MCM packages and more recently chiplet-based packaging using high-density fan-out (HDFO) and bridges. He has worked in electronics and IC package design and manufacturing for 30 years, and has more than 40 patents in the field and holds master’s degrees in Mechanical and Chemical Engineering.]]></bio>
		<proceedingsfilename><![CDATA[20240207_D-101_Kelly]]></proceedingsfilename>
		<proceedingsfiletype><![CDATA[]]></proceedingsfiletype>
		<speaker2><![CDATA[]]></speaker2>
		<speaker2title><![CDATA[]]></speaker2title>
		<account2><![CDATA[]]></account2>
		<salutation2><![CDATA[]]></salutation2>
		<credentials2><![CDATA[]]></credentials2>
		<bio2><![CDATA[]]></bio2>
		<speaker3><![CDATA[]]></speaker3>
		<speaker3title><![CDATA[]]></speaker3title>
		<account3><![CDATA[]]></account3>
		<salutation3><![CDATA[]]></salutation3>
		<credentials3><![CDATA[]]></credentials3>
		<bio3><![CDATA[]]></bio3>
		<time><![CDATA[2:00]]></time>
		<starttime><![CDATA[]]></starttime>
		<roomnum></roomnum>
		<order></order>
		<room><![CDATA[]]></room>
		<abstract><![CDATA[]]></abstract>
	</presentation>
	<presentation>
		<id>a0tVV0000014Hxm</id>
		<name><![CDATA[Using Integrated Voltage Regulators in Chiplet Designs]]></name>
		<date>2024-02-07</date>
		<track><![CDATA[Design/Security]]></track>
		<tracknumber></tracknumber>
		<sessionid>a13VV000002p0qn</sessionid>
		<sessionnum></sessionnum>
		<session><![CDATA[A-102: Design - 1]]></session>
		<moderator><![CDATA[false]]></moderator>
		<speaker><![CDATA[Trey Roessig]]></speaker>
		<speakertitle><![CDATA[CTO and SVP Engineering]]></speakertitle>
		<speakerimage><![CDATA[]]></speakerimage>
		<speakeraccountdescription><![CDATA[Empower Semiconductor designs and develops novel Integrated Voltage Regulators that integrate dozens of components into a single IC increasing efficiency, shrinking footprints and delivering power with unprecedented simplicity, speed and accuracy. Empower’s patented high-speed IVR technology is adequately suited for die or land side SoC substrate integration.]]></speakeraccountdescription>
		<account><![CDATA[Empower Semiconductor]]></account>
		<accountdescription><![CDATA[]]></accountdescription>
		<salutation><![CDATA[]]></salutation>
		<credentials><![CDATA[]]></credentials>
		<bio><![CDATA[Trey Roessig is CTO/Sr VP Engineering at Empower Semiconductor, a leading maker of integrated voltage regulators. He handles the companyâs product roadmap, technology advancement, and product development. Before joining Empower, he worked at Analog Devices, where he developed power conversion products and helped grow new businesses for the company. A leading figure in power conversion, he holds 27 patents and has written 5 publications. He also developed the worldâs first dual-LED flash driver. Trey earned a PhD in Mechanical Engineering / Control Systems from UC Berkeley.]]></bio>
		<proceedingsfilename><![CDATA[20240207_A-102_Roessig]]></proceedingsfilename>
		<proceedingsfiletype><![CDATA[]]></proceedingsfiletype>
		<speaker2><![CDATA[]]></speaker2>
		<speaker2title><![CDATA[]]></speaker2title>
		<account2><![CDATA[]]></account2>
		<salutation2><![CDATA[]]></salutation2>
		<credentials2><![CDATA[]]></credentials2>
		<bio2><![CDATA[]]></bio2>
		<speaker3><![CDATA[]]></speaker3>
		<speaker3title><![CDATA[]]></speaker3title>
		<account3><![CDATA[]]></account3>
		<salutation3><![CDATA[]]></salutation3>
		<credentials3><![CDATA[]]></credentials3>
		<bio3><![CDATA[]]></bio3>
		<time><![CDATA[3:15]]></time>
		<starttime><![CDATA[]]></starttime>
		<roomnum></roomnum>
		<order></order>
		<room><![CDATA[]]></room>
		<abstract><![CDATA[TodayÃ¢ÂÂs leading-edge chiplet designs require many voltage domains, with the designs in general requiring extra supply rails and each chiplet possibly having its own requirements as well. Furthermore, these leading-edge chips require more current. Overall, the power delivery system needs more space at a time when space is at a premium. One possible solution uses high-frequency Integrated Voltage Regulators (IVRs) inside the package, using less space while increasing performance. The internal converterÃ¢ÂÂs parasitic network and bandwidth are excellent, providing a stiff dynamic with respect to the load, while keeping the external input and ground current lower. Moving power conversion inside simplifies packaging, reduces transmission losses, and improves transient performance.]]></abstract>
	</presentation>
	<presentation>
		<id>a0tVV0000032tI3</id>
		<name><![CDATA[Future of Memory Chip Technology]]></name>
		<date>2024-02-07</date>
		<track><![CDATA[CS 2024 Keynotes]]></track>
		<tracknumber></tracknumber>
		<sessionid>a13VV000002p0qf</sessionid>
		<sessionnum></sessionnum>
		<session><![CDATA[Keynote 3: Micron]]></session>
		<moderator><![CDATA[false]]></moderator>
		<speaker><![CDATA[Gurtej Sandhu]]></speaker>
		<speakertitle><![CDATA[]]></speakertitle>
		<speakerimage><![CDATA[https://realintelligence.com/customers/expos/linkedin/1516311334202.jpeg]]></speakerimage>
		<speakeraccountdescription><![CDATA[]]></speakeraccountdescription>
		<account><![CDATA[Micron]]></account>
		<accountdescription><![CDATA[]]></accountdescription>
		<salutation><![CDATA[]]></salutation>
		<credentials><![CDATA[]]></credentials>
		<bio><![CDATA[Gurtej Sandhu is Principal Fellow and CVP at Micron Technology. In his current role, he is responsible for Micron’s end-to-end (Si-to-Package) R&D technology roadmaps. The scope includes driving cross-functional alignment across various departments and business units to proactively identify technology gaps and managing the engineering organization to resource and execute on developing innovative technology solutions for future memory scaling. Dr. Sandhu’s responsibilities include driving state of the art methodologies to help develop complex technologies faster and more efficiently and managing interactions with research consortia around the world. Dr. Sandhu received a degree in electrical engineering at the Indian Institute of Technology, New Delhi, and a Ph.D. in physics at the University of North Carolina, Chapel Hill.. He is a Fellow of IEEE and recognized as one of the top inventors in the world. In 2018, he received the IEEE Andrew S. Grove Award for outstanding contributions for DRAM and NAND memory chip scaling.]]></bio>
		<proceedingsfilename><![CDATA[20240207_K-3_Sandhu]]></proceedingsfilename>
		<proceedingsfiletype><![CDATA[]]></proceedingsfiletype>
		<speaker2><![CDATA[]]></speaker2>
		<speaker2title><![CDATA[]]></speaker2title>
		<account2><![CDATA[]]></account2>
		<salutation2><![CDATA[]]></salutation2>
		<credentials2><![CDATA[]]></credentials2>
		<bio2><![CDATA[]]></bio2>
		<speaker3><![CDATA[]]></speaker3>
		<speaker3title><![CDATA[]]></speaker3title>
		<account3><![CDATA[]]></account3>
		<salutation3><![CDATA[]]></salutation3>
		<credentials3><![CDATA[]]></credentials3>
		<bio3><![CDATA[]]></bio3>
		<time><![CDATA[11:30]]></time>
		<starttime><![CDATA[]]></starttime>
		<roomnum></roomnum>
		<order></order>
		<room><![CDATA[]]></room>
		<abstract><![CDATA[A commitment to innovation and creativity at a system level is required to meet demands of this data age. These innovations will help fuel the next generation of capabilities in generative artificial intelligence (GenAI) and enable technologies such as self-driving cars, smart medicine, industrial automation, space exploration etc. which sounded like science fiction not so long ago. Several new memory technologies have been proposed over the years with no clear winners. Some of the critical factors which need to be considered for a successful implementation of a new technology include why and when alternate memory technologies may be needed, what are the performance criteria and related requirements, and what needs to happen in the ecosystem to support a successful new technology. The result of this reality is that bottoms up development for a new memory technology may not feasible and we must target application-specific solutions for future markets.]]></abstract>
	</presentation>
	<presentation>
		<id>a0tVV0000024clZ</id>
		<name><![CDATA[Using a Simulation Model to Optimize UCIe Implementations]]></name>
		<date>2024-02-07</date>
		<track><![CDATA[Interfaces - Integration - Applications]]></track>
		<tracknumber></tracknumber>
		<sessionid>a13VV000002p0qj</sessionid>
		<sessionnum></sessionnum>
		<session><![CDATA[B-101: Interfaces - 1]]></session>
		<moderator><![CDATA[false]]></moderator>
		<speaker><![CDATA[Hee-Soo Lee]]></speaker>
		<speakertitle><![CDATA[High-Speed Design Lead]]></speakertitle>
		<speakerimage><![CDATA[]]></speakerimage>
		<speakeraccountdescription><![CDATA[]]></speakeraccountdescription>
		<account><![CDATA[Keysight Technologies]]></account>
		<accountdescription><![CDATA[]]></accountdescription>
		<salutation><![CDATA[]]></salutation>
		<credentials><![CDATA[]]></credentials>
		<bio><![CDATA[Hee-Soo Lee is the High-Speed Design Lead at Keysight, where he works on electromagnetic and circuit simulations. He also covers DDR/SerDes products. He has 15 years experience with simulation models of high-speed circuits. He earned a BSEE from Korea Aerospace University, has written articles for Signal Integrity Journal, and has presented at webinars and at conferences including DesignCon.]]></bio>
		<proceedingsfilename><![CDATA[20240207_B-101_Lee]]></proceedingsfilename>
		<proceedingsfiletype><![CDATA[]]></proceedingsfiletype>
		<speaker2><![CDATA[Adrian Auge]]></speaker2>
		<speaker2title><![CDATA[Sr Staff Signal Integrity Engineer]]></speaker2title>
		<account2><![CDATA[Alphawave Semi]]></account2>
		<salutation2><![CDATA[]]></salutation2>
		<credentials2><![CDATA[]]></credentials2>
		<bio2><![CDATA[Adrien Auge is a Sr Staff Signal Integrity Engineer at Alphawave Semi, where he works on providing accurate signal models to customers. He previously worked at Intel, SK Hynix, and Synopsys on memory and interface design and models. He has presented papers at DesignCon and won a Best Paper Award for a presentation on PCIe models. He is also active in the IBIS Open Forum. He earned an MSEE from KAIST (Korea).]]></bio2>
		<speaker3><![CDATA[Fangyi Rao]]></speaker3>
		<speaker3title><![CDATA[Master R&D Engineer]]></speaker3title>
		<account3><![CDATA[Keysight Technologies]]></account3>
		<salutation3><![CDATA[]]></salutation3>
		<credentials3><![CDATA[]]></credentials3>
		<bio3><![CDATA[Fangyi Rao is a master R&D engineer at Keysight Technologies, where he works on analog/RF and signal integrity simulation. Before joining Keysight, he worked at Cadence on nonlinear circuit analysis. He has 7 publications in refereed journals and conferences, including IEEE Conference on Electrical Performance of Electronic Packaging and Systems (EPEPS) where he received a best paper award. He holds 20 patents and earned a PhD in physics from Northwestern University.]]></bio3>
		<time><![CDATA[2:00]]></time>
		<starttime><![CDATA[]]></starttime>
		<roomnum></roomnum>
		<order></order>
		<room><![CDATA[]]></room>
		<abstract><![CDATA[UCIe has become a popular standard for interconnecting dies within a package. A simulation model is essential for optimizing implementations. For example, a new tool, Chiplet PHY Designer, generates an electrical simulation model for die-to-die (D2D) PHY IP. A demonstration project takes the foundational aspects of the UCI electrical interface and uses them to generate a model based on the tool. It thus provides a practical example of how the electrical performance of a D2D link can be captured through simulation. The simulation allows designers to optimize UCIe implementations and take full advantage of the technology.]]></abstract>
	</presentation>
	<presentation>
		<id>a0t5f000005QPTJ</id>
		<name><![CDATA[Developing Chips for Tomorrow: You, Me, and ChatGPT]]></name>
		<date>2024-02-07</date>
		<track><![CDATA[Plenary]]></track>
		<tracknumber></tracknumber>
		<sessionid>a13VV000002ym2I</sessionid>
		<sessionnum></sessionnum>
		<session><![CDATA[Chiplets: Where We Are Today]]></session>
		<moderator><![CDATA[false]]></moderator>
		<speaker><![CDATA[Jawad Nasrullah]]></speaker>
		<speakertitle><![CDATA[CEO]]></speakertitle>
		<speakerimage><![CDATA[]]></speakerimage>
		<speakeraccountdescription><![CDATA[]]></speakeraccountdescription>
		<account><![CDATA[Palo Alto Electron]]></account>
		<accountdescription><![CDATA[]]></accountdescription>
		<salutation><![CDATA[]]></salutation>
		<credentials><![CDATA[]]></credentials>
		<bio><![CDATA[Jawad Nasrullah is CEO of Palo Alto Electron, a startup focused on doing research on heterogeneous integrated circuits and developing 3D-ICs for performance computing. He was previously President, CTO, and Co-Founder of ZGlue, the creator of a platform for developing chiplets as well as a marketplace for distributing them. Before co-founding ZGlue, he was an engineer at Samsung Electronics, Intel, and Sun Microsystems. He earned a PhD in EE at Stanford, has 6 publications, and holds 14 patents.]]></bio>
		<proceedingsfilename><![CDATA[20240207_PLEN_Nasrullah]]></proceedingsfilename>
		<proceedingsfiletype><![CDATA[]]></proceedingsfiletype>
		<speaker2><![CDATA[]]></speaker2>
		<speaker2title><![CDATA[]]></speaker2title>
		<account2><![CDATA[]]></account2>
		<salutation2><![CDATA[]]></salutation2>
		<credentials2><![CDATA[]]></credentials2>
		<bio2><![CDATA[]]></bio2>
		<speaker3><![CDATA[]]></speaker3>
		<speaker3title><![CDATA[]]></speaker3title>
		<account3><![CDATA[]]></account3>
		<salutation3><![CDATA[]]></salutation3>
		<credentials3><![CDATA[]]></credentials3>
		<bio3><![CDATA[]]></bio3>
		<time><![CDATA[9:00]]></time>
		<starttime><![CDATA[]]></starttime>
		<roomnum></roomnum>
		<order></order>
		<room><![CDATA[]]></room>
		<abstract><![CDATA[The big news of the year in computing is ChatGPT, a large language model that lets users easily apply AI to many everyday tasks. Areas from accounting through zoology all plan to use AI to create documents, drawings, marketing materials, computer programs, schematics, and more. However, ChatGPT and similar AI algorithms are very large and require huge computing resources. How can we create chiplets that will reduce both cost and execution time â and avoid enormous power bills and hotspots? Useful approaches include AI cores, efficient communication fabrics, more on-chip memory, more in-package components, more efficient die-to-die interfaces, and vertical chip stacking. Designers must improve and co-optimize multiple stages of chip development including die-partitioning, design workflows, system integration, IC packaging, testing, and manufacturing.]]></abstract>
	</presentation>
	<presentation>
		<id>a0tVV0000036rcb</id>
		<name><![CDATA[Chairman Welcome]]></name>
		<date>2024-02-07</date>
		<track><![CDATA[CS 2024 Keynotes]]></track>
		<tracknumber></tracknumber>
		<sessionid>a13VV0000035Shw</sessionid>
		<sessionnum></sessionnum>
		<session><![CDATA[Introduction to the 2024 Chiplet Summit]]></session>
		<moderator><![CDATA[false]]></moderator>
		<speaker><![CDATA[Charles Sobey]]></speaker>
		<speakertitle><![CDATA[]]></speakertitle>
		<speakerimage><![CDATA[https://smartnicssummit.com//images/Chuck-300x300.png]]></speakerimage>
		<speakeraccountdescription><![CDATA[]]></speakeraccountdescription>
		<account><![CDATA[Chiplet Summit]]></account>
		<accountdescription><![CDATA[]]></accountdescription>
		<salutation><![CDATA[]]></salutation>
		<credentials><![CDATA[]]></credentials>
		<bio><![CDATA[Chuck Sobey is the General Chair of Chiplet Summit. He leads the Organizing Committees and identifies key trends, sessions, and speakers. Chuck is a respected technology strategist/ researcher and President/Founder of the R&D services firm ChannelScience. He helps clients develop and deploy signal processing and coding solutions for emerging memory and storage technologies. He is leading a $1.6M research grant from the US Department of Energy to develop new technology to recover irreproducible scientific data from deteriorating legacy magnetic tapes. Chuck earned an MS in electrical and computer engineering from University of California, Santa Barbara (UCSB) and holds 7 US patents.]]></bio>
		<proceedingsfilename><![CDATA[20240207_INTRO_Sobey]]></proceedingsfilename>
		<proceedingsfiletype><![CDATA[PPTX]]></proceedingsfiletype>
		<speaker2><![CDATA[]]></speaker2>
		<speaker2title><![CDATA[]]></speaker2title>
		<account2><![CDATA[]]></account2>
		<salutation2><![CDATA[]]></salutation2>
		<credentials2><![CDATA[]]></credentials2>
		<bio2><![CDATA[]]></bio2>
		<speaker3><![CDATA[]]></speaker3>
		<speaker3title><![CDATA[]]></speaker3title>
		<account3><![CDATA[]]></account3>
		<salutation3><![CDATA[]]></salutation3>
		<credentials3><![CDATA[]]></credentials3>
		<bio3><![CDATA[]]></bio3>
		<time><![CDATA[8:45]]></time>
		<starttime><![CDATA[]]></starttime>
		<roomnum></roomnum>
		<order></order>
		<room><![CDATA[]]></room>
		<abstract><![CDATA[2024 will be a growth year – especially for generative AI and chiplets! Start it off right by meeting with the leading chiplet executives and technologists at the 2nd annual Chiplet Summit. You will hear the latest ideas and breakthroughs, see the new products, learn about generative AI acceleration, and exchange ideas with the industry’s innovators. We have a new venue with lots of room for conversations, meetings, demonstrations, and posters. Please join us for pre-conference tutorials (including new ones on working with foundries and AI in chiplet design), a superpanel on accelerating generative AI applications, our popular “Chat with the Experts” event, presentations, and exhibits. You will hear about industry trends at keynotes from Applied Materials, Synopsys, Micron, Alphawave Semi, Hyperion Technologies, and the Open Compute Project. Chiplet Summit is the place where the entire ecosystem meets to share ideas across disciplines and keep the chiplet industry moving ahead. Please join us at this must-attend event!]]></abstract>
	</presentation>
	<presentation>
		<id>a0t5f000004BZ6i</id>
		<name><![CDATA[UCIe Reaches a First Step in Interoperability]]></name>
		<date>2024-02-07</date>
		<track><![CDATA[Interfaces - Integration - Applications]]></track>
		<tracknumber></tracknumber>
		<sessionid>a13VV000002p0qj</sessionid>
		<sessionnum></sessionnum>
		<session><![CDATA[B-101: Interfaces - 1]]></session>
		<moderator><![CDATA[false]]></moderator>
		<speaker><![CDATA[Manuel Mota]]></speaker>
		<speakertitle><![CDATA[Sr Product Manager]]></speakertitle>
		<speakerimage><![CDATA[]]></speakerimage>
		<speakeraccountdescription><![CDATA[]]></speakeraccountdescription>
		<account><![CDATA[Synopsys]]></account>
		<accountdescription><![CDATA[Synopsys technology is at the heart of innovations that are changing the way people work and play. Self-driving cars. Machines that learn. Lightning-fast communication across billions of devices in the datasphere. These breakthroughs are ushering in the era of Smart Everything―where devices are getting smarter and connected, and security is an integral part of the design. Powering this new era of innovation are high-performance silicon chips and exponentially growing amounts of software content. Synopsys is at the forefront of Smart Everything with the world’s most advanced technologies for chip design, verification, IP integration, and software security and quality testing. We help our customers innovate from silicon to software so they can bring amazing new products to life.]]></accountdescription>
		<salutation><![CDATA[]]></salutation>
		<credentials><![CDATA[]]></credentials>
		<bio><![CDATA[Manuel Mota is a Senior Product Manager for Synopsys High-Speed Interface IP including UCIe. He has focused recently on multi-die systems and has published articles on UCIe in such journals as Embedded Computing Design and Semiconductor Engineering. He has also given presentations at Chiplet Summit and SNUG. Before joining Synopsys, Manuel worked at MIPS Technologies. He earned a PhD in Electronic Engineering from Lisbon Technical University (Portugal).]]></bio>
		<proceedingsfilename><![CDATA[20240207_B-101_Mota]]></proceedingsfilename>
		<proceedingsfiletype><![CDATA[]]></proceedingsfiletype>
		<speaker2><![CDATA[]]></speaker2>
		<speaker2title><![CDATA[]]></speaker2title>
		<account2><![CDATA[]]></account2>
		<salutation2><![CDATA[]]></salutation2>
		<credentials2><![CDATA[]]></credentials2>
		<bio2><![CDATA[]]></bio2>
		<speaker3><![CDATA[]]></speaker3>
		<speaker3title><![CDATA[]]></speaker3title>
		<account3><![CDATA[]]></account3>
		<salutation3><![CDATA[]]></salutation3>
		<credentials3><![CDATA[]]></credentials3>
		<bio3><![CDATA[]]></bio3>
		<time><![CDATA[2:00]]></time>
		<starttime><![CDATA[]]></starttime>
		<roomnum></roomnum>
		<order></order>
		<room><![CDATA[]]></room>
		<abstract><![CDATA[Multi-die systems require a high-speed local die-to-die interface. Several candidates have emerged, and an initial key test is whether their standard implementation is clear and complete enough to allow for interoperability between designs from different vendors. UCIe (Universal Chiplet Interconnect Express) has now undergone initial interoperability tests using Synopsys UCIe IP on TSMC N3 process and Intel UCIe IP on Intel 3 technology. The results are favorable and show major progress toward achieving fast heterogenous integration of multi-die systems.]]></abstract>
	</presentation>
	<presentation>
		<id>a0t5f000004Bb6I</id>
		<name><![CDATA[Early Predictive Power Integrity Analysis for Chiplet-Based Designs]]></name>
		<date>2024-02-07</date>
		<track><![CDATA[Design/Security]]></track>
		<tracknumber></tracknumber>
		<sessionid>a13VV000002p0qn</sessionid>
		<sessionnum></sessionnum>
		<session><![CDATA[A-102: Design - 1]]></session>
		<moderator><![CDATA[false]]></moderator>
		<speaker><![CDATA[Subramanian Lalgudi]]></speaker>
		<speakertitle><![CDATA[]]></speakertitle>
		<speakerimage><![CDATA[]]></speakerimage>
		<speakeraccountdescription><![CDATA[]]></speakeraccountdescription>
		<account><![CDATA[Siemens EDA]]></account>
		<accountdescription><![CDATA[]]></accountdescription>
		<salutation><![CDATA[]]></salutation>
		<credentials><![CDATA[]]></credentials>
		<bio><![CDATA[Subramanian Lalgudi is a multi-physics solutions architect at Siemens EDA where he focuses on emerging areas such as 3-D ICs and power electronics. A leader in engineering simulations, he previously managed circuit simulation R&D at Ansys. He has presented at many conferences including the International Integrated Reliability Workshop and the Conference on Electrical Performance of Electronic Packaging (EPEPS) and has 11 publications including an article in IEEE Transactions on Components, Packaging, and Manufacturing Technology. He earned a PhD in electrical engineering from Georgia Institute of Technology. Co-Author Information: John Caka is a Signal Integrity Field Application Engineer at Siemens EDA. Before joining Siemens, he was a signal integrity engineer at Micron. John earned a BSEE from the University of Utah. Jawad Nasrullah is CEO of Palo Alto Electron, a startup focused on heterogeneous integrated circuits and 3D-ICs for performance computing. He was previously President, CTO, and Co-Founder of ZGlue, the creator of a platform for developing chiplets as well as a marketplace for distributing them. Before co-founding ZGlue, he was an engineer at Samsung Electronics, Intel, and Sun Microsystems. He earned a PhD in electrical engineering at Stanford, has 6 publications, and holds 14 patents.]]></bio>
		<proceedingsfilename><![CDATA[20240207_A-102_Lalgudi]]></proceedingsfilename>
		<proceedingsfiletype><![CDATA[]]></proceedingsfiletype>
		<speaker2><![CDATA[]]></speaker2>
		<speaker2title><![CDATA[]]></speaker2title>
		<account2><![CDATA[]]></account2>
		<salutation2><![CDATA[]]></salutation2>
		<credentials2><![CDATA[]]></credentials2>
		<bio2><![CDATA[]]></bio2>
		<speaker3><![CDATA[]]></speaker3>
		<speaker3title><![CDATA[]]></speaker3title>
		<account3><![CDATA[]]></account3>
		<salutation3><![CDATA[]]></salutation3>
		<credentials3><![CDATA[]]></credentials3>
		<bio3><![CDATA[]]></bio3>
		<time><![CDATA[3:15]]></time>
		<starttime><![CDATA[]]></starttime>
		<roomnum></roomnum>
		<order></order>
		<room><![CDATA[]]></room>
		<abstract><![CDATA[Advanced packaging can greatly influence the power integrity (PI) requirements of chiplets and SiPs. The evaluation of PI thus must begin in the early development stages. Due to inherent limitations in the information available then, predictive, non-layout-based simulations are the best way to identify early PI concerns. However, existing workflows for PI simulation were developed primarily for monolithic designs, and thus are not readily applicable to chiplets. For example, chiplets may uitilize different process nodes (such as 16 nm for transceivers and 5nm or below for logic), thus having different power-supply voltages leading to different noise budgets as well. A new predictive PI analysis workflow can handle chiplet-based designs. Typical examples illustrate the approach and show the results of predictive PI simulations.]]></abstract>
	</presentation>
	<presentation>
		<id>a0t5f0000042qDO</id>
		<name><![CDATA[eFPGA Solutions for Flexible Die to Die Protocol Adapters]]></name>
		<date>2024-02-07</date>
		<track><![CDATA[Interfaces - Integration - Applications]]></track>
		<tracknumber></tracknumber>
		<sessionid>a13VV000002p0qj</sessionid>
		<sessionnum></sessionnum>
		<session><![CDATA[B-101: Interfaces - 1]]></session>
		<moderator><![CDATA[false]]></moderator>
		<speaker><![CDATA[Nick Ilyadis]]></speaker>
		<speakertitle><![CDATA[VP Product Planning]]></speakertitle>
		<speakerimage><![CDATA[]]></speakerimage>
		<speakeraccountdescription><![CDATA[Achronix is a provider of both standalone FPGAs and embedded FPGA IP.]]></speakeraccountdescription>
		<account><![CDATA[Achronix]]></account>
		<accountdescription><![CDATA[]]></accountdescription>
		<salutation><![CDATA[]]></salutation>
		<credentials><![CDATA[]]></credentials>
		<bio><![CDATA[Nick Ilyadis is Senior Director of Product Planning at Achronix, where he oversees all aspects of product planning from concept through production. Nick has 35 years of data and semiconductor engineering and manufacturing experience and holds 75 issued patents. A recognized expert on software and hardware development and quality control, he was previously VP Portfolio/Technology Strategy at Marvell Semiconductor and VP/Group CTO at Broadcom. He has extensive domain knowledge across semiconductors, networking, 5G, data centers, and automotive applications. He earned an MSEE in VLSI Technology from the University of New Hampshire. Nick has been active in many industry groups including the Ethernet Alliance and has participated in many conferences including HP Discover, OFC, Infocom, and Ethernet Technology Summit.]]></bio>
		<proceedingsfilename><![CDATA[20240207_B-101_Ilyadis]]></proceedingsfilename>
		<proceedingsfiletype><![CDATA[]]></proceedingsfiletype>
		<speaker2><![CDATA[]]></speaker2>
		<speaker2title><![CDATA[]]></speaker2title>
		<account2><![CDATA[]]></account2>
		<salutation2><![CDATA[]]></salutation2>
		<credentials2><![CDATA[]]></credentials2>
		<bio2><![CDATA[]]></bio2>
		<speaker3><![CDATA[]]></speaker3>
		<speaker3title><![CDATA[]]></speaker3title>
		<account3><![CDATA[]]></account3>
		<salutation3><![CDATA[]]></salutation3>
		<credentials3><![CDATA[]]></credentials3>
		<bio3><![CDATA[]]></bio3>
		<time><![CDATA[2:00]]></time>
		<starttime><![CDATA[]]></starttime>
		<roomnum></roomnum>
		<order></order>
		<room><![CDATA[]]></room>
		<abstract><![CDATA[Today there are a multitude of die to die interfaces. Standardization is occurring at the physical and data link layers. The protocol layers are still in flux and many proprietary implementations exist. Providing flexibility in how that protocol layer is parsed and processed can be a complex task that may not be future proof with hardened logic. We will show how eFPGA IP can be used in chiplets to provide a flexible and adaptable interface engine. This can be programmed to parse and process the protocol layer of newly defined die to die interfaces. This talk will describe the various implementations and how the eFPGA technology can provide a future proof option for providing flexibility at the protocol layer.]]></abstract>
	</presentation>
</presentationlist>
