<?xml version="1.0" encoding="UTF-8"?>
<presentationlist lastupdate="2024-02-11 23:29:21">
	<presentation>
		<id>a0tVV0000029OoM</id>
		<name><![CDATA[Part 1 - Introduction: Progress in the Emerging Chiplet Economy]]></name>
		<date>2024-02-06</date>
		<track><![CDATA[Pre-Conference Tutorials]]></track>
		<tracknumber></tracknumber>
		<sessionid>a13VV000002p0qV</sessionid>
		<sessionnum></sessionnum>
		<session><![CDATA[Pre-Conference Tutorial H: The New Open Chiplet Economy]]></session>
		<moderator><![CDATA[false]]></moderator>
		<speaker><![CDATA[Bapi Vinnakota]]></speaker>
		<speakertitle><![CDATA[System Architect]]></speakertitle>
		<speakerimage><![CDATA[https://realintelligence.com/customers/expos/00D5f000000Kf85/images/Bapi.png]]></speakerimage>
		<speakeraccountdescription><![CDATA[]]></speakeraccountdescription>
		<account><![CDATA[Broadcom]]></account>
		<accountdescription><![CDATA[]]></accountdescription>
		<salutation><![CDATA[]]></salutation>
		<credentials><![CDATA[]]></credentials>
		<bio><![CDATA[Bapi Vinnakota leads the Open Domain-Specific Architecture (ODSA) sub-project within the Open Compute Project (OCP). At OCP, he works on the open chiplet economy, including the Bunch of Wires (BoW) die-to-die interconnect. He previously was an engineering manager at Broadcom, Netronome, and Intel. He is a long-time leader in open communities. He has several publications on ODSA and BoW, including an invited talk at the ACM/IEEE International Workshop on System-Level Interconnect Pathfinding (SLIP), presentations at Hot Interconnects, and an article in IEEE Micro. He earned a PhD in computer engineering from Princeton University.]]></bio>
		<proceedingsfilename><![CDATA[20240206_PreConH_Vinnakota]]></proceedingsfilename>
		<proceedingsfiletype><![CDATA[]]></proceedingsfiletype>
		<speaker2><![CDATA[]]></speaker2>
		<speaker2title><![CDATA[]]></speaker2title>
		<account2><![CDATA[]]></account2>
		<salutation2><![CDATA[]]></salutation2>
		<credentials2><![CDATA[]]></credentials2>
		<bio2><![CDATA[]]></bio2>
		<speaker3><![CDATA[]]></speaker3>
		<speaker3title><![CDATA[]]></speaker3title>
		<account3><![CDATA[]]></account3>
		<salutation3><![CDATA[]]></salutation3>
		<credentials3><![CDATA[]]></credentials3>
		<bio3><![CDATA[]]></bio3>
		<time><![CDATA[1:00]]></time>
		<starttime><![CDATA[]]></starttime>
		<roomnum></roomnum>
		<order>1</order>
		<room><![CDATA[]]></room>
		<abstract><![CDATA[]]></abstract>
	</presentation>
	<presentation>
		<id>a0tVV00000279jp</id>
		<name><![CDATA[BoW in Commercial Chiplet Designs Today]]></name>
		<date>2024-02-06</date>
		<track><![CDATA[Pre-Conference Tutorials]]></track>
		<tracknumber></tracknumber>
		<sessionid>a13VV000002p20I</sessionid>
		<sessionnum></sessionnum>
		<session><![CDATA[Pre-Conference Tutorial D: Interfaces (Section 1)]]></session>
		<moderator><![CDATA[false]]></moderator>
		<speaker><![CDATA[Elad Alon]]></speaker>
		<speakertitle><![CDATA[CEO]]></speakertitle>
		<speakerimage><![CDATA[]]></speakerimage>
		<speakeraccountdescription><![CDATA[]]></speakeraccountdescription>
		<account><![CDATA[Blue Cheetah Analog Design]]></account>
		<accountdescription><![CDATA[]]></accountdescription>
		<salutation><![CDATA[]]></salutation>
		<credentials><![CDATA[]]></credentials>
		<bio><![CDATA[Elad Alon is CEO/co-founder at Blue Cheetah Analog Design, a provider of die-to-die interconnect IP. He is the technical leader of the Bunch of Wires (BoW) PHY working group. He is also an active contributor to the BoW link layer working group. He is an Adjunct Professor of EECS at UC Berkeley, where his research focuses on energy-efficient integrated systems. He has over 280 publications in such journals as the IEEE Journal of Solid-State Physics, IEEE Transactions on Circuits and Systems, and Proceedings of the IEEE and such major conferences as ISSCC, ISCAS, DAC, and ICCAD. He earned a PhD in electrical engineering at Stanford, is an IEEE Fellow, and holds over 75 patents.]]></bio>
		<proceedingsfilename><![CDATA[20240206_PreConD_Alon]]></proceedingsfilename>
		<proceedingsfiletype><![CDATA[]]></proceedingsfiletype>
		<speaker2><![CDATA[]]></speaker2>
		<speaker2title><![CDATA[]]></speaker2title>
		<account2><![CDATA[]]></account2>
		<salutation2><![CDATA[]]></salutation2>
		<credentials2><![CDATA[]]></credentials2>
		<bio2><![CDATA[]]></bio2>
		<speaker3><![CDATA[]]></speaker3>
		<speaker3title><![CDATA[]]></speaker3title>
		<account3><![CDATA[]]></account3>
		<salutation3><![CDATA[]]></salutation3>
		<credentials3><![CDATA[]]></credentials3>
		<bio3><![CDATA[]]></bio3>
		<time><![CDATA[8:30 AM]]></time>
		<starttime><![CDATA[]]></starttime>
		<roomnum></roomnum>
		<order></order>
		<room><![CDATA[]]></room>
		<abstract><![CDATA[Chiplets have quickly become the industry-wide approach to developing large chips at leading-edge design nodes. A major new issue with chiplet-based designs is the need for an interface to connect the dies inside the package. The interface must be extremely fast, take up little chip space, and use little power. A major candidate is the BoW (bunch-of-wires) interface from the OCP (Open Compute Project) ODSA (Open Design-Specific Architecture) sub-project. Designers have now built many successful commercial chiplets using BoW. Meanwhile, ODSA is actively developing the standardâs next generation to expand its markets and feature sets.]]></abstract>
	</presentation>
	<presentation>
		<id>a0t5f000005QOlG</id>
		<name><![CDATA[Flexible eFPGA Based Demonstration Platform for Die-to-Die Interface Testing]]></name>
		<date>2024-02-06</date>
		<track><![CDATA[Pre-Conference Tutorials]]></track>
		<tracknumber></tracknumber>
		<sessionid>a13VV000002p20I</sessionid>
		<sessionnum></sessionnum>
		<session><![CDATA[Pre-Conference Tutorial D: Interfaces (Section 1)]]></session>
		<moderator><![CDATA[false]]></moderator>
		<speaker><![CDATA[Nick Ilyadis]]></speaker>
		<speakertitle><![CDATA[VP Product Planning]]></speakertitle>
		<speakerimage><![CDATA[]]></speakerimage>
		<speakeraccountdescription><![CDATA[]]></speakeraccountdescription>
		<account><![CDATA[Achronix]]></account>
		<accountdescription><![CDATA[]]></accountdescription>
		<salutation><![CDATA[]]></salutation>
		<credentials><![CDATA[]]></credentials>
		<bio><![CDATA[Nick Ilyadis is VP Product Planning at Achronix Semiconductor, a leading maker of high-performance FPGAs. He works on next generation FPGA solutions for products and customers in networking, 5G, data center, and automotive applications. A long-time technical leader in the networking area, he previously worked at Marvell, Broadcom, Nortel, and DEC. A prolific inventor with over 70 patents, he has written many articles and whitepapers and has presented at such conferences as Hot Interconnects, the IEEE Symposium on High-Performance Interconnects (HOTI), Chiplet Summit, and SmartNICs Summit. He earned an MSEE in VLSI engineering at the University of New Hampshire.]]></bio>
		<proceedingsfilename><![CDATA[20240206_PreConD_Ilyadis]]></proceedingsfilename>
		<proceedingsfiletype><![CDATA[]]></proceedingsfiletype>
		<speaker2><![CDATA[Andy Heinig]]></speaker2>
		<speaker2title><![CDATA[Head Efficient Electronics]]></speaker2title>
		<account2><![CDATA[Fraunhofer IIS]]></account2>
		<salutation2><![CDATA[]]></salutation2>
		<credentials2><![CDATA[]]></credentials2>
		<bio2><![CDATA[Andy Heinig is the Technical Leader of the Advanced Packaging Workgroup at the Fraunhofer Institute IIS/EAS, where he works on assembly design kits and design flows for packaging. He has started several major German and European research projects in design and design automation for advanced packaging. He has also worked extensively in several standardization groups such as SI2. Heinig has 55 publications, including presentations at important conferences such as the Electronic Components Technology Conference (ECTC), Electronic Packaging Technology Conference, and the IEEE Conference on Electronics, Circuits, and Systems (ICECS), and in journals such as the IEEE Transactions on Components, Packaging, and Manufacturing Technology. He earned a Diploma degree in information technology from the Technical University of Cottbus (Germany).]]></bio2>
		<speaker3><![CDATA[]]></speaker3>
		<speaker3title><![CDATA[]]></speaker3title>
		<account3><![CDATA[]]></account3>
		<salutation3><![CDATA[]]></salutation3>
		<credentials3><![CDATA[]]></credentials3>
		<bio3><![CDATA[]]></bio3>
		<time><![CDATA[8:30 AM]]></time>
		<starttime><![CDATA[]]></starttime>
		<roomnum></roomnum>
		<order></order>
		<room><![CDATA[]]></room>
		<abstract><![CDATA[Developers of high-performance chiplet-based solutions need a way to validate the interface compatibility of their chiplets. A new project has created a demonstration platform suitable for various applications such as radar preprocessing, wireless and optical communications, wireless infrastructure, ADAS, and high-performance test and measurement equipment. The platform employs eFPGAs to provide reconfigurability, allowing rapid changes and offering low latency and high-performance data acceleration. Developers can use it to explore chiplet-to-chiplet interconnects such as Bunch of Wires (BoW) and Universal Chiplet Interconnect Express (UCIe). New versions of the protocols can also be readily incorporated.]]></abstract>
	</presentation>
	<presentation>
		<id>a0t5f000004BZpz</id>
		<name><![CDATA[Accelerating I/O Hub and Memory Chiplet Design]]></name>
		<date>2024-02-06</date>
		<track><![CDATA[Pre-Conference Tutorials]]></track>
		<tracknumber></tracknumber>
		<sessionid>a13VV000002p0qS</sessionid>
		<sessionnum></sessionnum>
		<session><![CDATA[Pre-Conference Tutorial E: Design Methods]]></session>
		<moderator><![CDATA[false]]></moderator>
		<speaker><![CDATA[Erez Shaizaf]]></speaker>
		<speakertitle><![CDATA[CTO]]></speakertitle>
		<speakerimage><![CDATA[]]></speakerimage>
		<speakeraccountdescription><![CDATA[]]></speakeraccountdescription>
		<account><![CDATA[Alchip]]></account>
		<accountdescription><![CDATA[]]></accountdescription>
		<salutation><![CDATA[]]></salutation>
		<credentials><![CDATA[]]></credentials>
		<bio><![CDATA[Erez Shaizaf is Chief of Staff at Alchip, where he focuses on system technology solutions. An accomplished professional with over 25 years experience in VLSI, hardware, and system engineering, he has done many successful silicon reticle tape-outs, especially in advanced technology nodes and high-speed interfaces. Erez also co-founded Xsight Labs and was Switch GM/VP Chip Design at Mellanox. He has contributed to several publications and has appeared at conferences such as Chiplet Summit and the TSMC Technology Forum. He earned a BSEE from Ben-Gurion University of the Negev.]]></bio>
		<proceedingsfilename><![CDATA[20240206_PreConE_Shaizaf]]></proceedingsfilename>
		<proceedingsfiletype><![CDATA[]]></proceedingsfiletype>
		<speaker2><![CDATA[Manmeet Walia]]></speaker2>
		<speaker2title><![CDATA[Product Management Director]]></speaker2title>
		<account2><![CDATA[Synopsys]]></account2>
		<salutation2><![CDATA[]]></salutation2>
		<credentials2><![CDATA[]]></credentials2>
		<bio2><![CDATA[Manmeet Walia is Director of Product Marketing for Mixed-Signal PHY IP at Synopsys. He has over 20 years of experience in product marketing, product management, and system engineering covering ASSP, ASIC, and IP products for a broad range of applications. Manmeet earned an MSEE from the University of Toledo (OH), and an MBA from San Diego State University. He has written technical articles for journals such as Embedded System Design and Semiconductor Engineering and has presented at conferences such as IP-SoC Days, the International SoC Conference, Synopsys User Group (SNUG), and DesignCon.]]></bio2>
		<speaker3><![CDATA[]]></speaker3>
		<speaker3title><![CDATA[]]></speaker3title>
		<account3><![CDATA[]]></account3>
		<salutation3><![CDATA[]]></salutation3>
		<credentials3><![CDATA[]]></credentials3>
		<bio3><![CDATA[]]></bio3>
		<time><![CDATA[1:00]]></time>
		<starttime><![CDATA[]]></starttime>
		<roomnum></roomnum>
		<order></order>
		<room><![CDATA[]]></room>
		<abstract><![CDATA[Switching from monolithic SoCs to multi-die systems creates many cost and time-to-market challenges as well as requiring heterogeneous die integration. Companies must partner to provide essential technologies and expertise that mutual customers can leverage to meet their requirements. An example involves a collaboration between Alchip and Synopsys that helps designers accelerate I/O chiplet design. AIchip provides a 2.5D/3D design to manufacturing platform, and Synopsys contributes a silicon-proven IP portfolio and full-stack EDA suite. The joint solution includes many useful features such as architecture and simulation/verification reports and early PPA and power/thermal evaluations.]]></abstract>
	</presentation>
	<presentation>
		<id>a0tVV0000023Iwx</id>
		<name><![CDATA[Intel Ponte Vecchio: The Soul of a New Chiplet-Based Processor]]></name>
		<date>2024-02-06</date>
		<track><![CDATA[Pre-Conference Tutorials]]></track>
		<tracknumber></tracknumber>
		<sessionid>a13VV000002p0qT</sessionid>
		<sessionnum></sessionnum>
		<session><![CDATA[Pre-Conference Tutorial F: Working with Foundries]]></session>
		<moderator><![CDATA[false]]></moderator>
		<speaker><![CDATA[Pam Fulton]]></speaker>
		<speakertitle><![CDATA[Principal Engineer]]></speakertitle>
		<speakerimage><![CDATA[]]></speakerimage>
		<speakeraccountdescription><![CDATA[Intel Foundry Services provides all manner of Foundry, Package, and Test services. Our headquarters are in Santa Clara, CA.]]></speakeraccountdescription>
		<account><![CDATA[Intel]]></account>
		<accountdescription><![CDATA[Intel (Nasdaq: INTC) is an industry leader, creating world-changing technology that enables global progress and enriches lives. Inspired by Moore’s Law, we continuously work to advance the design and manufacturing of semiconductors to help address our customers’ greatest challenges. By embedding intelligence in the cloud, network, edge, and every kind of computing device, we unleash the potential of data to transform business and society for the better. To learn more about Intel’s innovations, go to newsroom.intel.com and intel.com.]]></accountdescription>
		<salutation><![CDATA[]]></salutation>
		<credentials><![CDATA[]]></credentials>
		<bio><![CDATA[Pam Fulton is a Principal Engineer at Intel, where she is Test Customer Engineering Manager for Intel Foundry Services. She has extensive experience in test technology development, delivering testers, test programs, test software, and manufacturing processes. Pam has led test strategy, envelope validation, and equipment hardware and software development for IntelÃ¢ÂÂs High Density Modular Test (HDMT) and High Density Modular Burn-In (HDBI) equipment sets, supporting Intel client, server, graphics, and FPGA products. She earned an MSEE at the University of Michigan.]]></bio>
		<proceedingsfilename><![CDATA[20240206_PreConF_Fulton]]></proceedingsfilename>
		<proceedingsfiletype><![CDATA[]]></proceedingsfiletype>
		<speaker2><![CDATA[]]></speaker2>
		<speaker2title><![CDATA[]]></speaker2title>
		<account2><![CDATA[]]></account2>
		<salutation2><![CDATA[]]></salutation2>
		<credentials2><![CDATA[]]></credentials2>
		<bio2><![CDATA[]]></bio2>
		<speaker3><![CDATA[]]></speaker3>
		<speaker3title><![CDATA[]]></speaker3title>
		<account3><![CDATA[]]></account3>
		<salutation3><![CDATA[]]></salutation3>
		<credentials3><![CDATA[]]></credentials3>
		<bio3><![CDATA[]]></bio3>
		<time><![CDATA[1:00]]></time>
		<starttime><![CDATA[]]></starttime>
		<roomnum></roomnum>
		<order></order>
		<room><![CDATA[]]></room>
		<abstract><![CDATA[Intelâs Ponte Vecchio processor is the most complex chip ever made: 100B transistors combined in 47 dies, all in one big package. Its design and manufacturing reveals the complexities of the Chiplet Era. The integration and test difficulties are just the beginning of what complex chiplet-based architectures will bring. Future developers can combine well-known methods with lessons learned and recommendations from this chipâs developers, to work seamlessly with their foundry and OSAT partners. Key enablers include designing for testability of known good, reliable die, complex binning and recovery schemes, the importance of standards, and growing power/thermal/package size boundaries.]]></abstract>
	</presentation>
	<presentation>
		<id>a0tVV0000033Ry1</id>
		<name><![CDATA[Chiplet Packaging Basics]]></name>
		<date>2024-02-06</date>
		<track><![CDATA[Pre-Conference Tutorials]]></track>
		<tracknumber></tracknumber>
		<sessionid>a13VV000002p20G</sessionid>
		<sessionnum></sessionnum>
		<session><![CDATA[Pre-Conference Tutorial A: Chiplet Basics]]></session>
		<moderator><![CDATA[false]]></moderator>
		<speaker><![CDATA[Trent Uehling]]></speaker>
		<speakertitle><![CDATA[Technical Director]]></speakertitle>
		<speakerimage><![CDATA[]]></speakerimage>
		<speakeraccountdescription><![CDATA[]]></speakeraccountdescription>
		<account><![CDATA[NXP Semiconductors]]></account>
		<accountdescription><![CDATA[]]></accountdescription>
		<salutation><![CDATA[]]></salutation>
		<credentials><![CDATA[]]></credentials>
		<bio><![CDATA[Trent Uehling is a Technical Director at NXP Semiconductors, where he works on advanced packaging with an emphasis on substrates, interconnect, and bonding. He has over 30 experience in the semiconductor industry (his company changed names from Motorola to Freescale to NXP). He holds 11 patents and has 7 publications including a book chapter and presentations at such conferences as ECTC and ECPC. He earned a BSEE at Michigan Tech (Houghton, MI).]]></bio>
		<proceedingsfilename><![CDATA[20240206_PreConA_Uehling]]></proceedingsfilename>
		<proceedingsfiletype><![CDATA[]]></proceedingsfiletype>
		<speaker2><![CDATA[]]></speaker2>
		<speaker2title><![CDATA[]]></speaker2title>
		<account2><![CDATA[]]></account2>
		<salutation2><![CDATA[]]></salutation2>
		<credentials2><![CDATA[]]></credentials2>
		<bio2><![CDATA[]]></bio2>
		<speaker3><![CDATA[]]></speaker3>
		<speaker3title><![CDATA[]]></speaker3title>
		<account3><![CDATA[]]></account3>
		<salutation3><![CDATA[]]></salutation3>
		<credentials3><![CDATA[]]></credentials3>
		<bio3><![CDATA[]]></bio3>
		<time><![CDATA[8:30 AM]]></time>
		<starttime><![CDATA[]]></starttime>
		<roomnum></roomnum>
		<order></order>
		<room><![CDATA[]]></room>
		<abstract><![CDATA[Packaging plays an increased role in chiplet design, since the packing must be far more complex to handle multiple chiplets and interconnections. A new die-to-die bus is necessary to connect the chiplets inside the package. Complexity is increased by the fact that chiplets may come from different manufacturers, employ different technologies, and have very different architectures. Designers must also keep packaging, test, and manufacturing in mind throughout the design process to keep both costs and time-to-market under control. .]]></abstract>
	</presentation>
	<presentation>
		<id>a0t5f000004BUbN</id>
		<name><![CDATA[New 3D IC Design Kits Cover Both Design and Packaging]]></name>
		<date>2024-02-06</date>
		<track><![CDATA[Pre-Conference Tutorials]]></track>
		<tracknumber></tracknumber>
		<sessionid>a13VV000002p0qS</sessionid>
		<sessionnum></sessionnum>
		<session><![CDATA[Pre-Conference Tutorial E: Design Methods]]></session>
		<moderator><![CDATA[false]]></moderator>
		<speaker><![CDATA[Jawad Nasrullah]]></speaker>
		<speakertitle><![CDATA[CEO]]></speakertitle>
		<speakerimage><![CDATA[]]></speakerimage>
		<speakeraccountdescription><![CDATA[]]></speakeraccountdescription>
		<account><![CDATA[Palo Alto Electron]]></account>
		<accountdescription><![CDATA[]]></accountdescription>
		<salutation><![CDATA[]]></salutation>
		<credentials><![CDATA[]]></credentials>
		<bio><![CDATA[Jawad Nasrullah is CEO of Palo Alto Electron, a startup focused on doing research on heterogeneous integrated circuits and developing 3D-ICs for performance computing. He was previously President, CTO, and Co-Founder of ZGlue, the creator of a platform for developing chiplets as well as a marketplace for distributing them. Before co-founding ZGlue, he was an engineer at Samsung Electronics, Intel, and Sun Microsystems. He earned a PhD in EE at Stanford, has 6 publications, and holds 14 patents.]]></bio>
		<proceedingsfilename><![CDATA[20240206_PreConE_Nasrullah]]></proceedingsfilename>
		<proceedingsfiletype><![CDATA[]]></proceedingsfiletype>
		<speaker2><![CDATA[Anthony Mastroianni]]></speaker2>
		<speaker2title><![CDATA[Advanced Packaging Solutions Director]]></speaker2title>
		<account2><![CDATA[Siemens DSIW]]></account2>
		<salutation2><![CDATA[]]></salutation2>
		<credentials2><![CDATA[]]></credentials2>
		<bio2><![CDATA[Tony Mastroianni is Advanced Packaging Solutions Director at Siemens Digital Industries Software, where he focuses on ASIC package design flow and design management. Before joining Siemens, he held engineering leadership positions at Inphi and eSilicon. He is a frequent blogger and podcaster for Siemens and InCites and has been interviewed in Semiconductor Engineering and Chip Scale Review magazines. He is the author of several technical articles and has presented at such conferences as Semicon Taiwan, DATE, and Chiplet Summit. He is also active in industry groups such as the OCP Chiplet Design Exchange (CDX) working group focused on open 3D IC standards and workflows. He earned an MSEE from Rutgers University (New Jersey).]]></bio2>
		<speaker3><![CDATA[]]></speaker3>
		<speaker3title><![CDATA[]]></speaker3title>
		<account3><![CDATA[]]></account3>
		<salutation3><![CDATA[]]></salutation3>
		<credentials3><![CDATA[]]></credentials3>
		<bio3><![CDATA[]]></bio3>
		<time><![CDATA[1:00]]></time>
		<starttime><![CDATA[]]></starttime>
		<roomnum></roomnum>
		<order></order>
		<room><![CDATA[]]></room>
		<abstract><![CDATA[The semiconductor industry has adopted standardized files used with EDA tools and workflows to design integrated circuits. They are compliant with the rules and models defined by major foundries. However, package design/verification has yet to see similar standards emerge. A new effort defines a comprehensive set of so-called 3D IC Design Kits (3DK) that cover both design and packaging. They are a key element needed to streamline workflows to facilitate a robust 3D IC ecosystem.]]></abstract>
	</presentation>
	<presentation>
		<id>a0tVV000003vquc</id>
		<name><![CDATA[Working with New 3D IC Design Standards]]></name>
		<date>2024-02-06</date>
		<track><![CDATA[Pre-Conference Tutorials]]></track>
		<tracknumber></tracknumber>
		<sessionid>a13VV000002p0qT</sessionid>
		<sessionnum></sessionnum>
		<session><![CDATA[Pre-Conference Tutorial F: Working with Foundries]]></session>
		<moderator><![CDATA[false]]></moderator>
		<speaker><![CDATA[Kenneth Larsen]]></speaker>
		<speakertitle><![CDATA[Director Product Management]]></speakertitle>
		<speakerimage><![CDATA[]]></speakerimage>
		<speakeraccountdescription><![CDATA[]]></speakeraccountdescription>
		<account><![CDATA[Synopsys]]></account>
		<accountdescription><![CDATA[Synopsys technology is at the heart of innovations that are changing the way people work and play. Self-driving cars. Machines that learn. Lightning-fast communication across billions of devices in the datasphere. These breakthroughs are ushering in the era of Smart Everything―where devices are getting smarter and connected, and security is an integral part of the design. Powering this new era of innovation are high-performance silicon chips and exponentially growing amounts of software content. Synopsys is at the forefront of Smart Everything with the world’s most advanced technologies for chip design, verification, IP integration, and software security and quality testing. We help our customers innovate from silicon to software so they can bring amazing new products to life.]]></accountdescription>
		<salutation><![CDATA[]]></salutation>
		<credentials><![CDATA[]]></credentials>
		<bio><![CDATA[Kenneth Larsen is Director Product Management at Synopsys, where he works on the 3DIC compiler platform, 3D heterogeneous integration, and advanced packaging. Before joining Synopsys, he worked at Mentor Graphics on technical sales of complex solutions and global field application engineering management He has 22 published articles in such media as Semiconductor Engineering and SemiWiki. He has worked with several trade and standards organizations, including being chair of Accellera and the VSI Alliance. He has presented at MEPTEC’s Road to Chiplets: Design Integration and Chiplet Summit.]]></bio>
		<proceedingsfilename><![CDATA[20240206_PreConF_Larsen]]></proceedingsfilename>
		<proceedingsfiletype><![CDATA[]]></proceedingsfiletype>
		<speaker2><![CDATA[]]></speaker2>
		<speaker2title><![CDATA[]]></speaker2title>
		<account2><![CDATA[]]></account2>
		<salutation2><![CDATA[]]></salutation2>
		<credentials2><![CDATA[]]></credentials2>
		<bio2><![CDATA[]]></bio2>
		<speaker3><![CDATA[]]></speaker3>
		<speaker3title><![CDATA[]]></speaker3title>
		<account3><![CDATA[]]></account3>
		<salutation3><![CDATA[]]></salutation3>
		<credentials3><![CDATA[]]></credentials3>
		<bio3><![CDATA[]]></bio3>
		<time><![CDATA[1:00]]></time>
		<starttime><![CDATA[]]></starttime>
		<roomnum></roomnum>
		<order></order>
		<room><![CDATA[]]></room>
		<abstract><![CDATA[]]></abstract>
	</presentation>
	<presentation>
		<id>a0tVV000001MDe4</id>
		<name><![CDATA[How AI Can Help with Advanced Semiconductor Package Design]]></name>
		<date>2024-02-06</date>
		<track><![CDATA[Pre-Conference Tutorials]]></track>
		<tracknumber></tracknumber>
		<sessionid>a13VV000002p0qU</sessionid>
		<sessionnum></sessionnum>
		<session><![CDATA[Pre-Conference Tutorial G: AI in Chiplet Design]]></session>
		<moderator><![CDATA[false]]></moderator>
		<speaker><![CDATA[Keith Felton]]></speaker>
		<speakertitle><![CDATA[Product Marketing Manager]]></speakertitle>
		<speakerimage><![CDATA[]]></speakerimage>
		<speakeraccountdescription><![CDATA[Siemens EDA - The pace of innovation in electronics is constantly accelerating. To enable customers to deliver life-changing innovations faster and become market leaders, we are committed to delivering the world’s most comprehensive portfolio of electronic design automation (EDA) software, hardware, and services]]></speakeraccountdescription>
		<account><![CDATA[Siemens EDA]]></account>
		<accountdescription><![CDATA[]]></accountdescription>
		<salutation><![CDATA[]]></salutation>
		<credentials><![CDATA[]]></credentials>
		<bio><![CDATA[Keith Felton is a Product Marketing Manager for Siemens EDA, where he works on High-Density Advanced Packaging (HDAP) solutions for heterogeneous semiconductor packaging integration. He focuses on driving the strategy and direction for multi-substrate prototyping, design, and verification. He has worked extensively on IC package design for over 30 years and drove the launch of the industry's first dedicated System-In-Package (SiP) design solution. He has delivered multiple papers and keynotes at conferences such as MEPTEC, IMAPS-DPC, IMAPS-SiP, and IWLPC, and has written multiple articles on design methods and holds an important co-inventor patent on concurrent design of modules. He studied mechanical engineering at Southend Technical College (Southend-on-Sea, UK).]]></bio>
		<proceedingsfilename><![CDATA[20240206_PreConG_Felton]]></proceedingsfilename>
		<proceedingsfiletype><![CDATA[]]></proceedingsfiletype>
		<speaker2><![CDATA[]]></speaker2>
		<speaker2title><![CDATA[]]></speaker2title>
		<account2><![CDATA[]]></account2>
		<salutation2><![CDATA[]]></salutation2>
		<credentials2><![CDATA[]]></credentials2>
		<bio2><![CDATA[]]></bio2>
		<speaker3><![CDATA[]]></speaker3>
		<speaker3title><![CDATA[]]></speaker3title>
		<account3><![CDATA[]]></account3>
		<salutation3><![CDATA[]]></salutation3>
		<credentials3><![CDATA[]]></credentials3>
		<bio3><![CDATA[]]></bio3>
		<time><![CDATA[1:00]]></time>
		<starttime><![CDATA[]]></starttime>
		<roomnum></roomnum>
		<order></order>
		<room><![CDATA[]]></room>
		<abstract><![CDATA[Package design has become much more complex recently with the advent of many new package types, more advanced features, and more interaction between device and package. AI can help reduce design time and provide better package-device co-optimization. It can help identify problem areas, identify alternative approaches, suggest or validate parameter ranges, provide dashboards and summaries of results, check boundaries, and insure consistency, standards compliance, and complete connections. The major cost is the time and effort spent in initial training and re-training. AI basically can make complex design software easier to use, as well as avoiding a wide range of errors.]]></abstract>
	</presentation>
	<presentation>
		<id>a0t5f0000042vbQ</id>
		<name><![CDATA[Taking Advantage of Hybrid-Bonded Chiplets in Designs]]></name>
		<date>2024-02-06</date>
		<track><![CDATA[Pre-Conference Tutorials]]></track>
		<tracknumber></tracknumber>
		<sessionid>a13VV000002p20H</sessionid>
		<sessionnum></sessionnum>
		<session><![CDATA[Pre-Conference Tutorial C: Advanced Packaging Methods]]></session>
		<moderator><![CDATA[false]]></moderator>
		<speaker><![CDATA[Thomas Workman]]></speaker>
		<speakertitle><![CDATA[Distinguished Integration Engineer]]></speakertitle>
		<speakerimage><![CDATA[]]></speakerimage>
		<speakeraccountdescription><![CDATA[We license our advanced packaging technology to leading semiconductor companies (Samsung, Sk Hynix, Sony, Kioxia, UMC, Broadcom). We provide technology transfer of hybrid bonding with a copy exact method to shorten the technology ramp at customer site. This includes wafer and die processing modules, corresponding metrology, test vehicles and equipment process of record.]]></speakeraccountdescription>
		<account><![CDATA[Adeia]]></account>
		<accountdescription><![CDATA[]]></accountdescription>
		<salutation><![CDATA[]]></salutation>
		<credentials><![CDATA[]]></credentials>
		<bio><![CDATA[Thomas Workman is a Distinguished Engineer at Adeia, where he focuses on bonding and integration of hybrid-bond interconnects for manufacturing. He specializes in advancing new technologies from initial concept through high volume manufacturing. He has over 20 years experience in semiconductor R&D. He earned a PhD in Materials Science from Caltech, holds four patents, and has co-authored 12 conference presentations on hybrid bonding at such events as Electronic Components and Technology Conference (ECTC) and the International Wafer-Level Packaging Conference (IWLPC).]]></bio>
		<proceedingsfilename><![CDATA[20240206_PreConC_Workman]]></proceedingsfilename>
		<proceedingsfiletype><![CDATA[]]></proceedingsfiletype>
		<speaker2><![CDATA[]]></speaker2>
		<speaker2title><![CDATA[]]></speaker2title>
		<account2><![CDATA[]]></account2>
		<salutation2><![CDATA[]]></salutation2>
		<credentials2><![CDATA[]]></credentials2>
		<bio2><![CDATA[]]></bio2>
		<speaker3><![CDATA[]]></speaker3>
		<speaker3title><![CDATA[]]></speaker3title>
		<account3><![CDATA[]]></account3>
		<salutation3><![CDATA[]]></salutation3>
		<credentials3><![CDATA[]]></credentials3>
		<bio3><![CDATA[]]></bio3>
		<time><![CDATA[8:30 AM]]></time>
		<starttime><![CDATA[]]></starttime>
		<roomnum></roomnum>
		<order></order>
		<room><![CDATA[]]></room>
		<abstract><![CDATA[Chiplets have many advantages over monolithic architectures at leading-edge process nodes. However, concerns regarding chip-to-chip interconnects and longer signal routing for 2D designs have limited implementation to date. Hybrid bonding and chip stacking can overcome the problems and offer high chip-to-chip interconnect density and efficient space utilization in the floor plan and height of the silicon. Compared to bump-based interconnects, hybrid bonding offers such advantages as much higher interconnect density and power efficiency, with lower latency and thermal resistance for overall enhanced reliability. To optimize the design of hybrid-bonded chiplet systems, understanding the effects of chiplet dimensions, interconnect pitch, and interconnect layout on yield is critical. Data on a broad range of hybrid-bonded chiplets shows the main yield loss mechanisms and how they vary with chiplet design parameters. This analysis identifies design rules and sweet spots for implementing hybrid-bonded chiplets based on current process capabilities. An evaluation of the overall process flow identifies which modules are robust and which may require further development.]]></abstract>
	</presentation>
	<presentation>
		<id>a0tVV0000039jp1</id>
		<name><![CDATA[Part 3 - Open Chiplet Economy for AI and Edge]]></name>
		<date>2024-02-06</date>
		<track><![CDATA[Pre-Conference Tutorials]]></track>
		<tracknumber></tracknumber>
		<sessionid>a13VV000002p0qV</sessionid>
		<sessionnum></sessionnum>
		<session><![CDATA[Pre-Conference Tutorial H: The New Open Chiplet Economy]]></session>
		<moderator><![CDATA[false]]></moderator>
		<speaker><![CDATA[Jayaprakash Balachandran]]></speaker>
		<speakertitle><![CDATA[Signal Integrity Engineer]]></speakertitle>
		<speakerimage><![CDATA[]]></speakerimage>
		<speakeraccountdescription><![CDATA[]]></speakeraccountdescription>
		<account><![CDATA[d-Matrix]]></account>
		<accountdescription><![CDATA[]]></accountdescription>
		<salutation><![CDATA[]]></salutation>
		<credentials><![CDATA[]]></credentials>
		<bio><![CDATA[]]></bio>
		<proceedingsfilename><![CDATA[20240206_PreConH_Balachandran]]></proceedingsfilename>
		<proceedingsfiletype><![CDATA[]]></proceedingsfiletype>
		<speaker2><![CDATA[Trent Uehling]]></speaker2>
		<speaker2title><![CDATA[Technical Director]]></speaker2title>
		<account2><![CDATA[NXP Semiconductors]]></account2>
		<salutation2><![CDATA[]]></salutation2>
		<credentials2><![CDATA[]]></credentials2>
		<bio2><![CDATA[]]></bio2>
		<speaker3><![CDATA[Madhumita Sanyal]]></speaker3>
		<speaker3title><![CDATA[Technical Product Manager]]></speaker3title>
		<account3><![CDATA[Synopsys]]></account3>
		<salutation3><![CDATA[]]></salutation3>
		<credentials3><![CDATA[]]></credentials3>
		<bio3><![CDATA[]]></bio3>
		<time><![CDATA[1:00]]></time>
		<starttime><![CDATA[]]></starttime>
		<roomnum></roomnum>
		<order>3</order>
		<room><![CDATA[]]></room>
		<abstract><![CDATA[]]></abstract>
	</presentation>
	<presentation>
		<id>a0tVV000003lwwT</id>
		<name><![CDATA[3DFabric: Advanced Packaging Technologies and Design Ecosystem Collaboration"]]></name>
		<date>2024-02-06</date>
		<track><![CDATA[Pre-Conference Tutorials]]></track>
		<tracknumber></tracknumber>
		<sessionid>a13VV000002p0qT</sessionid>
		<sessionnum></sessionnum>
		<session><![CDATA[Pre-Conference Tutorial F: Working with Foundries]]></session>
		<moderator><![CDATA[false]]></moderator>
		<speaker><![CDATA[Lluis Paris]]></speaker>
		<speakertitle><![CDATA[Sr Director 3DFabric Alliance]]></speakertitle>
		<speakerimage><![CDATA[]]></speakerimage>
		<speakeraccountdescription><![CDATA[Intel Foundry Services provides all manner of Foundry, Package, and Test services. Our headquarters are in Santa Clara, CA.]]></speakeraccountdescription>
		<account><![CDATA[TSMC]]></account>
		<accountdescription><![CDATA[]]></accountdescription>
		<salutation><![CDATA[]]></salutation>
		<credentials><![CDATA[]]></credentials>
		<bio><![CDATA[]]></bio>
		<proceedingsfilename><![CDATA[20240206_PreConF_Paris]]></proceedingsfilename>
		<proceedingsfiletype><![CDATA[]]></proceedingsfiletype>
		<speaker2><![CDATA[]]></speaker2>
		<speaker2title><![CDATA[]]></speaker2title>
		<account2><![CDATA[]]></account2>
		<salutation2><![CDATA[]]></salutation2>
		<credentials2><![CDATA[]]></credentials2>
		<bio2><![CDATA[]]></bio2>
		<speaker3><![CDATA[]]></speaker3>
		<speaker3title><![CDATA[]]></speaker3title>
		<account3><![CDATA[]]></account3>
		<salutation3><![CDATA[]]></salutation3>
		<credentials3><![CDATA[]]></credentials3>
		<bio3><![CDATA[]]></bio3>
		<time><![CDATA[1:00]]></time>
		<starttime><![CDATA[]]></starttime>
		<roomnum></roomnum>
		<order></order>
		<room><![CDATA[]]></room>
		<abstract><![CDATA[]]></abstract>
	</presentation>
	<presentation>
		<id>a0tVV000002q10b</id>
		<name><![CDATA[Chiplet Testing Basics]]></name>
		<date>2024-02-06</date>
		<track><![CDATA[Pre-Conference Tutorials]]></track>
		<tracknumber></tracknumber>
		<sessionid>a13VV000002p20G</sessionid>
		<sessionnum></sessionnum>
		<session><![CDATA[Pre-Conference Tutorial A: Chiplet Basics]]></session>
		<moderator><![CDATA[false]]></moderator>
		<speaker><![CDATA[Arun Kumar]]></speaker>
		<speakertitle><![CDATA[Sr Staff R&D Engineer]]></speakertitle>
		<speakerimage><![CDATA[]]></speakerimage>
		<speakeraccountdescription><![CDATA[]]></speakeraccountdescription>
		<account><![CDATA[Synopsys]]></account>
		<accountdescription><![CDATA[Synopsys technology is at the heart of innovations that are changing the way people work and play. Self-driving cars. Machines that learn. Lightning-fast communication across billions of devices in the datasphere. These breakthroughs are ushering in the era of Smart Everything―where devices are getting smarter and connected, and security is an integral part of the design. Powering this new era of innovation are high-performance silicon chips and exponentially growing amounts of software content. Synopsys is at the forefront of Smart Everything with the world’s most advanced technologies for chip design, verification, IP integration, and software security and quality testing. We help our customers innovate from silicon to software so they can bring amazing new products to life.]]></accountdescription>
		<salutation><![CDATA[]]></salutation>
		<credentials><![CDATA[]]></credentials>
		<bio><![CDATA[Arun Kumar is a Sr Staff R&D Engineer at Synopsys, where he currently works on creating a hierearchical test network in large SoCs. He is a DFT architect with a focus on testing memories, PHYs, and logic devices. He previously worked at LSI Logic and Texas Instruments. He holds a patent and has co-authored testing papers at the VLSI Test Symposium (VTS) and the Interenational Test Confernce (ITC). He earned an MSECE at the University of Florida.]]></bio>
		<proceedingsfilename><![CDATA[20240206_PreConA_Kumar]]></proceedingsfilename>
		<proceedingsfiletype><![CDATA[]]></proceedingsfiletype>
		<speaker2><![CDATA[]]></speaker2>
		<speaker2title><![CDATA[]]></speaker2title>
		<account2><![CDATA[]]></account2>
		<salutation2><![CDATA[]]></salutation2>
		<credentials2><![CDATA[]]></credentials2>
		<bio2><![CDATA[]]></bio2>
		<speaker3><![CDATA[]]></speaker3>
		<speaker3title><![CDATA[]]></speaker3title>
		<account3><![CDATA[]]></account3>
		<salutation3><![CDATA[]]></salutation3>
		<credentials3><![CDATA[]]></credentials3>
		<bio3><![CDATA[]]></bio3>
		<time><![CDATA[8:30 AM]]></time>
		<starttime><![CDATA[]]></starttime>
		<roomnum></roomnum>
		<order></order>
		<room><![CDATA[]]></room>
		<abstract><![CDATA[Chiplet testing requires a continuing emphasis on design for test and its inclusion throughout the design process. Without this emphasis, test will surely take a long time and incur heavy costs. Tne problem is obvious â testing of chiplet-based designs requires testing of each chiplet separately, along with testing of the interconnect and the entire device. Thatâs a lot of testing â and it increases as the number of chiplets rise (as it surely will if designers try to take full advantage of modularity). Obviously, testing must start early and progress along with the rest of the design to keep design costs under control.]]></abstract>
	</presentation>
	<presentation>
		<id>a0tVV000000u7Wf</id>
		<name><![CDATA[Choosing the Right Package for Your Chiplet Application]]></name>
		<date>2024-02-06</date>
		<track><![CDATA[Pre-Conference Tutorials]]></track>
		<tracknumber></tracknumber>
		<sessionid>a13VV000002p20H</sessionid>
		<sessionnum></sessionnum>
		<session><![CDATA[Pre-Conference Tutorial C: Advanced Packaging Methods]]></session>
		<moderator><![CDATA[false]]></moderator>
		<speaker><![CDATA[Craig Bishop]]></speaker>
		<speakertitle><![CDATA[CTO]]></speakertitle>
		<speakerimage><![CDATA[]]></speakerimage>
		<speakeraccountdescription><![CDATA[Deca was born of a passion to transform the way the world builds advanced electronic devices. In our first decade, our 10X thinking brought to life exciting breakthroughs with M-Series™ and Adaptive Patterning®. Our flagship M-Series is a fully encapsulated wafer & panel-level fan-out technology which provides an ideal structure for single & multi-die packaging, chiplet integration, 3D PoP and embedded die interposers. M-Series is delivering exceptional quality and reliability for leading Smartphone manufacturers around the globe with shipment volumes exceeding one billion units per year. Deca’s Adaptive Patterning technology compensates for natural variation in embedded die structures without costly processes or design limitations. After high-speed optical measurement, Adaptive Patterning generates a bespoke and optimized layout which is precisely aligned to each device. The power of Adaptive Patterning is realized through Adaptive Patterning Design Kits (APDKs) with provide integrated design templates, tech files, stack-ups, DRC decks, and AP Studio software. As a pure-play technology development, transfer and licensing company located in Tempe, Arizona, Deca is the leading independent provider of advanced packaging technology in the semiconductor industry.]]></speakeraccountdescription>
		<account><![CDATA[Deca Technologies]]></account>
		<accountdescription><![CDATA[]]></accountdescription>
		<salutation><![CDATA[]]></salutation>
		<credentials><![CDATA[]]></credentials>
		<bio><![CDATA[Craig Bishop is CTO at Deca Technologies, where he works on the Adaptive Patterning technology, EDA development, intellectual property, and R&D. He is the architect of Adaptive Patterning, having developed the relevant technology and design methodologies. This approach has been implemented in high-volume production, today producing more than 5 million devices per day. Bishop earned a BSEE from the University of Arizona with specialization in analog IC design. He holds over two dozen patents related to fan-out and electronic interconnect. He has also described adaptive patterning at many conferences including IEEE Electronic Components and Technology Conference (ECTC).]]></bio>
		<proceedingsfilename><![CDATA[20240206_PreConC_Bishop]]></proceedingsfilename>
		<proceedingsfiletype><![CDATA[]]></proceedingsfiletype>
		<speaker2><![CDATA[]]></speaker2>
		<speaker2title><![CDATA[]]></speaker2title>
		<account2><![CDATA[]]></account2>
		<salutation2><![CDATA[]]></salutation2>
		<credentials2><![CDATA[]]></credentials2>
		<bio2><![CDATA[]]></bio2>
		<speaker3><![CDATA[]]></speaker3>
		<speaker3title><![CDATA[]]></speaker3title>
		<account3><![CDATA[]]></account3>
		<salutation3><![CDATA[]]></salutation3>
		<credentials3><![CDATA[]]></credentials3>
		<bio3><![CDATA[]]></bio3>
		<time><![CDATA[8:30 AM]]></time>
		<starttime><![CDATA[]]></starttime>
		<roomnum></roomnum>
		<order></order>
		<room><![CDATA[]]></room>
		<abstract><![CDATA[Packaging choices abound for chiplet-based designs. For AI applications, the leading choices are silicon interposers and molded embedded bridge interposers. For partitioning of processors and SoCs, they are fan-out and package-on-package. For flash and analog disaggregation in microcontrollers, innovative panel-level fan-out options for BGA and QFN are the leaders, along with conventional substrates or lead frames. An analysis shows that molded embedded bridge interposers, package-on-package, and panel-level fan-out options for QFN are the best choices.]]></abstract>
	</presentation>
	<presentation>
		<id>a0t5f0000042vZt</id>
		<name><![CDATA[Advanced IC Package Design Using Smart Pin Regions]]></name>
		<date>2024-02-06</date>
		<track><![CDATA[Pre-Conference Tutorials]]></track>
		<tracknumber></tracknumber>
		<sessionid>a13VV000002p20H</sessionid>
		<sessionnum></sessionnum>
		<session><![CDATA[Pre-Conference Tutorial C: Advanced Packaging Methods]]></session>
		<moderator><![CDATA[false]]></moderator>
		<speaker><![CDATA[Chris Cone]]></speaker>
		<speakertitle><![CDATA[Senior Technical Marketing Engineer]]></speakertitle>
		<speakerimage><![CDATA[]]></speakerimage>
		<speakeraccountdescription><![CDATA[Siemens EDA supplies a broad array of electronic design automation software and includes solutions for chiplet design, analysis and verification. Siemens EDA is located in Wilsonville Oregon]]></speakeraccountdescription>
		<account><![CDATA[Siemens EDA]]></account>
		<accountdescription><![CDATA[]]></accountdescription>
		<salutation><![CDATA[]]></salutation>
		<credentials><![CDATA[]]></credentials>
		<bio><![CDATA[Chris Cone is a senior technical marketing engineer at Siemens EDA where he works on advanced IC packaging. Chris helped create the first flow silicon photonics process design kit (PDK) to enable large scale photonics design. He has instructed at technology adoption workshops at many universities including MIT, Columbia, and University of British Columbia (Canada). He has also presented at many technical conferences, authored/co-authored over a dozen technical publications, and contributed to two books on integrated design methodologies. He earned an MSEE in microelectronic design from the University of New Mexico.]]></bio>
		<proceedingsfilename><![CDATA[20240206_PreConC_Cone]]></proceedingsfilename>
		<proceedingsfiletype><![CDATA[]]></proceedingsfiletype>
		<speaker2><![CDATA[]]></speaker2>
		<speaker2title><![CDATA[]]></speaker2title>
		<account2><![CDATA[]]></account2>
		<salutation2><![CDATA[]]></salutation2>
		<credentials2><![CDATA[]]></credentials2>
		<bio2><![CDATA[]]></bio2>
		<speaker3><![CDATA[]]></speaker3>
		<speaker3title><![CDATA[]]></speaker3title>
		<account3><![CDATA[]]></account3>
		<salutation3><![CDATA[]]></salutation3>
		<credentials3><![CDATA[]]></credentials3>
		<bio3><![CDATA[]]></bio3>
		<time><![CDATA[8:30 AM]]></time>
		<starttime><![CDATA[]]></starttime>
		<roomnum></roomnum>
		<order></order>
		<room><![CDATA[]]></room>
		<abstract><![CDATA[Several iterations of multi-physics analysis are necessary for todayâs SI/PI/EMI reviews which are performed on a fully elaborated design. However, with package designs now having pin counts in the hundreds of millions, designers face a major bottleneck in design assembly and updates. Using only a top-level synthesis approach causes gaps for most practical applications, while taking the analysis to the bump level everywhere is very time-consuming. The best approach is to represent designs as geometrically partitioned (smart pin) regions with parametric attributes. The attributes indicate how each region should be elaborated using hierarchical reuse and physically implemented using known good layout techniques. Designers can then quickly implement critical updates while matching analytic methods to specific smart pin regions to avoid extremely long execution times.]]></abstract>
	</presentation>
	<presentation>
		<id>a0tVV000002yvn7</id>
		<name><![CDATA[Part 4 – Standardizing Chiplet Platforms]]></name>
		<date>2024-02-06</date>
		<track><![CDATA[Pre-Conference Tutorials]]></track>
		<tracknumber></tracknumber>
		<sessionid>a13VV000002p0qV</sessionid>
		<sessionnum></sessionnum>
		<session><![CDATA[Pre-Conference Tutorial H: The New Open Chiplet Economy]]></session>
		<moderator><![CDATA[false]]></moderator>
		<speaker><![CDATA[George Michelogiannakis]]></speaker>
		<speakertitle><![CDATA[Research Scientist]]></speakertitle>
		<speakerimage><![CDATA[]]></speakerimage>
		<speakeraccountdescription><![CDATA[]]></speakeraccountdescription>
		<account><![CDATA[LBNL]]></account>
		<accountdescription><![CDATA[]]></accountdescription>
		<salutation><![CDATA[]]></salutation>
		<credentials><![CDATA[]]></credentials>
		<bio><![CDATA[]]></bio>
		<proceedingsfilename><![CDATA[20240206_PreConH_Michelogiannakis]]></proceedingsfilename>
		<proceedingsfiletype><![CDATA[]]></proceedingsfiletype>
		<speaker2><![CDATA[Bart Plackle]]></speaker2>
		<speaker2title><![CDATA[VP Automotive]]></speaker2title>
		<account2><![CDATA[imec]]></account2>
		<salutation2><![CDATA[]]></salutation2>
		<credentials2><![CDATA[]]></credentials2>
		<bio2><![CDATA[]]></bio2>
		<speaker3><![CDATA[Andy Heinig]]></speaker3>
		<speaker3title><![CDATA[Head Efficient Electronics]]></speaker3title>
		<account3><![CDATA[Fraunhofer IIS]]></account3>
		<salutation3><![CDATA[]]></salutation3>
		<credentials3><![CDATA[]]></credentials3>
		<bio3><![CDATA[]]></bio3>
		<time><![CDATA[1:00]]></time>
		<starttime><![CDATA[]]></starttime>
		<roomnum></roomnum>
		<order>4</order>
		<room><![CDATA[]]></room>
		<abstract><![CDATA[]]></abstract>
	</presentation>
	<presentation>
		<id>a0t5f000004BZAg</id>
		<name><![CDATA[Integrating Chiplets into Large SiP Systems]]></name>
		<date>2024-02-06</date>
		<track><![CDATA[Pre-Conference Tutorials]]></track>
		<tracknumber></tracknumber>
		<sessionid>a13VV000002p20G</sessionid>
		<sessionnum></sessionnum>
		<session><![CDATA[Pre-Conference Tutorial A: Chiplet Basics]]></session>
		<moderator><![CDATA[false]]></moderator>
		<speaker><![CDATA[David Ratchkov]]></speaker>
		<speakertitle><![CDATA[CEO]]></speakertitle>
		<speakerimage><![CDATA[]]></speakerimage>
		<speakeraccountdescription><![CDATA[Thrace Systems focuses on enabling Architects to explore and find best solutions for their chiplet architectures. As a founding member of The American Chiplet.US Alliance, we help enterprises in their quest of developing the best solutions for the ever expanding Computing needs.]]></speakeraccountdescription>
		<account><![CDATA[Thrace Systems]]></account>
		<accountdescription><![CDATA[]]></accountdescription>
		<salutation><![CDATA[]]></salutation>
		<credentials><![CDATA[]]></credentials>
		<bio><![CDATA[David Ratchkov is the CEO of Thrace Systems, a startup that has developed tools to aid in early chiplet architecture exploration and design stages, such as 3DIC physical planning, netlist design, power, and thermal. An experienced hardware and software developer, he was previously a Principal Engineer at Broadcom, where he developed power analysis tools. He earned a masters degree in mathematics and computer science from the University of Plovdiv (Bulgaria). He also leads the Chiplet Design Exchange (CDX) workstream under Open Compute Platform's Open Domain-Specific Architecture (ODSA) sub-project.]]></bio>
		<proceedingsfilename><![CDATA[20240206_PreConA_Ratchkov]]></proceedingsfilename>
		<proceedingsfiletype><![CDATA[]]></proceedingsfiletype>
		<speaker2><![CDATA[]]></speaker2>
		<speaker2title><![CDATA[]]></speaker2title>
		<account2><![CDATA[]]></account2>
		<salutation2><![CDATA[]]></salutation2>
		<credentials2><![CDATA[]]></credentials2>
		<bio2><![CDATA[]]></bio2>
		<speaker3><![CDATA[]]></speaker3>
		<speaker3title><![CDATA[]]></speaker3title>
		<account3><![CDATA[]]></account3>
		<salutation3><![CDATA[]]></salutation3>
		<credentials3><![CDATA[]]></credentials3>
		<bio3><![CDATA[]]></bio3>
		<time><![CDATA[8:30 AM]]></time>
		<starttime><![CDATA[]]></starttime>
		<roomnum></roomnum>
		<order></order>
		<room><![CDATA[]]></room>
		<abstract><![CDATA[IC design scaling has been done mostly through technology scaling, a process called design-technology co-optimization (DTCO). As the pace of IC technology scaling has slowed recently, a new process called system technology co-optimization (STCO) is extending design scaling. STCO enables early architectural and technology tradeoffs to achieve high-performance, cost-effective solutions quickly. Predictive analysis is a basic component of STCO that leverages high-level modeling and analysis during planning. Another new issue in the chiplet age is the need for designers to be more aware of requirements such as substrates, materials, and assembly. As soon as architecture-level discussions begin, the design team must decide how the chiplets will be put together. Issues include the choice of a substrate and an interposer, assembly methods and compatibility problems, and design-for-manufacturing approaches that will control costs and meet foundry requirements.]]></abstract>
	</presentation>
	<presentation>
		<id>a0tVV0000029O8Q</id>
		<name><![CDATA[Part 2 - Tools for the Open Chiplet Economy]]></name>
		<date>2024-02-06</date>
		<track><![CDATA[Pre-Conference Tutorials]]></track>
		<tracknumber></tracknumber>
		<sessionid>a13VV000002p0qV</sessionid>
		<sessionnum></sessionnum>
		<session><![CDATA[Pre-Conference Tutorial H: The New Open Chiplet Economy]]></session>
		<moderator><![CDATA[false]]></moderator>
		<speaker><![CDATA[Shahab Ardalan]]></speaker>
		<speakertitle><![CDATA[VP Engineering]]></speakertitle>
		<speakerimage><![CDATA[]]></speakerimage>
		<speakeraccountdescription><![CDATA[]]></speakeraccountdescription>
		<account><![CDATA[Enosemi]]></account>
		<accountdescription><![CDATA[]]></accountdescription>
		<salutation><![CDATA[]]></salutation>
		<credentials><![CDATA[]]></credentials>
		<bio><![CDATA[]]></bio>
		<proceedingsfilename><![CDATA[20240206_PreConH_Ardalan]]></proceedingsfilename>
		<proceedingsfiletype><![CDATA[]]></proceedingsfiletype>
		<speaker2><![CDATA[Letizia Giuliano]]></speaker2>
		<speaker2title><![CDATA[VP IP Product Marketing/Management]]></speaker2title>
		<account2><![CDATA[Alphawave Semi]]></account2>
		<salutation2><![CDATA[]]></salutation2>
		<credentials2><![CDATA[]]></credentials2>
		<bio2><![CDATA[]]></bio2>
		<speaker3><![CDATA[]]></speaker3>
		<speaker3title><![CDATA[]]></speaker3title>
		<account3><![CDATA[]]></account3>
		<salutation3><![CDATA[]]></salutation3>
		<credentials3><![CDATA[]]></credentials3>
		<bio3><![CDATA[]]></bio3>
		<time><![CDATA[1:00]]></time>
		<starttime><![CDATA[]]></starttime>
		<roomnum></roomnum>
		<order>2</order>
		<room><![CDATA[]]></room>
		<abstract><![CDATA[]]></abstract>
	</presentation>
	<presentation>
		<id>a0tVV000002wDBp</id>
		<name><![CDATA[Chiplet Design Basics]]></name>
		<date>2024-02-06</date>
		<track><![CDATA[Pre-Conference Tutorials]]></track>
		<tracknumber></tracknumber>
		<sessionid>a13VV000002p20G</sessionid>
		<sessionnum></sessionnum>
		<session><![CDATA[Pre-Conference Tutorial A: Chiplet Basics]]></session>
		<moderator><![CDATA[false]]></moderator>
		<speaker><![CDATA[Surya Kareenahalli]]></speaker>
		<speakertitle><![CDATA[Sr Principal Engineer]]></speakertitle>
		<speakerimage><![CDATA[]]></speakerimage>
		<speakeraccountdescription><![CDATA[]]></speakeraccountdescription>
		<account><![CDATA[Intel]]></account>
		<accountdescription><![CDATA[]]></accountdescription>
		<salutation><![CDATA[]]></salutation>
		<credentials><![CDATA[]]></credentials>
		<bio><![CDATA[Surya Kareenahalli is a Senior Principal Engineer at Intel, where he is lead UCIe Die-2-Die architect for client platforms. He has also worked on computer vision applications, neural network acceleration, and media stream processors. His specialties include integrated I/O controllers and DRAM controllers. He has contributed to several industry standards and holds over 20 patents. He earned an MSEE from the University of Maryland.]]></bio>
		<proceedingsfilename><![CDATA[20240206_PreConA_Kareenahalli]]></proceedingsfilename>
		<proceedingsfiletype><![CDATA[]]></proceedingsfiletype>
		<speaker2><![CDATA[]]></speaker2>
		<speaker2title><![CDATA[]]></speaker2title>
		<account2><![CDATA[]]></account2>
		<salutation2><![CDATA[]]></salutation2>
		<credentials2><![CDATA[]]></credentials2>
		<bio2><![CDATA[]]></bio2>
		<speaker3><![CDATA[]]></speaker3>
		<speaker3title><![CDATA[]]></speaker3title>
		<account3><![CDATA[]]></account3>
		<salutation3><![CDATA[]]></salutation3>
		<credentials3><![CDATA[]]></credentials3>
		<bio3><![CDATA[]]></bio3>
		<time><![CDATA[8:30 AM]]></time>
		<starttime><![CDATA[]]></starttime>
		<roomnum></roomnum>
		<order></order>
		<room><![CDATA[]]></room>
		<abstract><![CDATA[Chiplet design adds a great deal of complexity to monolithic design. The two entirely new stages are partitioning in which the chip is divided into sections (the chiplets) and heterogeneous integration in which everything is combined into a single package. A new die-to-die bus is necessary to connect the chiplets inside the package. To take full advantage of modularity, the chiplets must also be designed with reuse in mind. Complexity is increased by the fact that chiplets may come from different manufacturers, employ different technologies, and have veery different architectures. Designers must also keep packaging, test, and manufacturing in mind throughout the design process to keep both costs and time-to-market under control. .]]></abstract>
	</presentation>
	<presentation>
		<id>a0t5f0000042wFH</id>
		<name><![CDATA[Using ML in Simulation Tools for Chiplet-Based Design]]></name>
		<date>2024-02-06</date>
		<track><![CDATA[Pre-Conference Tutorials]]></track>
		<tracknumber></tracknumber>
		<sessionid>a13VV000002p0qU</sessionid>
		<sessionnum></sessionnum>
		<session><![CDATA[Pre-Conference Tutorial G: AI in Chiplet Design]]></session>
		<moderator><![CDATA[false]]></moderator>
		<speaker><![CDATA[Norman Chang]]></speaker>
		<speakertitle><![CDATA[Chief Technologist, Electronics, Semiconductor, and Optics BU, Ansys, Inc.]]></speakertitle>
		<speakerimage><![CDATA[]]></speakerimage>
		<speakeraccountdescription><![CDATA[We provide chiplet-based 3DIC multiphysics simulation for IR/EM, thermal, stress, reliability simulations]]></speakeraccountdescription>
		<account><![CDATA[Ansys]]></account>
		<accountdescription><![CDATA[]]></accountdescription>
		<salutation><![CDATA[]]></salutation>
		<credentials><![CDATA[]]></credentials>
		<bio><![CDATA[Norman Chang is Fellow/Chief Technologist at Ansys, where he currently leads AI/ML and security initiatives. Before joining Ansys, he was Co-Founder/VP at Apache Design Solutions, a leading provider of innovative power analysis and optimization solutions. He also led a research group on power/signal/thermal integrity of chipsets based on VLIW architecture at HP Labs. He holds 25 patents and has co-authored over 60 papers and a popular book on âInterconnect Analysis and Synthesisâ by Wiley-Interscience. He is an IEEE fellow and an active committee member at such major conferences as IEEE EDPS (Electronic Design Process Symposium). He earned a PhD in electrical engineering and computer science from UC Berkeley.]]></bio>
		<proceedingsfilename><![CDATA[20240206_PreConG_Chang]]></proceedingsfilename>
		<proceedingsfiletype><![CDATA[]]></proceedingsfiletype>
		<speaker2><![CDATA[]]></speaker2>
		<speaker2title><![CDATA[]]></speaker2title>
		<account2><![CDATA[]]></account2>
		<salutation2><![CDATA[]]></salutation2>
		<credentials2><![CDATA[]]></credentials2>
		<bio2><![CDATA[]]></bio2>
		<speaker3><![CDATA[]]></speaker3>
		<speaker3title><![CDATA[]]></speaker3title>
		<account3><![CDATA[]]></account3>
		<salutation3><![CDATA[]]></salutation3>
		<credentials3><![CDATA[]]></credentials3>
		<bio3><![CDATA[]]></bio3>
		<time><![CDATA[1:00]]></time>
		<starttime><![CDATA[]]></starttime>
		<roomnum></roomnum>
		<order></order>
		<room><![CDATA[]]></room>
		<abstract><![CDATA[Chiplet-based design is a complex issue that adds multiple chiplets and interchiplet interfaces to systems already having millions of parameters, regions, and connections. Machine learning can help make sense of all the complexity much as it has done in other areas ranging from accounting through zoology. Applications include parameter value and consistency checks, rapid identification of problem areas, dashboards and summaries of results, trends analyses, boundary checks, optimization procedures, rule and standards checking, scheduling, and probability analyses. ML can simplify procedures, offer suggestions, explain error warnings, and make complex programs easier to use. Design tools can also offer well-documented interfaces to custom ML applications and to popular systems such as ChatGPT. Overall, ML can provide intelligent help with the difficult tasks of simulation and cooptimization, particularly for demanding situations such as large input/output space problems, fast static/thermal transients, and system technology co-optimization (STCO) for chiplet-based 3DICs.]]></abstract>
	</presentation>
	<presentation>
		<id>a0tVV000003vqLA</id>
		<name><![CDATA[Ensuring Yield and Reliability for Chiplets in a 3DIC Assembly]]></name>
		<date>2024-02-06</date>
		<track><![CDATA[Pre-Conference Tutorials]]></track>
		<tracknumber></tracknumber>
		<sessionid>a13VV000002p0qT</sessionid>
		<sessionnum></sessionnum>
		<session><![CDATA[Pre-Conference Tutorial F: Working with Foundries]]></session>
		<moderator><![CDATA[false]]></moderator>
		<speaker><![CDATA[John Ferguson]]></speaker>
		<speakertitle><![CDATA[Principal Engineer]]></speakertitle>
		<speakerimage><![CDATA[]]></speakerimage>
		<speakeraccountdescription><![CDATA[Intel Foundry Services provides all manner of Foundry, Package, and Test services. Our headquarters are in Santa Clara, CA.]]></speakeraccountdescription>
		<account><![CDATA[Siemens EDA]]></account>
		<accountdescription><![CDATA[]]></accountdescription>
		<salutation><![CDATA[]]></salutation>
		<credentials><![CDATA[]]></credentials>
		<bio><![CDATA[]]></bio>
		<proceedingsfilename><![CDATA[20240206_PreConF_Ferguson]]></proceedingsfilename>
		<proceedingsfiletype><![CDATA[]]></proceedingsfiletype>
		<speaker2><![CDATA[]]></speaker2>
		<speaker2title><![CDATA[]]></speaker2title>
		<account2><![CDATA[]]></account2>
		<salutation2><![CDATA[]]></salutation2>
		<credentials2><![CDATA[]]></credentials2>
		<bio2><![CDATA[]]></bio2>
		<speaker3><![CDATA[]]></speaker3>
		<speaker3title><![CDATA[]]></speaker3title>
		<account3><![CDATA[]]></account3>
		<salutation3><![CDATA[]]></salutation3>
		<credentials3><![CDATA[]]></credentials3>
		<bio3><![CDATA[]]></bio3>
		<time><![CDATA[1:00]]></time>
		<starttime><![CDATA[]]></starttime>
		<roomnum></roomnum>
		<order></order>
		<room><![CDATA[]]></room>
		<abstract><![CDATA[]]></abstract>
	</presentation>
	<presentation>
		<id>a0tVV000002LZRS</id>
		<name><![CDATA[UCIe: A Progress Report for 2024]]></name>
		<date>2024-02-06</date>
		<track><![CDATA[Pre-Conference Tutorials]]></track>
		<tracknumber></tracknumber>
		<sessionid>a13VV000002p20I</sessionid>
		<sessionnum></sessionnum>
		<session><![CDATA[Pre-Conference Tutorial D: Interfaces (Section 1)]]></session>
		<moderator><![CDATA[false]]></moderator>
		<speaker><![CDATA[Gerald Pasdast]]></speaker>
		<speakertitle><![CDATA[Sr Principal Engineer]]></speakertitle>
		<speakerimage><![CDATA[]]></speakerimage>
		<speakeraccountdescription><![CDATA[]]></speakeraccountdescription>
		<account><![CDATA[Intel]]></account>
		<accountdescription><![CDATA[Intel (Nasdaq: INTC) is an industry leader, creating world-changing technology that enables global progress and enriches lives. Inspired by Moore’s Law, we continuously work to advance the design and manufacturing of semiconductors to help address our customers’ greatest challenges. By embedding intelligence in the cloud, network, edge, and every kind of computing device, we unleash the potential of data to transform business and society for the better. To learn more about Intel’s innovations, go to newsroom.intel.com and intel.com.]]></accountdescription>
		<salutation><![CDATA[]]></salutation>
		<credentials><![CDATA[]]></credentials>
		<bio><![CDATA[Gerald Pasdast is a Senior Principal Engineer with Intel, where he works on die-to-die I/O architecture and technology. He has also worked on advanced packaging such as EMIB and Foveros for servers, HPC, and client CPUs. He is a co-author of the UCIe 1.0 specification, has over 30 granted patents with 20 others pending, and has five publications on processors and design in publications such as the IEEE Transactions on Components, Packaging, and Manufacturing Technology, and at conferences such as EEDM, ISSCEE, Hot Chips, and ECTC. He earned a BSEE at San Jose State University. He is the Chair of the UCIe Consortium Form Factor and Compliance Working Group.]]></bio>
		<proceedingsfilename><![CDATA[20240206_PreConD_Pasdast]]></proceedingsfilename>
		<proceedingsfiletype><![CDATA[]]></proceedingsfiletype>
		<speaker2><![CDATA[]]></speaker2>
		<speaker2title><![CDATA[]]></speaker2title>
		<account2><![CDATA[]]></account2>
		<salutation2><![CDATA[]]></salutation2>
		<credentials2><![CDATA[]]></credentials2>
		<bio2><![CDATA[]]></bio2>
		<speaker3><![CDATA[]]></speaker3>
		<speaker3title><![CDATA[]]></speaker3title>
		<account3><![CDATA[]]></account3>
		<salutation3><![CDATA[]]></salutation3>
		<credentials3><![CDATA[]]></credentials3>
		<bio3><![CDATA[]]></bio3>
		<time><![CDATA[8:30 AM]]></time>
		<starttime><![CDATA[]]></starttime>
		<roomnum></roomnum>
		<order></order>
		<room><![CDATA[]]></room>
		<abstract><![CDATA[UCIe (Universal Chiplet Interconnect Express) offers a customizable, package-level integration combining die-to-die interconnect and protocol connections. It thus establishes the basis for an interoperable, multi-vendor ecosystem. UCIe provides the physical layer, protocol stack, software model, and compliance testing. The specification leverages the established PCI ExpressÂ® (PCI-SIGÂ®) and Compute Express Linkâ¢ (CXLâ¢) industry standards. It will enable end users to easily mix and match chiplets from a multi-vendor ecosystem for SoCs. UCIeâs new 1.1 specification addresses automotive chiplets, interoperability, lower-cost packaging options, and streaming protocols.]]></abstract>
	</presentation>
	<presentation>
		<id>a0t5f0000042r97</id>
		<name><![CDATA[Developing Low Cost Chiplet Packages]]></name>
		<date>2024-02-06</date>
		<track><![CDATA[Pre-Conference Tutorials]]></track>
		<tracknumber></tracknumber>
		<sessionid>a13VV000002p20H</sessionid>
		<sessionnum></sessionnum>
		<session><![CDATA[Pre-Conference Tutorial C: Advanced Packaging Methods]]></session>
		<moderator><![CDATA[false]]></moderator>
		<speaker><![CDATA[Nokibul Islam]]></speaker>
		<speakertitle><![CDATA[Director Group Technology Strategy]]></speakertitle>
		<speakerimage><![CDATA[]]></speakerimage>
		<speakeraccountdescription><![CDATA[JCET Group is the world’s leading integrated-circuit manufacturing and technology services provider, offering a full range of turnkey services that include semiconductor package integration design and characterization, R&D, wafer probe, wafer bumping, package assembly, final test and drop shipment to vendors around the world.]]></speakeraccountdescription>
		<account><![CDATA[JCET Group]]></account>
		<accountdescription><![CDATA[]]></accountdescription>
		<salutation><![CDATA[]]></salutation>
		<credentials><![CDATA[]]></credentials>
		<bio><![CDATA[Nokibul Islam is currently Sr Director WorldWide Field Applications Engineering at JCET, where he leads business development for network, computing, communications, and automotive products. Before joining JCET, he was a staff engineer at Amkor, where he led work on advanced packaging. Islam has authored 50+ published papers and articles on electronic packaging, manufacturing, and reliability. He has received many best paper awards and certifications from ECTC (IEEE), IMAPS, and other organizations. He earned a PhD in mechanical engineering from Auburn University (AL).]]></bio>
		<proceedingsfilename><![CDATA[20240206_PreConC_Islam]]></proceedingsfilename>
		<proceedingsfiletype><![CDATA[]]></proceedingsfiletype>
		<speaker2><![CDATA[]]></speaker2>
		<speaker2title><![CDATA[]]></speaker2title>
		<account2><![CDATA[]]></account2>
		<salutation2><![CDATA[]]></salutation2>
		<credentials2><![CDATA[]]></credentials2>
		<bio2><![CDATA[]]></bio2>
		<speaker3><![CDATA[]]></speaker3>
		<speaker3title><![CDATA[]]></speaker3title>
		<account3><![CDATA[]]></account3>
		<salutation3><![CDATA[]]></salutation3>
		<credentials3><![CDATA[]]></credentials3>
		<bio3><![CDATA[]]></bio3>
		<time><![CDATA[8:30 AM]]></time>
		<starttime><![CDATA[]]></starttime>
		<roomnum></roomnum>
		<order></order>
		<room><![CDATA[]]></room>
		<abstract><![CDATA[Chiplets, small IC dies with specialized functions that designers can combine to form complex chips, are an attractive solution for advanced silicon process nodes. However, packaging them at a reasonable cost leads to many challenges. Several approaches are widely available, including fine line and space standard substrate, Si interposer, redistribution layer (RDL) interposer, and embedded bridge die in RDL interposer. An analysis of the processes and technologies shows that the RDL interposer currently offers the best cost-performance tradeoffs.]]></abstract>
	</presentation>
	<presentation>
		<id>a0t5f0000042vDf</id>
		<name><![CDATA[Physical-Aware Architecture Optimization for Multi-Die Systems]]></name>
		<date>2024-02-06</date>
		<track><![CDATA[Pre-Conference Tutorials]]></track>
		<tracknumber></tracknumber>
		<sessionid>a13VV000002p0qS</sessionid>
		<sessionnum></sessionnum>
		<session><![CDATA[Pre-Conference Tutorial E: Design Methods]]></session>
		<moderator><![CDATA[false]]></moderator>
		<speaker><![CDATA[Holger Keding]]></speaker>
		<speakertitle><![CDATA[Sr Staff R&D Engineer]]></speakertitle>
		<speakerimage><![CDATA[]]></speakerimage>
		<speakeraccountdescription><![CDATA[]]></speakeraccountdescription>
		<account><![CDATA[Synopsys]]></account>
		<accountdescription><![CDATA[Synopsys technology is at the heart of innovations that are changing the way people work and play. Self-driving cars. Machines that learn. Lightning-fast communication across billions of devices in the datasphere. These breakthroughs are ushering in the era of Smart Everything―where devices are getting smarter and connected, and security is an integral part of the design. Powering this new era of innovation are high-performance silicon chips and exponentially growing amounts of software content. Synopsys is at the forefront of Smart Everything with the world’s most advanced technologies for chip design, verification, IP integration, and software security and quality testing. We help our customers innovate from silicon to software so they can bring amazing new products to life.]]></accountdescription>
		<salutation><![CDATA[]]></salutation>
		<credentials><![CDATA[]]></credentials>
		<bio><![CDATA[Tim Kogel is a Principal Engineer at Synopsys, where he leads an engineering team in defining, realizing, and deploying virtual prototyping solutions. Before joining Synopsys, he was a solutions specialist at Coware. He has authored a book and many technical and scientific publications on system-level modeling of SoC platforms. He also holds a patent and has served on the Technical Program Committees for the DATE and DVcon Europe conferences. Before joining Synopsys, he was a solutions specialist at Coware. He earned a PhD in electrical engineering from Rhine Westphalia Technical University (RWTH) Aachen (Germany).]]></bio>
		<proceedingsfilename><![CDATA[20240206_PreConE_Keding]]></proceedingsfilename>
		<proceedingsfiletype><![CDATA[]]></proceedingsfiletype>
		<speaker2><![CDATA[]]></speaker2>
		<speaker2title><![CDATA[]]></speaker2title>
		<account2><![CDATA[]]></account2>
		<salutation2><![CDATA[]]></salutation2>
		<credentials2><![CDATA[]]></credentials2>
		<bio2><![CDATA[]]></bio2>
		<speaker3><![CDATA[]]></speaker3>
		<speaker3title><![CDATA[]]></speaker3title>
		<account3><![CDATA[]]></account3>
		<salutation3><![CDATA[]]></salutation3>
		<credentials3><![CDATA[]]></credentials3>
		<bio3><![CDATA[]]></bio3>
		<time><![CDATA[1:00]]></time>
		<starttime><![CDATA[]]></starttime>
		<roomnum></roomnum>
		<order></order>
		<room><![CDATA[]]></room>
		<abstract><![CDATA[Having a physical model to assess physical effects such as target PPA, floor planning, power delivery network, process node, and temperature helps designers make appropriate architecture tradeoffs. It also helps them determine whether they have allocated enough processing and memory resources to meet Key Performance Indicators. However, to build a realistic physical model, designers must also have a functional view for hardware/software partitioning, die-to-die IP selection and configuration, mapping of data flows to the interconnect and memory architecture, and power consumption per component. Bridging the gap between functional and physical architectures to rapidly build a physical model of multi-die systems is an essential step prior to implementation. Joint exploration and co-optimization of the functional and physical architecture help to de-risk architecture decisions and can greatly improve Quality of Results. Together the functional and physical view of the architecture provides insights into how the actual system will behave and how the workload will run on the allocated resources. Designers can use the data from the physical-aware model to analyze system performance and power and minimize design risk early.]]></abstract>
	</presentation>
	<presentation>
		<id>a0tVV000000mM6I</id>
		<name><![CDATA[Chiplets: A New Approach to Better Chips at Smaller Dimensions]]></name>
		<date>2024-02-06</date>
		<track><![CDATA[Pre-Conference Tutorials]]></track>
		<tracknumber></tracknumber>
		<sessionid>a13VV000002p20G</sessionid>
		<sessionnum></sessionnum>
		<session><![CDATA[Pre-Conference Tutorial A: Chiplet Basics]]></session>
		<moderator><![CDATA[false]]></moderator>
		<speaker><![CDATA[Anu Ramamurthy]]></speaker>
		<speakertitle><![CDATA[Associate Technical Fellow]]></speakertitle>
		<speakerimage><![CDATA[]]></speakerimage>
		<speakeraccountdescription><![CDATA[]]></speakeraccountdescription>
		<account><![CDATA[Microchip]]></account>
		<accountdescription><![CDATA[]]></accountdescription>
		<salutation><![CDATA[]]></salutation>
		<credentials><![CDATA[]]></credentials>
		<bio><![CDATA[Anu Ramamurthy is Associate Technical Fellow at Microchip, where she works on heterogeneous integration and advanced packaging. She also has expertise in physical design and procurement management of 3rd party IP. Before joining Microchip, she worked at Microsemi and Vitesse Semiconductor as a design engineer and engineering manager. She earned an MS in semiconductor devices from North Carolina State University. She has been an organizer, presenter, and Organizing Committee member for Chiplet Summit.]]></bio>
		<proceedingsfilename><![CDATA[20240206_PreConA_Ramamurthy]]></proceedingsfilename>
		<proceedingsfiletype><![CDATA[]]></proceedingsfiletype>
		<speaker2><![CDATA[]]></speaker2>
		<speaker2title><![CDATA[]]></speaker2title>
		<account2><![CDATA[]]></account2>
		<salutation2><![CDATA[]]></salutation2>
		<credentials2><![CDATA[]]></credentials2>
		<bio2><![CDATA[]]></bio2>
		<speaker3><![CDATA[]]></speaker3>
		<speaker3title><![CDATA[]]></speaker3title>
		<account3><![CDATA[]]></account3>
		<salutation3><![CDATA[]]></salutation3>
		<credentials3><![CDATA[]]></credentials3>
		<bio3><![CDATA[]]></bio3>
		<time><![CDATA[8:30 AM]]></time>
		<starttime><![CDATA[]]></starttime>
		<roomnum></roomnum>
		<order></order>
		<room><![CDATA[]]></room>
		<abstract><![CDATA[Chiplets let designers develop large chips efficiently by dividing them into building blocks (or chiplets). Ideally, chiplets are drop-in pieces, which can be bought from 3rd party, or reused from previous designs. Chiplet-based design adds two new stages to development: intelligent partitioning and integration of the chiplets. Integration most likely requires a die-to-die interface which can be selected based on bandwidth and performance requirements need at the point of disaggregation. Chiplet based designs do need additional attention as far as test, packaging and system level analysis are concerned. However, the widespread use of chiplets by major manufacturers shows that they offer big advantages in manufacturing cost, time-to-market, and use of resources.]]></abstract>
	</presentation>
	<presentation>
		<id>a0tVV000000Njcf</id>
		<name><![CDATA[Cost Analysis of Chiplet Packaging Methods]]></name>
		<date>2024-02-06</date>
		<track><![CDATA[Pre-Conference Tutorials]]></track>
		<tracknumber></tracknumber>
		<sessionid>a13VV000002p20H</sessionid>
		<sessionnum></sessionnum>
		<session><![CDATA[Pre-Conference Tutorial C: Advanced Packaging Methods]]></session>
		<moderator><![CDATA[false]]></moderator>
		<speaker><![CDATA[Amy Lujan]]></speaker>
		<speakertitle><![CDATA[Vice President]]></speakertitle>
		<speakerimage><![CDATA[]]></speakerimage>
		<speakeraccountdescription><![CDATA[SavanSys is the industry standard for analyzing the cost of microelectronics packaging. SavanSys sells cost modeling software as well as providing cost analysis consulting projects. SavanSys has been analyzing the cost of microelectronics packaging since the mid-2000's (and was focused on PCB fabrication and assembly in the mid-nineties). SavanSys has detailed cost models of the packaging technologies that support chiplets, and SavanSys consultants have presented at conferences in the past couple of years on the cost of certain types of chiplet packaging technologies.]]></speakeraccountdescription>
		<account><![CDATA[Savansys Solutions]]></account>
		<accountdescription><![CDATA[]]></accountdescription>
		<salutation><![CDATA[]]></salutation>
		<credentials><![CDATA[]]></credentials>
		<bio><![CDATA[Amy Lujan is VP Business Development at SavanSys, where she does cost modeling and analysis for electronics packaging and aerospace clients. She received the Engineer of the Year 3D InCites award in 2019 and the IMAPS Leadership Award in 2021. She is the General Chair Elect for the important 2024 IMAPS Device Packaging Conference. She has published many technical papers at such events as IEEE Electronic Components and Technology Conference (ECTC), been an invited speaker at conferences and seminars, and contributed to many industry publications, including textbooks. She earned a BS in chemistry from the College of William and Mary (VA).]]></bio>
		<proceedingsfilename><![CDATA[20240206_PreConC_Lujan]]></proceedingsfilename>
		<proceedingsfiletype><![CDATA[]]></proceedingsfiletype>
		<speaker2><![CDATA[]]></speaker2>
		<speaker2title><![CDATA[]]></speaker2title>
		<account2><![CDATA[]]></account2>
		<salutation2><![CDATA[]]></salutation2>
		<credentials2><![CDATA[]]></credentials2>
		<bio2><![CDATA[]]></bio2>
		<speaker3><![CDATA[]]></speaker3>
		<speaker3title><![CDATA[]]></speaker3title>
		<account3><![CDATA[]]></account3>
		<salutation3><![CDATA[]]></salutation3>
		<credentials3><![CDATA[]]></credentials3>
		<bio3><![CDATA[]]></bio3>
		<time><![CDATA[8:30 AM]]></time>
		<starttime><![CDATA[]]></starttime>
		<roomnum></roomnum>
		<order></order>
		<room><![CDATA[]]></room>
		<abstract><![CDATA[Packaging consumes more of the chip cost as manufacturers move to smaller node dimensions. One issue with moving from monolithic designs to chiplets is the increased cost of packages due to the need to bond chiplets and provide interconnect among them. An available recent model covers three current types of packaging that support chiplets: substrate packaging (flip-chip), redistribution layer (RDL) packaging (fan-out), and silicon-interposer packaging (2.5D). The model has been validated using sample designs. It not only computes the cost of specific designs, but also allows designers to evaluate tradeoffs. For example, they could see the effects of changes such as adjusting the substrate structure, adding an RDL, or increasing the interposerâs size. The model thus offers designers a look into the costs of different packaging technologies and options. Future extensions will cover 3D packages and hybrid bonding.]]></abstract>
	</presentation>
	<presentation>
		<id>a0t5f0000042vbE</id>
		<name><![CDATA[Efficient Monitoring, Test, and Repair of UCIe Links for Multi-Die Systems]]></name>
		<date>2024-02-06</date>
		<track><![CDATA[Pre-Conference Tutorials]]></track>
		<tracknumber></tracknumber>
		<sessionid>a13VV000002p20I</sessionid>
		<sessionnum></sessionnum>
		<session><![CDATA[Pre-Conference Tutorial D: Interfaces (Section 1)]]></session>
		<moderator><![CDATA[false]]></moderator>
		<speaker><![CDATA[Yervant Zorian]]></speaker>
		<speakertitle><![CDATA[Chief Architect/Fellow]]></speakertitle>
		<speakerimage><![CDATA[]]></speakerimage>
		<speakeraccountdescription><![CDATA[]]></speakeraccountdescription>
		<account><![CDATA[Synopsys]]></account>
		<accountdescription><![CDATA[Synopsys technology is at the heart of innovations that are changing the way people work and play. Self-driving cars. Machines that learn. Lightning-fast communication across billions of devices in the datasphere. These breakthroughs are ushering in the era of Smart Everything―where devices are getting smarter and connected, and security is an integral part of the design. Powering this new era of innovation are high-performance silicon chips and exponentially growing amounts of software content. Synopsys is at the forefront of Smart Everything with the world’s most advanced technologies for chip design, verification, IP integration, and software security and quality testing. We help our customers innovate from silicon to software so they can bring amazing new products to life.]]></accountdescription>
		<salutation><![CDATA[]]></salutation>
		<credentials><![CDATA[]]></credentials>
		<bio><![CDATA[Yervant Zorian is a Chief Architect and Fellow at Synopsys, where he works on IC testing and test standards. He has received many awards for his work in testing, including the IEEE Distinguished Services Award, the IEEE Circuit and Systems Society Industrial Pioneer Award, and the IEEE Hans Karlsson Standards Award. Before joining Synopsys, he was Vice President and Chief Scientist of Virage Logic, Chief Technologist at LogicVision, and a Distinguished Member of Technical Staff at AT&T Bell Laboratories. He holds 35 US patents and has published over 350 refereed papers and authored four books. He earned a PhD in electrical engineering from McGill University (Canada).]]></bio>
		<proceedingsfilename><![CDATA[20240206_PreConD_Zorian]]></proceedingsfilename>
		<proceedingsfiletype><![CDATA[]]></proceedingsfiletype>
		<speaker2><![CDATA[Sandeep Goel]]></speaker2>
		<speaker2title><![CDATA[Academician/Director]]></speaker2title>
		<account2><![CDATA[TSMC]]></account2>
		<salutation2><![CDATA[]]></salutation2>
		<credentials2><![CDATA[]]></credentials2>
		<bio2><![CDATA[Sandeep Goel is an Academician/Director with TSMC where he works on design, content planning, and solving testing/verification/defect diagnosis challenges for advanced process test chips and test solutions for packaging. He has co-authored multiple book chapters, published over 90 conference papers, and holds over 90 US patents. He has also served on many conference committees at such events as DAC, ITC, and DATE. He earned a PhD in electrical and computer engineering from the University of Twente (Netherlands).]]></bio2>
		<speaker3><![CDATA[]]></speaker3>
		<speaker3title><![CDATA[]]></speaker3title>
		<account3><![CDATA[]]></account3>
		<salutation3><![CDATA[]]></salutation3>
		<credentials3><![CDATA[]]></credentials3>
		<bio3><![CDATA[]]></bio3>
		<time><![CDATA[8:30 AM]]></time>
		<starttime><![CDATA[]]></starttime>
		<roomnum></roomnum>
		<order></order>
		<room><![CDATA[]]></room>
		<abstract><![CDATA[Reliable die-to-die connectivity is critical as designers adopt multi-die systems as the solution for large chips at the latest process nodes. UCIe is a popular standard, offering support for all packaging options and a complete protocol stack. However, designers must ensure the systemÃ¢ÂÂs and the linkÃ¢ÂÂs health and reliability throughout the product lifecycle. UCIe monitoring, test, and repair features expand test coverage of both individual dies and the entire multi-die system. The early results from an application implemented in two configurations illustrate the requirements. The first option leverages a UCIe-based die-to-die interface with monitoring, test, and repair capabilities, while the second leverages a standard GPIO interface with the IEEE 1838 test access infrastructure to allow intra-die lane testing.]]></abstract>
	</presentation>
	<presentation>
		<id>a0tVV000002EtQ5</id>
		<name><![CDATA[Using Silicon Photonics in Co-Packaged Optical Interconnect]]></name>
		<date>2024-02-06</date>
		<track><![CDATA[Pre-Conference Tutorials]]></track>
		<tracknumber></tracknumber>
		<sessionid>a13VV000002p20I</sessionid>
		<sessionnum></sessionnum>
		<session><![CDATA[Pre-Conference Tutorial D: Interfaces (Section 1)]]></session>
		<moderator><![CDATA[false]]></moderator>
		<speaker><![CDATA[Manish Mehta]]></speaker>
		<speakertitle><![CDATA[VP of Marketing and Operations, Optical Systems Division]]></speakertitle>
		<speakerimage><![CDATA[]]></speakerimage>
		<speakeraccountdescription><![CDATA[Broadcom is a global technology leader that designs, develops and supplies a broad range of semiconductor and infrastructure software solutions. Broadcom’s category-leading product portfolio serves critical markets including data center, networking, enterprise software, broadband, wireless, storage and industrial. Our solutions include data center networking and storage, enterprise, mainframe and cybersecurity software focused on automation, monitoring and security, smartphone components, telecoms and factory automation.]]></speakeraccountdescription>
		<account><![CDATA[Broadcom]]></account>
		<accountdescription><![CDATA[]]></accountdescription>
		<salutation><![CDATA[]]></salutation>
		<credentials><![CDATA[]]></credentials>
		<bio><![CDATA[Manish Mehta is VP Marketing/Operations for Broadcomâs Optical Systems Division at Broadcom. He leads go-to-market and operations for devices and systems used in optical communications including co-packaged optical switches used by Chinese hyperscaler Tencent. Before joining Broadcom, Manish was Executive VP Product Line Management at Source Photonics where he led the company's entry into the datacenter market. Manish earned a PhD in electrical engineering from University of California, Santa Barbara (UCSB) He has participated in several conferences including OCP Global Summit and SPIE Photonics West.]]></bio>
		<proceedingsfilename><![CDATA[20240206_PreConD_Mehta]]></proceedingsfilename>
		<proceedingsfiletype><![CDATA[]]></proceedingsfiletype>
		<speaker2><![CDATA[]]></speaker2>
		<speaker2title><![CDATA[]]></speaker2title>
		<account2><![CDATA[]]></account2>
		<salutation2><![CDATA[]]></salutation2>
		<credentials2><![CDATA[]]></credentials2>
		<bio2><![CDATA[]]></bio2>
		<speaker3><![CDATA[]]></speaker3>
		<speaker3title><![CDATA[]]></speaker3title>
		<account3><![CDATA[]]></account3>
		<salutation3><![CDATA[]]></salutation3>
		<credentials3><![CDATA[]]></credentials3>
		<bio3><![CDATA[]]></bio3>
		<time><![CDATA[8:30 AM]]></time>
		<starttime><![CDATA[]]></starttime>
		<roomnum></roomnum>
		<order></order>
		<room><![CDATA[]]></room>
		<abstract><![CDATA[Huge demand for AI training clusters has increased interest in optical interconnects to enable high radix, low latency network architectures. However, current optical interconnects use expensive, high-power discrete optical transceivers. A promising alternative involves highly integrated silicon photonics devices co-packaged with core compute and switch ASICs. Recent experimental work on this approach has produced encouraging results in the quest to reduce the cost and power consumption of optical interconnect. .]]></abstract>
	</presentation>
	<presentation>
		<id>a0t5f000004BUfh</id>
		<name><![CDATA[Taking Advantage of Chiplets in Today's Chip Designs]]></name>
		<date>2024-02-06</date>
		<track><![CDATA[Pre-Conference Tutorials]]></track>
		<tracknumber></tracknumber>
		<sessionid>a13VV000002p0qS</sessionid>
		<sessionnum></sessionnum>
		<session><![CDATA[Pre-Conference Tutorial E: Design Methods]]></session>
		<moderator><![CDATA[false]]></moderator>
		<speaker><![CDATA[Bob Patti]]></speaker>
		<speakertitle><![CDATA[President]]></speakertitle>
		<speakerimage><![CDATA[]]></speakerimage>
		<speakeraccountdescription><![CDATA[]]></speakeraccountdescription>
		<account><![CDATA[nHanced Semiconductors]]></account>
		<accountdescription><![CDATA[]]></accountdescription>
		<salutation><![CDATA[]]></salutation>
		<credentials><![CDATA[]]></credentials>
		<bio><![CDATA[Bob Patti is the president of NHanced Semiconductors, where he has developed cutting-edge 2.5D and 3D integration technology for fields such as high energy physics, medicine, automotive, military, and HPC. Bob received the 2009 SEMI Award for North America for his pioneering work in 3D IC integration and the 2015 3DIncites Individual Achievement Award. He earned a BS in electrical engineering and computer science from the Rose-Hulman Institute of Technology (Terre Haute, IN). He has 13 conference and journal publications and holds 18 patents plus many more applications.]]></bio>
		<proceedingsfilename><![CDATA[20240206_PreConE_Patti]]></proceedingsfilename>
		<proceedingsfiletype><![CDATA[]]></proceedingsfiletype>
		<speaker2><![CDATA[]]></speaker2>
		<speaker2title><![CDATA[]]></speaker2title>
		<account2><![CDATA[]]></account2>
		<salutation2><![CDATA[]]></salutation2>
		<credentials2><![CDATA[]]></credentials2>
		<bio2><![CDATA[]]></bio2>
		<speaker3><![CDATA[]]></speaker3>
		<speaker3title><![CDATA[]]></speaker3title>
		<account3><![CDATA[]]></account3>
		<salutation3><![CDATA[]]></salutation3>
		<credentials3><![CDATA[]]></credentials3>
		<bio3><![CDATA[]]></bio3>
		<time><![CDATA[1:00]]></time>
		<starttime><![CDATA[]]></starttime>
		<roomnum></roomnum>
		<order></order>
		<room><![CDATA[]]></room>
		<abstract><![CDATA[Chiplets will revolutionize semiconductor design and development, but they will not reach their full potential for a while. Standard interfaces (UCIe and BoW) are progressing, but standard chiplet formats have a long way to go. Design tools obviously must be updated, and new assembly options such as microbumps and hybrid bonding must be thoroughly understood and evaluated. Advances such as glass interposers and photonic interconnect are essential to allow for nodes at ever-smaller dimensions. Cooling and power analysis must be extended to lower levels and more complex architectures. New markets for chiplets will likely focus on non-differentiating tasks that require special expertise, such as cybersecurity, AI algorithms, signal and media processing, protocol offload, optical interfaces, and software-defined infrastructures. Both large chip companies and specialists may offer reference designs in chipset form for product companies with limited engineering resources.]]></abstract>
	</presentation>
	<presentation>
		<id>a0tVV000002EO6C</id>
		<name><![CDATA[ChipNeMo: Domain-Adapted LLMs for Chip Design]]></name>
		<date>2024-02-06</date>
		<track><![CDATA[Pre-Conference Tutorials]]></track>
		<tracknumber></tracknumber>
		<sessionid>a13VV000002p0qU</sessionid>
		<sessionnum></sessionnum>
		<session><![CDATA[Pre-Conference Tutorial G: AI in Chiplet Design]]></session>
		<moderator><![CDATA[false]]></moderator>
		<speaker><![CDATA[Mark Ren]]></speaker>
		<speakertitle><![CDATA[Director of Design Automation Research]]></speakertitle>
		<speakerimage><![CDATA[]]></speakerimage>
		<speakeraccountdescription><![CDATA[]]></speakeraccountdescription>
		<account><![CDATA[NVIDIA]]></account>
		<accountdescription><![CDATA[Since its founding in 1993, NVIDIA (NASDAQ: NVDA) has been a pioneer in accelerated computing. The company’s invention of the GPU in 1999 sparked the growth of the PC gaming market, redefined computer graphics, ignited the era of modern AI and is fueling the creation of the industrial metaverse. NVIDIA is now a full-stack computing company with data-center-scale offerings that are reshaping the industry. More information is available at https://nvidianews.nvidia.com/.]]></accountdescription>
		<salutation><![CDATA[]]></salutation>
		<credentials><![CDATA[]]></credentials>
		<bio><![CDATA[Haoxing Ren (Mark) serves as the Director of Design Automation Research at NVIDIA, where he focuses on leveraging machine learning and GPU-accelerated tools to enhance chip design quality and productivity. Prior to joining NVIDIA in 2016, he dedicated 15 years to EDA algorithm research and design methodology innovation at IBM Microelectronics and IBM Research. Mark is widely recognized for his contributions to physical design, AI, and GPU acceleration for EDA, achievements that have earned him several prestigious awards, including the IBM Corporate Award and best paper awards at ISPD, DAC, TCAD, and MLCAD. He holds Bachelor's and Master's degrees from Shanghai Jiao Tong University and Rensselaer Polytechnic Institute, respectively, and earned his Ph.D. from the University of Texas at Austin. He is a Fellow of the IEEE.]]></bio>
		<proceedingsfilename><![CDATA[20240206_PreConG_Ren]]></proceedingsfilename>
		<proceedingsfiletype><![CDATA[]]></proceedingsfiletype>
		<speaker2><![CDATA[]]></speaker2>
		<speaker2title><![CDATA[]]></speaker2title>
		<account2><![CDATA[]]></account2>
		<salutation2><![CDATA[]]></salutation2>
		<credentials2><![CDATA[]]></credentials2>
		<bio2><![CDATA[]]></bio2>
		<speaker3><![CDATA[]]></speaker3>
		<speaker3title><![CDATA[]]></speaker3title>
		<account3><![CDATA[]]></account3>
		<salutation3><![CDATA[]]></salutation3>
		<credentials3><![CDATA[]]></credentials3>
		<bio3><![CDATA[]]></bio3>
		<time><![CDATA[1:00]]></time>
		<starttime><![CDATA[]]></starttime>
		<roomnum></roomnum>
		<order></order>
		<room><![CDATA[]]></room>
		<abstract><![CDATA[ChipNeMo aims to explore the applications of large language models (LLMs) for industrial chip design. Instead of directly deploying off-the-shelf commercial or open-source LLMs, we adopt the following domain adaptation techniques: custom tokenizers, domain-adaptive continued pretraining, supervised fine-tuning (SFT) with domain-specific instructions, and domain-adapted retrieval models. We evaluate these methods on three selected LLM applications for chip design: an engineering assistant chatbot, EDA script generation, and bug summarization and analysis. Our results show that these domain adaptation techniques enable significant LLM performance improvements over general-purpose base models across the three evaluated applications, enabling up to 5x model size reduction with similar or better performance on a range of design tasks. Our findings also indicate that there's still room for improvement between our current results and ideal outcomes. We believe that further investigation of domain-adapted LLM approaches will help close this gap in the future.]]></abstract>
	</presentation>
	<presentation>
		<id>a0t5f000004BYvU</id>
		<name><![CDATA[Using AI in Federated Simulation for Chiplet-Based Design]]></name>
		<date>2024-02-06</date>
		<track><![CDATA[Pre-Conference Tutorials]]></track>
		<tracknumber></tracknumber>
		<sessionid>a13VV000002p0qU</sessionid>
		<sessionnum></sessionnum>
		<session><![CDATA[Pre-Conference Tutorial G: AI in Chiplet Design]]></session>
		<moderator><![CDATA[false]]></moderator>
		<speaker><![CDATA[Kevin Cameron]]></speaker>
		<speakertitle><![CDATA[Consultant]]></speakertitle>
		<speakerimage><![CDATA[]]></speakerimage>
		<speakeraccountdescription><![CDATA[Cameron EDA is consulting agency in IC/Chiplet design methodology, focusing on full-system simulation and software-defined hardware - starting with code, and turning it into chips/systems.]]></speakeraccountdescription>
		<account><![CDATA[Cameron EDA]]></account>
		<accountdescription><![CDATA[]]></accountdescription>
		<salutation><![CDATA[]]></salutation>
		<credentials><![CDATA[]]></credentials>
		<bio><![CDATA[Kevin Cameron is an independent consultant working largely on IC simulation and verification for clients such as Intel, Microsoft, Facebook, Cirrus Logic, and Lightelligence. His current interests include adding AI to circuit simulation for accelerated design. He has extensive experience with analog design, EDA tools, mixed-signal simulation, verification methodology, and parallel processing. He also has significant expertise in software design and development using C, C++, perl, and Python. He contributed to the Verilog-AMS and SystemVerilog standards and has presented at many events including Chiplet Summit. He earned a BSEE at the University of Edinburgh.]]></bio>
		<proceedingsfilename><![CDATA[20240206_PreConG_Cameron]]></proceedingsfilename>
		<proceedingsfiletype><![CDATA[]]></proceedingsfiletype>
		<speaker2><![CDATA[]]></speaker2>
		<speaker2title><![CDATA[]]></speaker2title>
		<account2><![CDATA[]]></account2>
		<salutation2><![CDATA[]]></salutation2>
		<credentials2><![CDATA[]]></credentials2>
		<bio2><![CDATA[]]></bio2>
		<speaker3><![CDATA[]]></speaker3>
		<speaker3title><![CDATA[]]></speaker3title>
		<account3><![CDATA[]]></account3>
		<salutation3><![CDATA[]]></salutation3>
		<credentials3><![CDATA[]]></credentials3>
		<bio3><![CDATA[]]></bio3>
		<time><![CDATA[1:00]]></time>
		<starttime><![CDATA[]]></starttime>
		<roomnum></roomnum>
		<order></order>
		<room><![CDATA[]]></room>
		<abstract><![CDATA[Designing large ICs and assembling them into systems have generally been handled separately, and issues such as power supplies and heat removal usually get attention only late in the design process. However, improving performance for compact 3D-IC/chiplet systems requires co-optimization of hardware, software, and packaging. With so much going on simultaneously, designers must turn to federated simulation in which they run multiple simulators in parallel (co-simulation). Such efforts often involve hardware-in-the-loop, FPGAs and other means of acceleration to reduce run times. AI can help by adding support to the simulators for optimizing circuits. Open-source tools such as Xyce and Verilator, along with techniques such as on-the-fly digital-twinning and JiT compilation, can help with model building, and generative AI techniques can help with running complex models and interpreting their results.]]></abstract>
	</presentation>
</presentationlist>
