<?xml version="1.0" encoding="utf-8"?>
<agendalist lastupdate="2024-02-11 23:29:26">
	<agenda>
		<id>a13VV000002p0qh</id>
		<name><![CDATA[Exhibits]]></name>
		<date>2024-02-07</date>
		<sessionopen></sessionopen>
		<datetime>2024-02-07T20:00:00.000Z</datetime>
		<enddatetime>2024-02-07T22:00:00.000Z</enddatetime>
		<track><![CDATA[Exhibits]]></track>
		<tracknum></tracknum>
		<trackcategory></trackcategory>
		<sessionnum></sessionnum>
		<session><![CDATA[]]></session>
		<sessionagenda><![CDATA[]]></sessionagenda>
		<sessionstarttime>12:00</sessionstarttime>
		<sessionendtime>2:00 PM</sessionendtime>
		<starttime><![CDATA[]]></starttime>
		<roomlocation>Floor 1</roomlocation>
		<publishroom>false</publishroom>
		<room><![CDATA[Hall D]]></room>
		<numberregistered>0.0</numberregistered>
		<seesionoccupancy></seesionoccupancy>
		<sessiondescription><![CDATA[]]></sessiondescription>
		<regrequired>false</regrequired>
		<sessionaudiance><![CDATA[]]></sessionaudiance>
		<roomnum></roomnum>
		<anchor></anchor>
		<sessionformat>Keynote</sessionformat>
		<sessionlinkURL><![CDATA[]]></sessionlinkURL>
		<sessionslidesURL><![CDATA[]]></sessionslidesURL>
		<sessionssponsorlogo><![CDATA[]]></sessionssponsorlogo>
		<sessionsponsor><![CDATA[]]></sessionsponsor>
	</agenda>
	<agenda>
		<id>a13VV000002p0qb</id>
		<name><![CDATA[Keynote 1: Applied Materials]]></name>
		<date>2024-02-07</date>
		<sessionopen></sessionopen>
		<datetime>2024-02-07T18:10:00.000Z</datetime>
		<enddatetime>2024-02-07T18:40:00.000Z</enddatetime>
		<track><![CDATA[CS 2024 Keynotes]]></track>
		<tracknum></tracknum>
		<trackcategory>Keynote</trackcategory>
		<sessionnum>K-1</sessionnum>
		<session><![CDATA[]]></session>
		<sessionagenda><![CDATA[]]></sessionagenda>
		<sessionstarttime>10:10</sessionstarttime>
		<sessionendtime>10:40 AM</sessionendtime>
		<starttime><![CDATA[]]></starttime>
		<roomlocation>Floor 1</roomlocation>
		<publishroom>false</publishroom>
		<room><![CDATA[GAB J (Great America Ballroom J)]]></room>
		<numberregistered>0.0</numberregistered>
		<seesionoccupancy></seesionoccupancy>
		<sessiondescription><![CDATA[]]></sessiondescription>
		<regrequired>false</regrequired>
		<sessionaudiance><![CDATA[]]></sessionaudiance>
		<roomnum></roomnum>
		<anchor>Keynote1</anchor>
		<sessionformat>Keynote</sessionformat>
		<sessionlinkURL><![CDATA[]]></sessionlinkURL>
		<sessionslidesURL><![CDATA[]]></sessionslidesURL>
		<sessionssponsorlogo><![CDATA[]]></sessionssponsorlogo>
		<sessionsponsor><![CDATA[]]></sessionsponsor>
	</agenda>
	<agenda>
		<id>a13VV000003haua</id>
		<name><![CDATA[Wednesday Breakfast (sponsored by Chiplet.US)]]></name>
		<date>2024-02-07</date>
		<sessionopen></sessionopen>
		<datetime>2024-02-07T15:30:00.000Z</datetime>
		<enddatetime>2024-02-07T16:45:00.000Z</enddatetime>
		<track><![CDATA[Registration]]></track>
		<tracknum></tracknum>
		<trackcategory></trackcategory>
		<sessionnum></sessionnum>
		<session><![CDATA[]]></session>
		<sessionagenda><![CDATA[]]></sessionagenda>
		<sessionstarttime>7:30</sessionstarttime>
		<sessionendtime>8:45 AM</sessionendtime>
		<starttime><![CDATA[]]></starttime>
		<roomlocation>Floor 1</roomlocation>
		<publishroom>false</publishroom>
		<room><![CDATA[GAB Lobby]]></room>
		<numberregistered>0.0</numberregistered>
		<seesionoccupancy></seesionoccupancy>
		<sessiondescription><![CDATA[]]></sessiondescription>
		<regrequired>false</regrequired>
		<sessionaudiance><![CDATA[]]></sessionaudiance>
		<roomnum></roomnum>
		<anchor>Wednesday</anchor>
		<sessionformat></sessionformat>
		<sessionlinkURL><![CDATA[]]></sessionlinkURL>
		<sessionslidesURL><![CDATA[]]></sessionslidesURL>
		<sessionssponsorlogo><![CDATA[]]></sessionssponsorlogo>
		<sessionsponsor><![CDATA[]]></sessionsponsor>
	</agenda>
	<agenda>
		<id>a13VV000002p0qp</id>
		<name><![CDATA[C-103: Best Way to Optimize Chiplets (Panel)]]></name>
		<date>2024-02-07</date>
		<sessionopen></sessionopen>
		<datetime>2024-02-08T00:32:00.000Z</datetime>
		<enddatetime>2024-02-08T01:30:00.000Z</enddatetime>
		<track><![CDATA[Panel]]></track>
		<tracknum></tracknum>
		<trackcategory>Session</trackcategory>
		<sessionnum>C-103</sessionnum>
		<session><![CDATA[]]></session>
		<sessionagenda><![CDATA[]]></sessionagenda>
		<sessionstarttime>4:30</sessionstarttime>
		<sessionendtime>5:30 PM</sessionendtime>
		<starttime><![CDATA[]]></starttime>
		<roomlocation>Floor 2</roomlocation>
		<publishroom>false</publishroom>
		<room><![CDATA[GAMR 3 (Great America Meeting Room 3)]]></room>
		<numberregistered>0.0</numberregistered>
		<seesionoccupancy></seesionoccupancy>
		<sessiondescription><![CDATA[Chiplet optimization may involve many approaches. Power demands can be reduced by lowering voltage levels or reducing operating frequencies. Throughput can be increased by using faster interfaces or shortening distances between devices. Other approaches include using optical interconnect instead of electrical, using faster memory technologies such as MRAM, or avoiding structures such as interposers which slow down signals.]]></sessiondescription>
		<regrequired>false</regrequired>
		<sessionaudiance><![CDATA[]]></sessionaudiance>
		<roomnum></roomnum>
		<anchor>C-103:</anchor>
		<sessionformat>Panel Session</sessionformat>
		<sessionlinkURL><![CDATA[]]></sessionlinkURL>
		<sessionslidesURL><![CDATA[]]></sessionslidesURL>
		<sessionssponsorlogo><![CDATA[]]></sessionssponsorlogo>
		<sessionsponsor><![CDATA[]]></sessionsponsor>
	</agenda>
	<agenda>
		<id>a13VV000002p0qe</id>
		<name><![CDATA[Special Presentation 2: Silicon Catalyst]]></name>
		<date>2024-02-07</date>
		<sessionopen></sessionopen>
		<datetime>2024-02-07T19:20:00.000Z</datetime>
		<enddatetime>2024-02-07T19:30:00.000Z</enddatetime>
		<track><![CDATA[CS 2024 Keynotes]]></track>
		<tracknum></tracknum>
		<trackcategory>Keynote</trackcategory>
		<sessionnum>SP-2</sessionnum>
		<session><![CDATA[]]></session>
		<sessionagenda><![CDATA[]]></sessionagenda>
		<sessionstarttime>11:20</sessionstarttime>
		<sessionendtime>11:30 AM</sessionendtime>
		<starttime><![CDATA[]]></starttime>
		<roomlocation>Floor 1</roomlocation>
		<publishroom>false</publishroom>
		<room><![CDATA[GAB J (Great America Ballroom J)]]></room>
		<numberregistered>0.0</numberregistered>
		<seesionoccupancy></seesionoccupancy>
		<sessiondescription><![CDATA[]]></sessiondescription>
		<regrequired>false</regrequired>
		<sessionaudiance><![CDATA[]]></sessionaudiance>
		<roomnum></roomnum>
		<anchor>SpecialPresentation 2</anchor>
		<sessionformat>Special Event</sessionformat>
		<sessionlinkURL><![CDATA[]]></sessionlinkURL>
		<sessionslidesURL><![CDATA[]]></sessionslidesURL>
		<sessionssponsorlogo><![CDATA[]]></sessionssponsorlogo>
		<sessionsponsor><![CDATA[]]></sessionsponsor>
	</agenda>
	<agenda>
		<id>a13VV000003hZLp</id>
		<name><![CDATA[Registration (sponsored by Achronix)]]></name>
		<date>2024-02-07</date>
		<sessionopen></sessionopen>
		<datetime>2024-02-07T15:00:00.000Z</datetime>
		<enddatetime>2024-02-08T02:00:00.000Z</enddatetime>
		<track><![CDATA[Registration]]></track>
		<tracknum></tracknum>
		<trackcategory></trackcategory>
		<sessionnum></sessionnum>
		<session><![CDATA[]]></session>
		<sessionagenda><![CDATA[]]></sessionagenda>
		<sessionstarttime>7:00</sessionstarttime>
		<sessionendtime>6:00 PM</sessionendtime>
		<starttime><![CDATA[]]></starttime>
		<roomlocation>Floor 1</roomlocation>
		<publishroom>false</publishroom>
		<room><![CDATA[GAB Lobby]]></room>
		<numberregistered>0.0</numberregistered>
		<seesionoccupancy></seesionoccupancy>
		<sessiondescription><![CDATA[]]></sessiondescription>
		<regrequired>false</regrequired>
		<sessionaudiance><![CDATA[]]></sessionaudiance>
		<roomnum></roomnum>
		<anchor>Registration</anchor>
		<sessionformat></sessionformat>
		<sessionlinkURL><![CDATA[]]></sessionlinkURL>
		<sessionslidesURL><![CDATA[]]></sessionslidesURL>
		<sessionssponsorlogo><![CDATA[]]></sessionssponsorlogo>
		<sessionsponsor><![CDATA[]]></sessionsponsor>
	</agenda>
	<agenda>
		<id>a13VV000002p0qk</id>
		<name><![CDATA[C-101: Chiplets Drive Top Leading-Edge Designs]]></name>
		<date>2024-02-07</date>
		<sessionopen></sessionopen>
		<datetime>2024-02-07T22:02:00.000Z</datetime>
		<enddatetime>2024-02-07T23:00:00.000Z</enddatetime>
		<track><![CDATA[Panel]]></track>
		<tracknum></tracknum>
		<trackcategory>Session</trackcategory>
		<sessionnum>C-101</sessionnum>
		<session><![CDATA[]]></session>
		<sessionagenda><![CDATA[]]></sessionagenda>
		<sessionstarttime>2:00</sessionstarttime>
		<sessionendtime>3:00 PM</sessionendtime>
		<starttime><![CDATA[]]></starttime>
		<roomlocation>Floor 2</roomlocation>
		<publishroom>false</publishroom>
		<room><![CDATA[GAMR 3 (Great America Meeting Room 3)]]></room>
		<numberregistered>0.0</numberregistered>
		<seesionoccupancy></seesionoccupancy>
		<sessiondescription><![CDATA[Chiplets are currently the best answer to the increasing demands of applications such as generative AI. However, many issues arise in using them in the quest for more processing power at the right price. New architectures are necessary to bring compute closer to memory, preferably within packages to reduce transit delays. New packages are needed to allow higher power ratings, more conductive area, and faster interconnections. Testing and integration must occur in parallel with design to meet schedules and reduce time-to-market. And standardized chiplets must be readily available, easy to use, and highly reliable and secure. The entire process must also be usable for a wide range of applications with different cost structures, volumes, and environmental and lifetime requirements.]]></sessiondescription>
		<regrequired>false</regrequired>
		<sessionaudiance><![CDATA[]]></sessionaudiance>
		<roomnum></roomnum>
		<anchor>C-101:</anchor>
		<sessionformat>Panel Session</sessionformat>
		<sessionlinkURL><![CDATA[]]></sessionlinkURL>
		<sessionslidesURL><![CDATA[]]></sessionslidesURL>
		<sessionssponsorlogo><![CDATA[]]></sessionssponsorlogo>
		<sessionsponsor><![CDATA[]]></sessionsponsor>
	</agenda>
	<agenda>
		<id>a13VV000002p0qm</id>
		<name><![CDATA[Wednesday PM Refreshment Break]]></name>
		<date>2024-02-07</date>
		<sessionopen></sessionopen>
		<datetime>2024-02-07T23:00:00.000Z</datetime>
		<enddatetime>2024-02-07T23:15:00.000Z</enddatetime>
		<track><![CDATA[Break]]></track>
		<tracknum></tracknum>
		<trackcategory></trackcategory>
		<sessionnum></sessionnum>
		<session><![CDATA[]]></session>
		<sessionagenda><![CDATA[]]></sessionagenda>
		<sessionstarttime>3:00</sessionstarttime>
		<sessionendtime>3:15 PM</sessionendtime>
		<starttime><![CDATA[]]></starttime>
		<roomlocation></roomlocation>
		<publishroom>false</publishroom>
		<room><![CDATA[GAMR Hallway/GAB K Lobby]]></room>
		<numberregistered>0.0</numberregistered>
		<seesionoccupancy></seesionoccupancy>
		<sessiondescription><![CDATA[]]></sessiondescription>
		<regrequired>false</regrequired>
		<sessionaudiance><![CDATA[]]></sessionaudiance>
		<roomnum></roomnum>
		<anchor>Wednesday</anchor>
		<sessionformat>General Event</sessionformat>
		<sessionlinkURL><![CDATA[]]></sessionlinkURL>
		<sessionslidesURL><![CDATA[]]></sessionslidesURL>
		<sessionssponsorlogo><![CDATA[]]></sessionssponsorlogo>
		<sessionsponsor><![CDATA[]]></sessionsponsor>
	</agenda>
	<agenda>
		<id>a13VV000002p0qf</id>
		<name><![CDATA[Keynote 3: Micron]]></name>
		<date>2024-02-07</date>
		<sessionopen></sessionopen>
		<datetime>2024-02-07T19:30:00.000Z</datetime>
		<enddatetime>2024-02-07T20:00:00.000Z</enddatetime>
		<track><![CDATA[CS 2024 Keynotes]]></track>
		<tracknum></tracknum>
		<trackcategory>Keynote</trackcategory>
		<sessionnum>K-3</sessionnum>
		<session><![CDATA[]]></session>
		<sessionagenda><![CDATA[]]></sessionagenda>
		<sessionstarttime>11:30</sessionstarttime>
		<sessionendtime>12:00 PM</sessionendtime>
		<starttime><![CDATA[]]></starttime>
		<roomlocation>Floor 1</roomlocation>
		<publishroom>false</publishroom>
		<room><![CDATA[GAB J (Great America Ballroom J)]]></room>
		<numberregistered>0.0</numberregistered>
		<seesionoccupancy></seesionoccupancy>
		<sessiondescription><![CDATA[]]></sessiondescription>
		<regrequired>false</regrequired>
		<sessionaudiance><![CDATA[]]></sessionaudiance>
		<roomnum></roomnum>
		<anchor>Keynote3</anchor>
		<sessionformat>Keynote</sessionformat>
		<sessionlinkURL><![CDATA[]]></sessionlinkURL>
		<sessionslidesURL><![CDATA[]]></sessionslidesURL>
		<sessionssponsorlogo><![CDATA[]]></sessionssponsorlogo>
		<sessionsponsor><![CDATA[]]></sessionsponsor>
	</agenda>
	<agenda>
		<id>a13VV000002p0qs</id>
		<name><![CDATA[A-103: Design - 2]]></name>
		<date>2024-02-07</date>
		<sessionopen></sessionopen>
		<datetime>2024-02-08T00:30:00.000Z</datetime>
		<enddatetime>2024-02-08T01:30:00.000Z</enddatetime>
		<track><![CDATA[Design/Security]]></track>
		<tracknum></tracknum>
		<trackcategory>Session</trackcategory>
		<sessionnum>A-103</sessionnum>
		<session><![CDATA[]]></session>
		<sessionagenda><![CDATA[]]></sessionagenda>
		<sessionstarttime>4:30</sessionstarttime>
		<sessionendtime>5:30 PM</sessionendtime>
		<starttime><![CDATA[]]></starttime>
		<roomlocation>Floor 2</roomlocation>
		<publishroom>false</publishroom>
		<room><![CDATA[GAMR 1 (Great America Meeting Room 1)]]></room>
		<numberregistered>0.0</numberregistered>
		<seesionoccupancy></seesionoccupancy>
		<sessiondescription><![CDATA[Chiplet-based design can be a long, time-consuming process. Each chiplet may require separate circuitry for such basic functions as power, clocking, and thermal protection. One possible approach to avoid all this extra work is to create a family of proven chiplets that designers can use to create complex chips. This approach provides many of the advantages of chiplets without all the work. One may compare it to building structures with prefabricated units or Legos rather than from scratch. The question is whether the resulting chips can handle applications well enough to be worth even the reduced time and trouble. Chiplets also raise many new issues. Power must be distributed everywhere to chiplets that may require a variety of voltages and may need substantial currents.]]></sessiondescription>
		<regrequired>false</regrequired>
		<sessionaudiance><![CDATA[]]></sessionaudiance>
		<roomnum></roomnum>
		<anchor>A-103:</anchor>
		<sessionformat>Paper Session</sessionformat>
		<sessionlinkURL><![CDATA[]]></sessionlinkURL>
		<sessionslidesURL><![CDATA[]]></sessionslidesURL>
		<sessionssponsorlogo><![CDATA[]]></sessionssponsorlogo>
		<sessionsponsor><![CDATA[]]></sessionsponsor>
	</agenda>
	<agenda>
		<id>a13VV000002p0qu</id>
		<name><![CDATA[C-102: Next Great Breakthrough in Chiplets (Panel)]]></name>
		<date>2024-02-07</date>
		<sessionopen></sessionopen>
		<datetime>2024-02-07T23:17:00.000Z</datetime>
		<enddatetime>2024-02-08T00:15:00.000Z</enddatetime>
		<track><![CDATA[Panel]]></track>
		<tracknum></tracknum>
		<trackcategory>Session</trackcategory>
		<sessionnum>C-102</sessionnum>
		<session><![CDATA[]]></session>
		<sessionagenda><![CDATA[]]></sessionagenda>
		<sessionstarttime>3:15</sessionstarttime>
		<sessionendtime>4:15 PM</sessionendtime>
		<starttime><![CDATA[]]></starttime>
		<roomlocation>Floor 2</roomlocation>
		<publishroom>false</publishroom>
		<room><![CDATA[GAMR 3 (Great America Meeting Room 3)]]></room>
		<numberregistered>0.0</numberregistered>
		<seesionoccupancy></seesionoccupancy>
		<sessiondescription><![CDATA[Many important changes will surely occur in the emerging chiplets arena. They may include new combined packages that allow designers to co-optimize chiplets from the partitioning stage through integration and test. Other possible advances could include standards that allow for portability of chiplets between applications, better test tools and interposers, interoperability testing, optical interfaces, and exchanges or chiplet stores that allow designers to readily find what they need from a variety of sources.]]></sessiondescription>
		<regrequired>false</regrequired>
		<sessionaudiance><![CDATA[]]></sessionaudiance>
		<roomnum></roomnum>
		<anchor>C-102:</anchor>
		<sessionformat>Panel Session</sessionformat>
		<sessionlinkURL><![CDATA[]]></sessionlinkURL>
		<sessionslidesURL><![CDATA[]]></sessionslidesURL>
		<sessionssponsorlogo><![CDATA[]]></sessionssponsorlogo>
		<sessionsponsor><![CDATA[]]></sessionsponsor>
	</agenda>
	<agenda>
		<id>a13VV000002p0qw</id>
		<name><![CDATA[Exhibits/Reception]]></name>
		<date>2024-02-07</date>
		<sessionopen></sessionopen>
		<datetime>2024-02-08T01:30:00.000Z</datetime>
		<enddatetime>2024-02-08T03:30:00.000Z</enddatetime>
		<track><![CDATA[Exhibits]]></track>
		<tracknum></tracknum>
		<trackcategory></trackcategory>
		<sessionnum></sessionnum>
		<session><![CDATA[]]></session>
		<sessionagenda><![CDATA[]]></sessionagenda>
		<sessionstarttime>5:30</sessionstarttime>
		<sessionendtime>7:30 PM</sessionendtime>
		<starttime><![CDATA[]]></starttime>
		<roomlocation>Floor 1</roomlocation>
		<publishroom>false</publishroom>
		<room><![CDATA[Exhibit Hall (Hall D)]]></room>
		<numberregistered>0.0</numberregistered>
		<seesionoccupancy></seesionoccupancy>
		<sessiondescription><![CDATA[]]></sessiondescription>
		<regrequired>false</regrequired>
		<sessionaudiance><![CDATA[]]></sessionaudiance>
		<roomnum></roomnum>
		<anchor></anchor>
		<sessionformat>Special Event</sessionformat>
		<sessionlinkURL><![CDATA[]]></sessionlinkURL>
		<sessionslidesURL><![CDATA[]]></sessionslidesURL>
		<sessionssponsorlogo><![CDATA[]]></sessionssponsorlogo>
		<sessionsponsor><![CDATA[]]></sessionsponsor>
	</agenda>
	<agenda>
		<id>a13VV000002p0ql</id>
		<name><![CDATA[D-101: Annual Update on Packaging]]></name>
		<date>2024-02-07</date>
		<sessionopen></sessionopen>
		<datetime>2024-02-07T22:03:00.000Z</datetime>
		<enddatetime>2024-02-07T23:00:00.000Z</enddatetime>
		<track><![CDATA[Annual Update]]></track>
		<tracknum></tracknum>
		<trackcategory>Session</trackcategory>
		<sessionnum>D-101</sessionnum>
		<session><![CDATA[]]></session>
		<sessionagenda><![CDATA[]]></sessionagenda>
		<sessionstarttime>2:00</sessionstarttime>
		<sessionendtime>3:00 PM</sessionendtime>
		<starttime><![CDATA[]]></starttime>
		<roomlocation>Floor 1</roomlocation>
		<publishroom>false</publishroom>
		<room><![CDATA[GAB J (Great America Ballroom J)]]></room>
		<numberregistered>0.0</numberregistered>
		<seesionoccupancy></seesionoccupancy>
		<sessiondescription><![CDATA[Chiplet packaging depends on heterogeneous integration of multiple chiplets into a single chip. The package must support a variety of devices, based on different process nodes, substrates, and technologies. It must also provide sufficient heat flow to maintain normal operating temperatures. And it must allow for the interconnections and support mechanisms such as interposers needed to create a viable system. Today’s advanced packages increase system-level interconnection density, reduce power consumption, integrate more functions, lower cost, and achieve larger sizes.]]></sessiondescription>
		<regrequired>false</regrequired>
		<sessionaudiance><![CDATA[]]></sessionaudiance>
		<roomnum></roomnum>
		<anchor>D-101:</anchor>
		<sessionformat>Update</sessionformat>
		<sessionlinkURL><![CDATA[]]></sessionlinkURL>
		<sessionslidesURL><![CDATA[]]></sessionslidesURL>
		<sessionssponsorlogo><![CDATA[]]></sessionssponsorlogo>
		<sessionsponsor><![CDATA[]]></sessionsponsor>
	</agenda>
	<agenda>
		<id>a13VV000002p0qj</id>
		<name><![CDATA[B-101: Interfaces - 1]]></name>
		<date>2024-02-07</date>
		<sessionopen></sessionopen>
		<datetime>2024-02-07T22:01:00.000Z</datetime>
		<enddatetime>2024-02-07T23:00:00.000Z</enddatetime>
		<track><![CDATA[Interfaces - Integration - Applications]]></track>
		<tracknum></tracknum>
		<trackcategory>Session</trackcategory>
		<sessionnum>B-101</sessionnum>
		<session><![CDATA[]]></session>
		<sessionagenda><![CDATA[]]></sessionagenda>
		<sessionstarttime>2:00</sessionstarttime>
		<sessionendtime>3:00 PM</sessionendtime>
		<starttime><![CDATA[]]></starttime>
		<roomlocation>Floor 2</roomlocation>
		<publishroom>false</publishroom>
		<room><![CDATA[GAMR 2 (Great America Meeting Room 2)]]></room>
		<numberregistered>0.0</numberregistered>
		<seesionoccupancy></seesionoccupancy>
		<sessiondescription><![CDATA[The die-to-die interface connecting chiplets is critical to chiplet-based design. It must be extremely fast, highly reliable, and very flexible. It must also be low-power and take little chip area. There are two major contenders: Universal Chiplet Interface Express (UCIe) from the UCIe Consortium and Bunch-of-Wires (BoW) from the Open Compute Platform Foundation. Issues include the development of interface controllers, achieving interoperability, and developing models that allow designers to try out options and see how they perform.]]></sessiondescription>
		<regrequired>false</regrequired>
		<sessionaudiance><![CDATA[]]></sessionaudiance>
		<roomnum></roomnum>
		<anchor>B-101:</anchor>
		<sessionformat>Paper Session</sessionformat>
		<sessionlinkURL><![CDATA[]]></sessionlinkURL>
		<sessionslidesURL><![CDATA[]]></sessionslidesURL>
		<sessionssponsorlogo><![CDATA[]]></sessionssponsorlogo>
		<sessionsponsor><![CDATA[]]></sessionsponsor>
	</agenda>
	<agenda>
		<id>a13VV000002p0qt</id>
		<name><![CDATA[B-103: Interfaces - 2]]></name>
		<date>2024-02-07</date>
		<sessionopen></sessionopen>
		<datetime>2024-02-08T00:31:00.000Z</datetime>
		<enddatetime>2024-02-08T01:30:00.000Z</enddatetime>
		<track><![CDATA[Interfaces - Integration - Applications]]></track>
		<tracknum></tracknum>
		<trackcategory>Session</trackcategory>
		<sessionnum>B-103</sessionnum>
		<session><![CDATA[]]></session>
		<sessionagenda><![CDATA[]]></sessionagenda>
		<sessionstarttime>4:30</sessionstarttime>
		<sessionendtime>5:30 PM</sessionendtime>
		<starttime><![CDATA[]]></starttime>
		<roomlocation>Floor 2</roomlocation>
		<publishroom>false</publishroom>
		<room><![CDATA[GAMR 2 (Great America Meeting Room 2)]]></room>
		<numberregistered>0.0</numberregistered>
		<seesionoccupancy></seesionoccupancy>
		<sessiondescription><![CDATA[Interconnect within a package is a new feature of chiplet design. UCIe and BoW are examples of die-to-die interfaces developed specifically for that purpose. Network- on-chip (NoC) approaches are also available. Still another approach is to connect processors to memory directly without using an interposer.]]></sessiondescription>
		<regrequired>false</regrequired>
		<sessionaudiance><![CDATA[]]></sessionaudiance>
		<roomnum></roomnum>
		<anchor>B-103:</anchor>
		<sessionformat>Paper Session</sessionformat>
		<sessionlinkURL><![CDATA[]]></sessionlinkURL>
		<sessionslidesURL><![CDATA[]]></sessionslidesURL>
		<sessionssponsorlogo><![CDATA[]]></sessionssponsorlogo>
		<sessionsponsor><![CDATA[]]></sessionsponsor>
	</agenda>
	<agenda>
		<id>a13VV000002p0qo</id>
		<name><![CDATA[B-102: Applications - 1]]></name>
		<date>2024-02-07</date>
		<sessionopen></sessionopen>
		<datetime>2024-02-07T23:16:00.000Z</datetime>
		<enddatetime>2024-02-08T00:15:00.000Z</enddatetime>
		<track><![CDATA[Interfaces - Integration - Applications]]></track>
		<tracknum></tracknum>
		<trackcategory>Session</trackcategory>
		<sessionnum>B-102</sessionnum>
		<session><![CDATA[]]></session>
		<sessionagenda><![CDATA[]]></sessionagenda>
		<sessionstarttime>3:15</sessionstarttime>
		<sessionendtime>4:15 PM</sessionendtime>
		<starttime><![CDATA[]]></starttime>
		<roomlocation>Floor 2</roomlocation>
		<publishroom>false</publishroom>
		<room><![CDATA[GAMR 2 (Great America Meeting Room 2)]]></room>
		<numberregistered>0.0</numberregistered>
		<seesionoccupancy></seesionoccupancy>
		<sessiondescription><![CDATA[The chiplet approach can serve a wide range of applications. One popular example is driver-assistance systems for vehicles. Furthermore, the chiplet substructure may itself be dynamically reconfigurable to allow system changes for clouds where the mix of applications is constantly changing.]]></sessiondescription>
		<regrequired>false</regrequired>
		<sessionaudiance><![CDATA[]]></sessionaudiance>
		<roomnum></roomnum>
		<anchor>B-102:</anchor>
		<sessionformat>Paper Session</sessionformat>
		<sessionlinkURL><![CDATA[]]></sessionlinkURL>
		<sessionslidesURL><![CDATA[]]></sessionslidesURL>
		<sessionssponsorlogo><![CDATA[]]></sessionssponsorlogo>
		<sessionsponsor><![CDATA[]]></sessionsponsor>
	</agenda>
	<agenda>
		<id>a13VV0000035Shw</id>
		<name><![CDATA[Introduction to the 2024 Chiplet Summit]]></name>
		<date>2024-02-07</date>
		<sessionopen></sessionopen>
		<datetime>2024-02-07T16:45:00.000Z</datetime>
		<enddatetime>2024-02-07T17:00:00.000Z</enddatetime>
		<track><![CDATA[CS 2024 Keynotes]]></track>
		<tracknum></tracknum>
		<trackcategory>Keynote</trackcategory>
		<sessionnum>INTRO</sessionnum>
		<session><![CDATA[]]></session>
		<sessionagenda><![CDATA[]]></sessionagenda>
		<sessionstarttime>8:45</sessionstarttime>
		<sessionendtime>9:00 AM</sessionendtime>
		<starttime><![CDATA[]]></starttime>
		<roomlocation>Floor 1</roomlocation>
		<publishroom>false</publishroom>
		<room><![CDATA[GAB J (Great America Ballroom J)]]></room>
		<numberregistered>0.0</numberregistered>
		<seesionoccupancy></seesionoccupancy>
		<sessiondescription><![CDATA[]]></sessiondescription>
		<regrequired>false</regrequired>
		<sessionaudiance><![CDATA[]]></sessionaudiance>
		<roomnum></roomnum>
		<anchor>Introduction</anchor>
		<sessionformat>Keynote</sessionformat>
		<sessionlinkURL><![CDATA[]]></sessionlinkURL>
		<sessionslidesURL><![CDATA[]]></sessionslidesURL>
		<sessionssponsorlogo><![CDATA[]]></sessionssponsorlogo>
		<sessionsponsor><![CDATA[]]></sessionsponsor>
	</agenda>
	<agenda>
		<id>a13VV000002p0qc</id>
		<name><![CDATA[Special Presentation 1: UCIe Consortium]]></name>
		<date>2024-02-07</date>
		<sessionopen></sessionopen>
		<datetime>2024-02-07T18:40:00.000Z</datetime>
		<enddatetime>2024-02-07T18:50:00.000Z</enddatetime>
		<track><![CDATA[CS 2024 Keynotes]]></track>
		<tracknum></tracknum>
		<trackcategory>Keynote</trackcategory>
		<sessionnum>SP-1</sessionnum>
		<session><![CDATA[]]></session>
		<sessionagenda><![CDATA[]]></sessionagenda>
		<sessionstarttime>10:40</sessionstarttime>
		<sessionendtime>10:50 AM</sessionendtime>
		<starttime><![CDATA[]]></starttime>
		<roomlocation>Floor 1</roomlocation>
		<publishroom>false</publishroom>
		<room><![CDATA[GAB J (Great America Ballroom J)]]></room>
		<numberregistered>0.0</numberregistered>
		<seesionoccupancy></seesionoccupancy>
		<sessiondescription><![CDATA[]]></sessiondescription>
		<regrequired>false</regrequired>
		<sessionaudiance><![CDATA[]]></sessionaudiance>
		<roomnum></roomnum>
		<anchor>SpecialPresentation 1</anchor>
		<sessionformat>Special Event</sessionformat>
		<sessionlinkURL><![CDATA[]]></sessionlinkURL>
		<sessionslidesURL><![CDATA[]]></sessionslidesURL>
		<sessionssponsorlogo><![CDATA[]]></sessionssponsorlogo>
		<sessionsponsor><![CDATA[]]></sessionsponsor>
	</agenda>
	<agenda>
		<id>a13VV000002p0qr</id>
		<name><![CDATA[Wednesday PM Refreshment Break]]></name>
		<date>2024-02-07</date>
		<sessionopen></sessionopen>
		<datetime>2024-02-08T00:15:00.000Z</datetime>
		<enddatetime>2024-02-08T00:30:00.000Z</enddatetime>
		<track><![CDATA[Break]]></track>
		<tracknum></tracknum>
		<trackcategory></trackcategory>
		<sessionnum></sessionnum>
		<session><![CDATA[]]></session>
		<sessionagenda><![CDATA[]]></sessionagenda>
		<sessionstarttime>4:15</sessionstarttime>
		<sessionendtime>4:30 PM</sessionendtime>
		<starttime><![CDATA[]]></starttime>
		<roomlocation></roomlocation>
		<publishroom>false</publishroom>
		<room><![CDATA[GAMR Hallway/GAB K Lobby]]></room>
		<numberregistered>0.0</numberregistered>
		<seesionoccupancy></seesionoccupancy>
		<sessiondescription><![CDATA[]]></sessiondescription>
		<regrequired>false</regrequired>
		<sessionaudiance><![CDATA[]]></sessionaudiance>
		<roomnum></roomnum>
		<anchor>Wednesday</anchor>
		<sessionformat>General Event</sessionformat>
		<sessionlinkURL><![CDATA[]]></sessionlinkURL>
		<sessionslidesURL><![CDATA[]]></sessionslidesURL>
		<sessionssponsorlogo><![CDATA[]]></sessionssponsorlogo>
		<sessionsponsor><![CDATA[]]></sessionsponsor>
	</agenda>
	<agenda>
		<id>a13VV000002ym2I</id>
		<name><![CDATA[Chiplets: Where We Are Today]]></name>
		<date>2024-02-07</date>
		<sessionopen></sessionopen>
		<datetime>2024-02-07T17:00:00.000Z</datetime>
		<enddatetime>2024-02-07T18:00:00.000Z</enddatetime>
		<track><![CDATA[Plenary]]></track>
		<tracknum></tracknum>
		<trackcategory>Session</trackcategory>
		<sessionnum>PLEN</sessionnum>
		<session><![CDATA[]]></session>
		<sessionagenda><![CDATA[]]></sessionagenda>
		<sessionstarttime>9:00</sessionstarttime>
		<sessionendtime>10:00 AM</sessionendtime>
		<starttime><![CDATA[]]></starttime>
		<roomlocation>Floor 1</roomlocation>
		<publishroom>false</publishroom>
		<room><![CDATA[GAB J (Great America Ballroom J)]]></room>
		<numberregistered>0.0</numberregistered>
		<seesionoccupancy></seesionoccupancy>
		<sessiondescription><![CDATA[Chiplets allow designers to break up the design of large chips into smaller units. The advantages are shorter design time, lower cost, easier drop-in inclusion of already available designs, increased modularity and scalability, and fewer manufacturing defects. Chiplets allow for ready inclusion of analog and other accessory circuits, proven designs from previous nodes, and designs from other technologies. Obviously, the major issue is integrating all the chiplets together. This requires high-speed buses to avoid latency and maximize throughput, interconnection patterns, and often an interposer to provide connections between chiplets. The drop-in approach should eventually lead to a large ecosystem including chiplet libraries, IP, stores, and exchanges.]]></sessiondescription>
		<regrequired>false</regrequired>
		<sessionaudiance><![CDATA[]]></sessionaudiance>
		<roomnum></roomnum>
		<anchor>Chiplets:</anchor>
		<sessionformat>Plenary</sessionformat>
		<sessionlinkURL><![CDATA[]]></sessionlinkURL>
		<sessionslidesURL><![CDATA[]]></sessionslidesURL>
		<sessionssponsorlogo><![CDATA[]]></sessionssponsorlogo>
		<sessionsponsor><![CDATA[]]></sessionsponsor>
	</agenda>
	<agenda>
		<id>a13VV000002p0qd</id>
		<name><![CDATA[Keynote 2: Synopsys]]></name>
		<date>2024-02-07</date>
		<sessionopen></sessionopen>
		<datetime>2024-02-07T18:50:00.000Z</datetime>
		<enddatetime>2024-02-07T19:20:00.000Z</enddatetime>
		<track><![CDATA[CS 2024 Keynotes]]></track>
		<tracknum></tracknum>
		<trackcategory>Keynote</trackcategory>
		<sessionnum>K-2</sessionnum>
		<session><![CDATA[]]></session>
		<sessionagenda><![CDATA[]]></sessionagenda>
		<sessionstarttime>10:50</sessionstarttime>
		<sessionendtime>11:20 AM</sessionendtime>
		<starttime><![CDATA[]]></starttime>
		<roomlocation>Floor 1</roomlocation>
		<publishroom>false</publishroom>
		<room><![CDATA[GAB J (Great America Ballroom J)]]></room>
		<numberregistered>0.0</numberregistered>
		<seesionoccupancy></seesionoccupancy>
		<sessiondescription><![CDATA[]]></sessiondescription>
		<regrequired>false</regrequired>
		<sessionaudiance><![CDATA[]]></sessionaudiance>
		<roomnum></roomnum>
		<anchor>Keynote2</anchor>
		<sessionformat>Keynote</sessionformat>
		<sessionlinkURL><![CDATA[]]></sessionlinkURL>
		<sessionslidesURL><![CDATA[]]></sessionslidesURL>
		<sessionssponsorlogo><![CDATA[]]></sessionssponsorlogo>
		<sessionsponsor><![CDATA[]]></sessionsponsor>
	</agenda>
	<agenda>
		<id>a13VV000002p0qv</id>
		<name><![CDATA[D-103: Annual Update on Chiplet Design - Key Challenges and How to Meet Them]]></name>
		<date>2024-02-07</date>
		<sessionopen></sessionopen>
		<datetime>2024-02-08T00:33:00.000Z</datetime>
		<enddatetime>2024-02-08T01:30:00.000Z</enddatetime>
		<track><![CDATA[Annual Update]]></track>
		<tracknum></tracknum>
		<trackcategory>Session</trackcategory>
		<sessionnum>D-103</sessionnum>
		<session><![CDATA[]]></session>
		<sessionagenda><![CDATA[]]></sessionagenda>
		<sessionstarttime>4:30</sessionstarttime>
		<sessionendtime>5:30 PM</sessionendtime>
		<starttime><![CDATA[]]></starttime>
		<roomlocation>Floor 1</roomlocation>
		<publishroom>false</publishroom>
		<room><![CDATA[GAB K (Great America Ballroom K)]]></room>
		<numberregistered>0.0</numberregistered>
		<seesionoccupancy></seesionoccupancy>
		<sessiondescription><![CDATA[Chiplet based designs have progressed rapidly in recent years, however, most designs are sourced by a single vendor. Numerous questions remain about enabling a chiplet ecosystem. This panel will address some of the challenges for interoperability and testing between different vendors for D2D interfaces, tiers of compliance for ensuring an interoperable ecosystem, and test and debug of D2D interfaces. Furthermore, do we need to certify only the end-points (chiplets) or also the interconnect? What are the challenges of defining a common set of rules to ensure an open ecosystem while allowing technology innovation?]]></sessiondescription>
		<regrequired>false</regrequired>
		<sessionaudiance><![CDATA[]]></sessionaudiance>
		<roomnum></roomnum>
		<anchor>D-103:</anchor>
		<sessionformat>Panel Session</sessionformat>
		<sessionlinkURL><![CDATA[]]></sessionlinkURL>
		<sessionslidesURL><![CDATA[]]></sessionslidesURL>
		<sessionssponsorlogo><![CDATA[]]></sessionssponsorlogo>
		<sessionsponsor><![CDATA[]]></sessionsponsor>
	</agenda>
	<agenda>
		<id>a13VV000002p0qa</id>
		<name><![CDATA[Wednesday AM Refreshment Break]]></name>
		<date>2024-02-07</date>
		<sessionopen></sessionopen>
		<datetime>2024-02-07T18:00:00.000Z</datetime>
		<enddatetime>2024-02-07T18:10:00.000Z</enddatetime>
		<track><![CDATA[Break]]></track>
		<tracknum></tracknum>
		<trackcategory></trackcategory>
		<sessionnum></sessionnum>
		<session><![CDATA[]]></session>
		<sessionagenda><![CDATA[]]></sessionagenda>
		<sessionstarttime>10:00</sessionstarttime>
		<sessionendtime>10:10 AM</sessionendtime>
		<starttime><![CDATA[]]></starttime>
		<roomlocation>Floor 1</roomlocation>
		<publishroom>false</publishroom>
		<room><![CDATA[GAB Lobby]]></room>
		<numberregistered>0.0</numberregistered>
		<seesionoccupancy></seesionoccupancy>
		<sessiondescription><![CDATA[]]></sessiondescription>
		<regrequired>false</regrequired>
		<sessionaudiance><![CDATA[]]></sessionaudiance>
		<roomnum></roomnum>
		<anchor>Wednesday</anchor>
		<sessionformat>General Event</sessionformat>
		<sessionlinkURL><![CDATA[]]></sessionlinkURL>
		<sessionslidesURL><![CDATA[]]></sessionslidesURL>
		<sessionssponsorlogo><![CDATA[]]></sessionssponsorlogo>
		<sessionsponsor><![CDATA[]]></sessionsponsor>
	</agenda>
	<agenda>
		<id>a13VV000002p0qi</id>
		<name><![CDATA[A-101: Security - 1]]></name>
		<date>2024-02-07</date>
		<sessionopen></sessionopen>
		<datetime>2024-02-07T22:00:00.000Z</datetime>
		<enddatetime>2024-02-07T23:00:00.000Z</enddatetime>
		<track><![CDATA[Design/Security]]></track>
		<tracknum></tracknum>
		<trackcategory>Session</trackcategory>
		<sessionnum>A-101</sessionnum>
		<session><![CDATA[]]></session>
		<sessionagenda><![CDATA[]]></sessionagenda>
		<sessionstarttime>2:00</sessionstarttime>
		<sessionendtime>3:00 PM</sessionendtime>
		<starttime><![CDATA[]]></starttime>
		<roomlocation>Floor 2</roomlocation>
		<publishroom>false</publishroom>
		<room><![CDATA[GAMR 1 (Great America Meeting Room 1)]]></room>
		<numberregistered>0.0</numberregistered>
		<seesionoccupancy></seesionoccupancy>
		<sessiondescription><![CDATA[Security is a major challenge for chiplet-based designs. Vulnerabilities can occur at the chip or chiplet level. They may also occur in the die-to-die interfaces, packaging, and other circuitry including power and clock distribution. Even more problems can occur if chiplets are from different manufacturers, processes, or substrates. Security standards will be essential if an open chiplet economy is to be achieved.]]></sessiondescription>
		<regrequired>false</regrequired>
		<sessionaudiance><![CDATA[]]></sessionaudiance>
		<roomnum></roomnum>
		<anchor>A-101:</anchor>
		<sessionformat>Paper Session</sessionformat>
		<sessionlinkURL><![CDATA[]]></sessionlinkURL>
		<sessionslidesURL><![CDATA[]]></sessionslidesURL>
		<sessionssponsorlogo><![CDATA[]]></sessionssponsorlogo>
		<sessionsponsor><![CDATA[]]></sessionsponsor>
	</agenda>
	<agenda>
		<id>a13VV000002p0qq</id>
		<name><![CDATA[D-102: Annual Update on Die-to-Die Interfaces]]></name>
		<date>2024-02-07</date>
		<sessionopen></sessionopen>
		<datetime>2024-02-07T23:18:00.000Z</datetime>
		<enddatetime>2024-02-08T00:15:00.000Z</enddatetime>
		<track><![CDATA[Annual Update]]></track>
		<tracknum></tracknum>
		<trackcategory>Session</trackcategory>
		<sessionnum>D-102</sessionnum>
		<session><![CDATA[]]></session>
		<sessionagenda><![CDATA[]]></sessionagenda>
		<sessionstarttime>3:15</sessionstarttime>
		<sessionendtime>4:15 PM</sessionendtime>
		<starttime><![CDATA[]]></starttime>
		<roomlocation>Floor 1</roomlocation>
		<publishroom>false</publishroom>
		<room><![CDATA[GAB J (Great America Ballroom J)]]></room>
		<numberregistered>0.0</numberregistered>
		<seesionoccupancy></seesionoccupancy>
		<sessiondescription><![CDATA[The common interfaces for chiplet design today are BoW (Bunch of Wires) from the Open Compute Project (OCP) and UCIe (Universal Chiplet Interface Express) from the UCIe Consortium. Both are open standards that support many architectures and have emerging ecosystems. Both have governing bodies that issue extensions and revisions and provide training, education, and other support.]]></sessiondescription>
		<regrequired>false</regrequired>
		<sessionaudiance><![CDATA[]]></sessionaudiance>
		<roomnum></roomnum>
		<anchor>D-102:</anchor>
		<sessionformat>Update</sessionformat>
		<sessionlinkURL><![CDATA[]]></sessionlinkURL>
		<sessionslidesURL><![CDATA[]]></sessionslidesURL>
		<sessionssponsorlogo><![CDATA[]]></sessionssponsorlogo>
		<sessionsponsor><![CDATA[]]></sessionsponsor>
	</agenda>
	<agenda>
		<id>a13VV000002p0qn</id>
		<name><![CDATA[A-102: Design - 1]]></name>
		<date>2024-02-07</date>
		<sessionopen></sessionopen>
		<datetime>2024-02-07T23:15:00.000Z</datetime>
		<enddatetime>2024-02-08T00:15:00.000Z</enddatetime>
		<track><![CDATA[Design/Security]]></track>
		<tracknum></tracknum>
		<trackcategory>Session</trackcategory>
		<sessionnum>A-102</sessionnum>
		<session><![CDATA[]]></session>
		<sessionagenda><![CDATA[]]></sessionagenda>
		<sessionstarttime>3:15</sessionstarttime>
		<sessionendtime>4:15 PM</sessionendtime>
		<starttime><![CDATA[]]></starttime>
		<roomlocation>Floor 2</roomlocation>
		<publishroom>false</publishroom>
		<room><![CDATA[GAMR 1 (Great America Meeting Room 1)]]></room>
		<numberregistered>0.0</numberregistered>
		<seesionoccupancy></seesionoccupancy>
		<sessiondescription><![CDATA[Chiplet-based design requires many new and upgraded tools. The usual analysis and verification platforms must be extended to handle multiple chiplets and data must be managed. All of this is complicated by the need to apply everything both to individual chiplets and to the package as a whole. Runtimes will lengthen for entire packages, and the number of runs obviously depends directly on the number of chiplets. Drop-in chiplets can help reduce the strain if methods can be developed for assuring their characteristics and performance. Power is also a problem, since it must be distributed properly among chips with varying requirements and often high demands.]]></sessiondescription>
		<regrequired>false</regrequired>
		<sessionaudiance><![CDATA[]]></sessionaudiance>
		<roomnum></roomnum>
		<anchor>A-102:</anchor>
		<sessionformat>Paper Session</sessionformat>
		<sessionlinkURL><![CDATA[]]></sessionlinkURL>
		<sessionslidesURL><![CDATA[]]></sessionslidesURL>
		<sessionssponsorlogo><![CDATA[]]></sessionssponsorlogo>
		<sessionsponsor><![CDATA[]]></sessionsponsor>
	</agenda>
</agendalist>
