<?xml version="1.0" encoding="UTF-8"?>
<agendalist lastupdate="2024-02-11 23:29:19">
	<agenda>
		<id>a13VV000002p0qy</id>
		<name><![CDATA[Thursday AM Refreshment Break]]></name>
		<date>2024-02-08</date>
		<datetime>2024-02-08T18:00:00.000Z</datetime>
		<enddatetime>2024-02-08T18:10:00.000Z</enddatetime>
		<track><![CDATA[Break]]></track>
		<tracknum></tracknum>
		<sessionnum></sessionnum>
		<session><![CDATA[]]></session>
		<sessionagenda><![CDATA[]]></sessionagenda>
		<time><![CDATA[]]></time>
		<starttime>10:00</starttime>
		<endtime>10:10 AM</endtime>
		<roomnum></roomnum>
		<roomlocation>Floor 1</roomlocation>
		<publishroom>false</publishroom>
		<room><![CDATA[GAB Lobby]]></room>
		<openclosed></openclosed>
		<numberregistered>0.0</numberregistered>
		<zoomurl></zoomurl>
		<zoomrecordingurl></zoomrecordingurl>
		<sessionimageurl></sessionimageurl>
		<sessionimagetype></sessionimagetype>
		<meetingID></meetingID>
		<meetingpassword></meetingpassword>
	</agenda>
	<agenda>
		<id>a13VV000002p0r3</id>
		<name><![CDATA[Keynote 6: Open Compute Project]]></name>
		<date>2024-02-08</date>
		<datetime>2024-02-08T19:35:00.000Z</datetime>
		<enddatetime>2024-02-08T20:05:00.000Z</enddatetime>
		<track><![CDATA[CS 2024 Keynotes]]></track>
		<tracknum></tracknum>
		<sessionnum>K-6</sessionnum>
		<session><![CDATA[]]></session>
		<sessionagenda><![CDATA[]]></sessionagenda>
		<time><![CDATA[]]></time>
		<starttime>11:35</starttime>
		<endtime>12:05 PM</endtime>
		<roomnum></roomnum>
		<roomlocation>Floor 1</roomlocation>
		<publishroom>false</publishroom>
		<room><![CDATA[GAB J (Great America Ballroom J)]]></room>
		<openclosed></openclosed>
		<numberregistered>0.0</numberregistered>
		<zoomurl></zoomurl>
		<zoomrecordingurl></zoomrecordingurl>
		<sessionimageurl></sessionimageurl>
		<sessionimagetype></sessionimagetype>
		<meetingID></meetingID>
		<meetingpassword></meetingpassword>
	</agenda>
	<agenda>
		<id>a13VV000002p0r2</id>
		<name><![CDATA[Special Presentation 4: Arm]]></name>
		<date>2024-02-08</date>
		<datetime>2024-02-08T19:20:00.000Z</datetime>
		<enddatetime>2024-02-08T19:35:00.000Z</enddatetime>
		<track><![CDATA[CS 2024 Keynotes]]></track>
		<tracknum></tracknum>
		<sessionnum>SP-4</sessionnum>
		<session><![CDATA[]]></session>
		<sessionagenda><![CDATA[]]></sessionagenda>
		<time><![CDATA[]]></time>
		<starttime>11:20</starttime>
		<endtime>11:35 AM</endtime>
		<roomnum></roomnum>
		<roomlocation>Floor 1</roomlocation>
		<publishroom>false</publishroom>
		<room><![CDATA[GAB J (Great America Ballroom J)]]></room>
		<openclosed></openclosed>
		<numberregistered>0.0</numberregistered>
		<zoomurl></zoomurl>
		<zoomrecordingurl></zoomrecordingurl>
		<sessionimageurl></sessionimageurl>
		<sessionimagetype></sessionimagetype>
		<meetingID></meetingID>
		<meetingpassword></meetingpassword>
	</agenda>
	<agenda>
		<id>a13VV000002ybJi</id>
		<name><![CDATA[C-201: Making Chiplets a Viable Market (sponsored by SmartSoC Solutions)]]></name>
		<date>2024-02-08</date>
		<datetime>2024-02-08T17:02:00.000Z</datetime>
		<enddatetime>2024-02-08T18:00:00.000Z</enddatetime>
		<track><![CDATA[Panel]]></track>
		<tracknum></tracknum>
		<sessionnum>C-201</sessionnum>
		<session><![CDATA[]]></session>
		<sessionagenda><![CDATA[]]></sessionagenda>
		<time><![CDATA[]]></time>
		<starttime>9:00</starttime>
		<endtime>10:00 AM</endtime>
		<roomnum></roomnum>
		<roomlocation>Floor 2</roomlocation>
		<publishroom>false</publishroom>
		<room><![CDATA[GAMR 3 (Great America Meeting Room 3)]]></room>
		<openclosed></openclosed>
		<numberregistered>0.0</numberregistered>
		<zoomurl></zoomurl>
		<zoomrecordingurl></zoomrecordingurl>
		<sessionimageurl></sessionimageurl>
		<sessionimagetype></sessionimagetype>
		<meetingID></meetingID>
		<meetingpassword></meetingpassword>
	</agenda>
	<agenda>
		<id>a13VV000002p0r6</id>
		<name><![CDATA[A-202: Design - 4]]></name>
		<date>2024-02-08</date>
		<datetime>2024-02-08T22:00:00.000Z</datetime>
		<enddatetime>2024-02-08T23:20:00.000Z</enddatetime>
		<track><![CDATA[Design/Security]]></track>
		<tracknum></tracknum>
		<sessionnum>A-202</sessionnum>
		<session><![CDATA[]]></session>
		<sessionagenda><![CDATA[]]></sessionagenda>
		<time><![CDATA[]]></time>
		<starttime>2:00</starttime>
		<endtime>3:20 PM</endtime>
		<roomnum></roomnum>
		<roomlocation>Floor 2</roomlocation>
		<publishroom>false</publishroom>
		<room><![CDATA[GAMR 1 (Great America Meeting Room 1)]]></room>
		<openclosed></openclosed>
		<numberregistered>0.0</numberregistered>
		<zoomurl></zoomurl>
		<zoomrecordingurl></zoomrecordingurl>
		<sessionimageurl></sessionimageurl>
		<sessionimagetype></sessionimagetype>
		<meetingID></meetingID>
		<meetingpassword></meetingpassword>
	</agenda>
	<agenda>
		<id>a13VV000002p0r9</id>
		<name><![CDATA[Thursday PM Refreshment Break]]></name>
		<date>2024-02-08</date>
		<datetime>2024-02-08T23:20:00.000Z</datetime>
		<enddatetime>2024-02-08T23:30:00.000Z</enddatetime>
		<track><![CDATA[Break]]></track>
		<tracknum></tracknum>
		<sessionnum></sessionnum>
		<session><![CDATA[]]></session>
		<sessionagenda><![CDATA[]]></sessionagenda>
		<time><![CDATA[]]></time>
		<starttime>3:20</starttime>
		<endtime>3:30 PM</endtime>
		<roomnum></roomnum>
		<roomlocation></roomlocation>
		<publishroom>false</publishroom>
		<room><![CDATA[GAMR Hallway/GAB K Lobby]]></room>
		<openclosed></openclosed>
		<numberregistered>0.0</numberregistered>
		<zoomurl></zoomurl>
		<zoomrecordingurl></zoomrecordingurl>
		<sessionimageurl></sessionimageurl>
		<sessionimagetype></sessionimagetype>
		<meetingID></meetingID>
		<meetingpassword></meetingpassword>
	</agenda>
	<agenda>
		<id>a13VV000003hh9d</id>
		<name><![CDATA[Thursday Breakfast]]></name>
		<date>2024-02-08</date>
		<datetime>2024-02-08T16:15:00.000Z</datetime>
		<enddatetime>2024-02-08T17:00:00.000Z</enddatetime>
		<track><![CDATA[Registration]]></track>
		<tracknum></tracknum>
		<sessionnum></sessionnum>
		<session><![CDATA[]]></session>
		<sessionagenda><![CDATA[]]></sessionagenda>
		<time><![CDATA[]]></time>
		<starttime>8:15</starttime>
		<endtime>9:00 AM</endtime>
		<roomnum></roomnum>
		<roomlocation>Floor 1</roomlocation>
		<publishroom>false</publishroom>
		<room><![CDATA[GAB Lobby]]></room>
		<openclosed></openclosed>
		<numberregistered>0.0</numberregistered>
		<zoomurl></zoomurl>
		<zoomrecordingurl></zoomrecordingurl>
		<sessionimageurl></sessionimageurl>
		<sessionimagetype></sessionimagetype>
		<meetingID></meetingID>
		<meetingpassword></meetingpassword>
	</agenda>
	<agenda>
		<id>a13VV000002p0r0</id>
		<name><![CDATA[Special Presentation 3: SNIA]]></name>
		<date>2024-02-08</date>
		<datetime>2024-02-08T18:40:00.000Z</datetime>
		<enddatetime>2024-02-08T18:50:00.000Z</enddatetime>
		<track><![CDATA[CS 2024 Keynotes]]></track>
		<tracknum></tracknum>
		<sessionnum>SP-3</sessionnum>
		<session><![CDATA[]]></session>
		<sessionagenda><![CDATA[]]></sessionagenda>
		<time><![CDATA[]]></time>
		<starttime>10:40</starttime>
		<endtime>10:50 AM</endtime>
		<roomnum></roomnum>
		<roomlocation>Floor 1</roomlocation>
		<publishroom>false</publishroom>
		<room><![CDATA[GAB J (Great America Ballroom J)]]></room>
		<openclosed></openclosed>
		<numberregistered>0.0</numberregistered>
		<zoomurl></zoomurl>
		<zoomrecordingurl></zoomrecordingurl>
		<sessionimageurl></sessionimageurl>
		<sessionimagetype></sessionimagetype>
		<meetingID></meetingID>
		<meetingpassword></meetingpassword>
	</agenda>
	<agenda>
		<id>a13VV000002p0r7</id>
		<name><![CDATA[B-202: Best Packaging for Chiplets Today (Panel)]]></name>
		<date>2024-02-08</date>
		<datetime>2024-02-08T22:01:00.000Z</datetime>
		<enddatetime>2024-02-08T23:20:00.000Z</enddatetime>
		<track><![CDATA[Panel]]></track>
		<tracknum></tracknum>
		<sessionnum>B-202</sessionnum>
		<session><![CDATA[]]></session>
		<sessionagenda><![CDATA[]]></sessionagenda>
		<time><![CDATA[]]></time>
		<starttime>2:00</starttime>
		<endtime>3:20 PM</endtime>
		<roomnum></roomnum>
		<roomlocation>Floor 2</roomlocation>
		<publishroom>false</publishroom>
		<room><![CDATA[GAMR 2 (Great America Meeting Room 2)]]></room>
		<openclosed></openclosed>
		<numberregistered>0.0</numberregistered>
		<zoomurl></zoomurl>
		<zoomrecordingurl></zoomrecordingurl>
		<sessionimageurl></sessionimageurl>
		<sessionimagetype></sessionimagetype>
		<meetingID></meetingID>
		<meetingpassword></meetingpassword>
	</agenda>
	<agenda>
		<id>a13VV000002p0r1</id>
		<name><![CDATA[Keynote 5: Hyperion Technologies]]></name>
		<date>2024-02-08</date>
		<datetime>2024-02-08T18:50:00.000Z</datetime>
		<enddatetime>2024-02-08T19:20:00.000Z</enddatetime>
		<track><![CDATA[CS 2024 Keynotes]]></track>
		<tracknum></tracknum>
		<sessionnum>K-5</sessionnum>
		<session><![CDATA[]]></session>
		<sessionagenda><![CDATA[]]></sessionagenda>
		<time><![CDATA[]]></time>
		<starttime>10:50</starttime>
		<endtime>11:20 AM</endtime>
		<roomnum></roomnum>
		<roomlocation>Floor 1</roomlocation>
		<publishroom>false</publishroom>
		<room><![CDATA[GAB J (Great America Ballroom J)]]></room>
		<openclosed></openclosed>
		<numberregistered>0.0</numberregistered>
		<zoomurl></zoomurl>
		<zoomrecordingurl></zoomrecordingurl>
		<sessionimageurl></sessionimageurl>
		<sessionimagetype></sessionimagetype>
		<meetingID></meetingID>
		<meetingpassword></meetingpassword>
	</agenda>
	<agenda>
		<id>a13VV000002p0r5</id>
		<name><![CDATA[Exhibits]]></name>
		<date>2024-02-08</date>
		<datetime>2024-02-08T20:00:00.000Z</datetime>
		<enddatetime>2024-02-08T22:00:00.000Z</enddatetime>
		<track><![CDATA[Exhibits]]></track>
		<tracknum></tracknum>
		<sessionnum></sessionnum>
		<session><![CDATA[]]></session>
		<sessionagenda><![CDATA[]]></sessionagenda>
		<time><![CDATA[]]></time>
		<starttime>12:00</starttime>
		<endtime>2:00 PM</endtime>
		<roomnum></roomnum>
		<roomlocation>Floor 1</roomlocation>
		<publishroom>false</publishroom>
		<room><![CDATA[Hall D]]></room>
		<openclosed></openclosed>
		<numberregistered>0.0</numberregistered>
		<zoomurl></zoomurl>
		<zoomrecordingurl></zoomrecordingurl>
		<sessionimageurl></sessionimageurl>
		<sessionimagetype></sessionimagetype>
		<meetingID></meetingID>
		<meetingpassword></meetingpassword>
	</agenda>
	<agenda>
		<id>a13VV000002yU3m</id>
		<name><![CDATA[B-201: Integration - 1]]></name>
		<date>2024-02-08</date>
		<datetime>2024-02-08T17:01:00.000Z</datetime>
		<enddatetime>2024-02-08T18:00:00.000Z</enddatetime>
		<track><![CDATA[Interfaces - Integration - Applications]]></track>
		<tracknum></tracknum>
		<sessionnum>B-201</sessionnum>
		<session><![CDATA[]]></session>
		<sessionagenda><![CDATA[]]></sessionagenda>
		<time><![CDATA[]]></time>
		<starttime>9:00</starttime>
		<endtime>10:00 AM</endtime>
		<roomnum></roomnum>
		<roomlocation>Floor 2</roomlocation>
		<publishroom>false</publishroom>
		<room><![CDATA[GAMR 2 (Great America Meeting Room 2)]]></room>
		<openclosed></openclosed>
		<numberregistered>0.0</numberregistered>
		<zoomurl></zoomurl>
		<zoomrecordingurl></zoomrecordingurl>
		<sessionimageurl></sessionimageurl>
		<sessionimagetype></sessionimagetype>
		<meetingID></meetingID>
		<meetingpassword></meetingpassword>
	</agenda>
	<agenda>
		<id>a13VV000002yZg7</id>
		<name><![CDATA[A-201: Design - 3]]></name>
		<date>2024-02-08</date>
		<datetime>2024-02-08T17:00:00.000Z</datetime>
		<enddatetime>2024-02-08T18:00:00.000Z</enddatetime>
		<track><![CDATA[Design/Security]]></track>
		<tracknum></tracknum>
		<sessionnum>A-201</sessionnum>
		<session><![CDATA[]]></session>
		<sessionagenda><![CDATA[]]></sessionagenda>
		<time><![CDATA[]]></time>
		<starttime>9:00</starttime>
		<endtime>10:00 AM</endtime>
		<roomnum></roomnum>
		<roomlocation>Floor 2</roomlocation>
		<publishroom>false</publishroom>
		<room><![CDATA[GAMR 1 (Great America Meeting Room 1)]]></room>
		<openclosed></openclosed>
		<numberregistered>0.0</numberregistered>
		<zoomurl></zoomurl>
		<zoomrecordingurl></zoomrecordingurl>
		<sessionimageurl></sessionimageurl>
		<sessionimagetype></sessionimagetype>
		<meetingID></meetingID>
		<meetingpassword></meetingpassword>
	</agenda>
	<agenda>
		<id>a13VV000002p0rB</id>
		<name><![CDATA[B-203: Chiplets in 2029 and How We Got There (Panel)]]></name>
		<date>2024-02-08</date>
		<datetime>2024-02-08T23:30:00.000Z</datetime>
		<enddatetime>2024-02-09T00:50:00.000Z</enddatetime>
		<track><![CDATA[Panel]]></track>
		<tracknum></tracknum>
		<sessionnum>B-203</sessionnum>
		<session><![CDATA[]]></session>
		<sessionagenda><![CDATA[]]></sessionagenda>
		<time><![CDATA[]]></time>
		<starttime>3:30</starttime>
		<endtime>4:50 PM</endtime>
		<roomnum></roomnum>
		<roomlocation>Floor 2</roomlocation>
		<publishroom>false</publishroom>
		<room><![CDATA[GAMR 3 (Great America Meeting Room 3)]]></room>
		<openclosed></openclosed>
		<numberregistered>0.0</numberregistered>
		<zoomurl></zoomurl>
		<zoomrecordingurl></zoomrecordingurl>
		<sessionimageurl></sessionimageurl>
		<sessionimagetype></sessionimagetype>
		<meetingID></meetingID>
		<meetingpassword></meetingpassword>
	</agenda>
	<agenda>
		<id>a13VV000002p0r8</id>
		<name><![CDATA[C-202: Chiplets for Entrepreneurs - Making Money in the Chiplet Game]]></name>
		<date>2024-02-08</date>
		<datetime>2024-02-08T22:02:00.000Z</datetime>
		<enddatetime>2024-02-08T23:20:00.000Z</enddatetime>
		<track><![CDATA[Panel]]></track>
		<tracknum></tracknum>
		<sessionnum>C-202</sessionnum>
		<session><![CDATA[]]></session>
		<sessionagenda><![CDATA[]]></sessionagenda>
		<time><![CDATA[]]></time>
		<starttime>2:00</starttime>
		<endtime>3:20 PM</endtime>
		<roomnum></roomnum>
		<roomlocation>Floor 2</roomlocation>
		<publishroom>false</publishroom>
		<room><![CDATA[GAMR 3 (Great America Meeting Room 3)]]></room>
		<openclosed></openclosed>
		<numberregistered>0.0</numberregistered>
		<zoomurl></zoomurl>
		<zoomrecordingurl></zoomrecordingurl>
		<sessionimageurl></sessionimageurl>
		<sessionimagetype></sessionimagetype>
		<meetingID></meetingID>
		<meetingpassword></meetingpassword>
	</agenda>
	<agenda>
		<id>a13VV000002p0qz</id>
		<name><![CDATA[Keynote 4: Alphawave Semi]]></name>
		<date>2024-02-08</date>
		<datetime>2024-02-08T18:10:00.000Z</datetime>
		<enddatetime>2024-02-08T18:40:00.000Z</enddatetime>
		<track><![CDATA[CS 2024 Keynotes]]></track>
		<tracknum></tracknum>
		<sessionnum>K-4</sessionnum>
		<session><![CDATA[]]></session>
		<sessionagenda><![CDATA[]]></sessionagenda>
		<time><![CDATA[]]></time>
		<starttime>10:10</starttime>
		<endtime>10:40 AM</endtime>
		<roomnum></roomnum>
		<roomlocation>Floor 1</roomlocation>
		<publishroom>false</publishroom>
		<room><![CDATA[GAB J (Great America Ballroom J)]]></room>
		<openclosed></openclosed>
		<numberregistered>0.0</numberregistered>
		<zoomurl></zoomurl>
		<zoomrecordingurl></zoomrecordingurl>
		<sessionimageurl></sessionimageurl>
		<sessionimagetype></sessionimagetype>
		<meetingID></meetingID>
		<meetingpassword></meetingpassword>
	</agenda>
	<agenda>
		<id>a13VV000003hgLe</id>
		<name><![CDATA[Registration (sponsored by Achronix)]]></name>
		<date>2024-02-08</date>
		<datetime>2024-02-08T16:00:00.000Z</datetime>
		<enddatetime>2024-02-08T23:00:00.000Z</enddatetime>
		<track><![CDATA[Registration]]></track>
		<tracknum></tracknum>
		<sessionnum></sessionnum>
		<session><![CDATA[]]></session>
		<sessionagenda><![CDATA[]]></sessionagenda>
		<time><![CDATA[]]></time>
		<starttime>8:00</starttime>
		<endtime>3:00 PM</endtime>
		<roomnum></roomnum>
		<roomlocation>Floor 1</roomlocation>
		<publishroom>false</publishroom>
		<room><![CDATA[GAB Lobby]]></room>
		<openclosed></openclosed>
		<numberregistered>0.0</numberregistered>
		<zoomurl></zoomurl>
		<zoomrecordingurl></zoomrecordingurl>
		<sessionimageurl></sessionimageurl>
		<sessionimagetype></sessionimagetype>
		<meetingID></meetingID>
		<meetingpassword></meetingpassword>
	</agenda>
</agendalist>
