<?xml version="1.0" encoding="utf-8"?>
<agendalist lastupdate="2024-02-11 23:29:28">
	<agenda>
		<id>a13VV000002p0qh</id>
		<name><![CDATA[Exhibits]]></name>
		<date>2024-02-07</date>
		<sessionopen></sessionopen>
		<datetime>2024-02-07T20:00:00.000Z</datetime>
		<enddatetime>2024-02-07T22:00:00.000Z</enddatetime>
		<track><![CDATA[Exhibits]]></track>
		<tracknum></tracknum>
		<trackcategory></trackcategory>
		<sessionnum></sessionnum>
		<session><![CDATA[]]></session>
		<sessionagenda><![CDATA[]]></sessionagenda>
		<sessionstarttime>12:00</sessionstarttime>
		<sessionendtime>2:00 PM</sessionendtime>
		<starttime><![CDATA[]]></starttime>
		<roomlocation>Floor 1</roomlocation>
		<publishroom>false</publishroom>
		<room><![CDATA[Hall D]]></room>
		<numberregistered>0.0</numberregistered>
		<seesionoccupancy></seesionoccupancy>
		<sessiondescription><![CDATA[]]></sessiondescription>
		<regrequired>false</regrequired>
		<sessionaudiance><![CDATA[]]></sessionaudiance>
		<roomnum></roomnum>
		<anchor></anchor>
		<sessionformat>Keynote</sessionformat>
		<sessionlinkURL><![CDATA[]]></sessionlinkURL>
		<sessionsponsor><![CDATA[]]></sessionsponsor>
	</agenda>
	<agenda>
		<id>a13VV000002p0qb</id>
		<name><![CDATA[Keynote 1: Applied Materials]]></name>
		<date>2024-02-07</date>
		<sessionopen></sessionopen>
		<datetime>2024-02-07T18:10:00.000Z</datetime>
		<enddatetime>2024-02-07T18:40:00.000Z</enddatetime>
		<track><![CDATA[CS 2024 Keynotes]]></track>
		<tracknum></tracknum>
		<trackcategory>Keynote</trackcategory>
		<sessionnum>K-1</sessionnum>
		<session><![CDATA[]]></session>
		<sessionagenda><![CDATA[]]></sessionagenda>
		<sessionstarttime>10:10</sessionstarttime>
		<sessionendtime>10:40 AM</sessionendtime>
		<starttime><![CDATA[]]></starttime>
		<roomlocation>Floor 1</roomlocation>
		<publishroom>false</publishroom>
		<room><![CDATA[GAB J (Great America Ballroom J)]]></room>
		<numberregistered>0.0</numberregistered>
		<seesionoccupancy></seesionoccupancy>
		<sessiondescription><![CDATA[]]></sessiondescription>
		<regrequired>false</regrequired>
		<sessionaudiance><![CDATA[]]></sessionaudiance>
		<roomnum></roomnum>
		<anchor>Keynote1</anchor>
		<sessionformat>Keynote</sessionformat>
		<sessionlinkURL><![CDATA[]]></sessionlinkURL>
		<sessionsponsor><![CDATA[]]></sessionsponsor>
	</agenda>
	<agenda>
		<id>a13VV000002p20H</id>
		<name><![CDATA[Pre-Conference Tutorial C: Advanced Packaging Methods]]></name>
		<date>2024-02-06</date>
		<sessionopen></sessionopen>
		<datetime>2024-02-06T16:31:00.000Z</datetime>
		<enddatetime>2024-02-06T20:00:00.000Z</enddatetime>
		<track><![CDATA[Pre-Conference Tutorials]]></track>
		<tracknum></tracknum>
		<trackcategory>Session</trackcategory>
		<sessionnum>PreConC</sessionnum>
		<session><![CDATA[]]></session>
		<sessionagenda><![CDATA[]]></sessionagenda>
		<sessionstarttime>8:30 AM</sessionstarttime>
		<sessionendtime>12:00 PM</sessionendtime>
		<starttime><![CDATA[]]></starttime>
		<roomlocation>Floor 2</roomlocation>
		<publishroom>false</publishroom>
		<room><![CDATA[GAMR 2 (Great America Meeting Room 2)]]></room>
		<numberregistered>0.0</numberregistered>
		<seesionoccupancy></seesionoccupancy>
		<sessiondescription><![CDATA[The days of simply selecting a chip package from a few common alternatives are over. Designers using chiplets must integrate package design with chip design and integration. They must have tools that consider packaging throughout the design process, so they can optimize cost, throughput, and heat and power factors over all stages. The goal is a one-stop shop providing heterogeneous integration that will drive faster time-to-market. Packaging can be a major way to add value to the ultimate product and meet the needs of system-level users.]]></sessiondescription>
		<regrequired>false</regrequired>
		<sessionaudiance><![CDATA[]]></sessionaudiance>
		<roomnum></roomnum>
		<anchor>Pre-ConferenceTutorial C</anchor>
		<sessionformat>Paper Session</sessionformat>
		<sessionlinkURL><![CDATA[]]></sessionlinkURL>
		<sessionsponsor><![CDATA[]]></sessionsponsor>
	</agenda>
	<agenda>
		<id>a13VV000002p0r6</id>
		<name><![CDATA[A-202: Design - 4]]></name>
		<date>2024-02-08</date>
		<sessionopen></sessionopen>
		<datetime>2024-02-08T22:00:00.000Z</datetime>
		<enddatetime>2024-02-08T23:20:00.000Z</enddatetime>
		<track><![CDATA[Design/Security]]></track>
		<tracknum></tracknum>
		<trackcategory>Session</trackcategory>
		<sessionnum>A-202</sessionnum>
		<session><![CDATA[]]></session>
		<sessionagenda><![CDATA[]]></sessionagenda>
		<sessionstarttime>2:00</sessionstarttime>
		<sessionendtime>3:20 PM</sessionendtime>
		<starttime><![CDATA[]]></starttime>
		<roomlocation>Floor 2</roomlocation>
		<publishroom>false</publishroom>
		<room><![CDATA[GAMR 1 (Great America Meeting Room 1)]]></room>
		<numberregistered>0.0</numberregistered>
		<seesionoccupancy></seesionoccupancy>
		<sessiondescription><![CDATA[Chiplets create many new issues for designers. Functional simulation and verification must now allow for multiple chiplets as well as interconnections and chiplet-chiplet interaction. Test becomes much more complex, with chiplets having to be tested individually, interconnections requiring tests, and the entire device requiring testing as a whole. New tools and procedures are necessary, and the time allotted for steps must be increased. Schedules will also surely lag unless steps such as packaging, test, and integration are not started early in the process.]]></sessiondescription>
		<regrequired>false</regrequired>
		<sessionaudiance><![CDATA[]]></sessionaudiance>
		<roomnum></roomnum>
		<anchor>A-202:</anchor>
		<sessionformat>Paper Session</sessionformat>
		<sessionlinkURL><![CDATA[]]></sessionlinkURL>
		<sessionsponsor><![CDATA[]]></sessionsponsor>
	</agenda>
	<agenda>
		<id>a13VV000002p0qp</id>
		<name><![CDATA[C-103: Best Way to Optimize Chiplets (Panel)]]></name>
		<date>2024-02-07</date>
		<sessionopen></sessionopen>
		<datetime>2024-02-08T00:32:00.000Z</datetime>
		<enddatetime>2024-02-08T01:30:00.000Z</enddatetime>
		<track><![CDATA[Panel]]></track>
		<tracknum></tracknum>
		<trackcategory>Session</trackcategory>
		<sessionnum>C-103</sessionnum>
		<session><![CDATA[]]></session>
		<sessionagenda><![CDATA[]]></sessionagenda>
		<sessionstarttime>4:30</sessionstarttime>
		<sessionendtime>5:30 PM</sessionendtime>
		<starttime><![CDATA[]]></starttime>
		<roomlocation>Floor 2</roomlocation>
		<publishroom>false</publishroom>
		<room><![CDATA[GAMR 3 (Great America Meeting Room 3)]]></room>
		<numberregistered>0.0</numberregistered>
		<seesionoccupancy></seesionoccupancy>
		<sessiondescription><![CDATA[Chiplet optimization may involve many approaches. Power demands can be reduced by lowering voltage levels or reducing operating frequencies. Throughput can be increased by using faster interfaces or shortening distances between devices. Other approaches include using optical interconnect instead of electrical, using faster memory technologies such as MRAM, or avoiding structures such as interposers which slow down signals.]]></sessiondescription>
		<regrequired>false</regrequired>
		<sessionaudiance><![CDATA[]]></sessionaudiance>
		<roomnum></roomnum>
		<anchor>C-103:</anchor>
		<sessionformat>Panel Session</sessionformat>
		<sessionlinkURL><![CDATA[]]></sessionlinkURL>
		<sessionsponsor><![CDATA[]]></sessionsponsor>
	</agenda>
	<agenda>
		<id>a13VV000002p0qQ</id>
		<name><![CDATA[Tuesday AM Refreshment Break]]></name>
		<date>2024-02-06</date>
		<sessionopen></sessionopen>
		<datetime>2024-02-06T18:00:00.000Z</datetime>
		<enddatetime>2024-02-06T18:15:00.000Z</enddatetime>
		<track><![CDATA[Break]]></track>
		<tracknum></tracknum>
		<trackcategory></trackcategory>
		<sessionnum></sessionnum>
		<session><![CDATA[]]></session>
		<sessionagenda><![CDATA[]]></sessionagenda>
		<sessionstarttime>10:00</sessionstarttime>
		<sessionendtime>10:15 AM</sessionendtime>
		<starttime><![CDATA[]]></starttime>
		<roomlocation>Floor 2</roomlocation>
		<publishroom>false</publishroom>
		<room><![CDATA[GAMR Lobby]]></room>
		<numberregistered>0.0</numberregistered>
		<seesionoccupancy></seesionoccupancy>
		<sessiondescription><![CDATA[]]></sessiondescription>
		<regrequired>false</regrequired>
		<sessionaudiance><![CDATA[]]></sessionaudiance>
		<roomnum></roomnum>
		<anchor>Tuesday</anchor>
		<sessionformat>Pre-Con Seminar</sessionformat>
		<sessionlinkURL><![CDATA[]]></sessionlinkURL>
		<sessionsponsor><![CDATA[]]></sessionsponsor>
	</agenda>
	<agenda>
		<id>a13VV000002p0qV</id>
		<name><![CDATA[Pre-Conference Tutorial H: The New Open Chiplet Economy]]></name>
		<date>2024-02-06</date>
		<sessionopen></sessionopen>
		<datetime>2024-02-06T21:03:00.000Z</datetime>
		<enddatetime>2024-02-07T01:00:00.000Z</enddatetime>
		<track><![CDATA[Pre-Conference Tutorials]]></track>
		<tracknum></tracknum>
		<trackcategory>Session</trackcategory>
		<sessionnum>PreConH</sessionnum>
		<session><![CDATA[]]></session>
		<sessionagenda><![CDATA[]]></sessionagenda>
		<sessionstarttime>1:00</sessionstarttime>
		<sessionendtime>5:00 PM</sessionendtime>
		<starttime><![CDATA[]]></starttime>
		<roomlocation>Floor 1</roomlocation>
		<publishroom>false</publishroom>
		<room><![CDATA[GAB J (Great America Ballroom J)]]></room>
		<numberregistered>0.0</numberregistered>
		<seesionoccupancy></seesionoccupancy>
		<sessiondescription><![CDATA[Chiplets have rapidly become the accepted way to develop chips at leading-edge nodes. In theory, they allow designers to drop known-good dies into their designs wherever needed. However, in practice, designers must have a way to quickly find what they want in a form they can use. A new chiplet economy is thus necessary. The Open Compute Project (OCP) has taken the lead in creating that economy. It started by supporting the Open Domain Specific Project (ODSA) in 2019, and it launched the "open chiplet economy" vision in 2023. The vision is quickly becoming reality. Its initial focus was on simplifying the definition of chiplet-based products by providing: 1. Business and technical workflows needed to assemble a chiplet-based product 2. Standards for creating IP for die-to-die interfaces 3. Reference tools for specifying, building, interfacing, inserting, and testing chiplets Remarkable progress has occurred since the launch. OCP and JEDEC have used an XML-based schema (developed by OCP) to create the JEP 30 standard. It allows EDA tools from multiple vendors to handle chiplets. Recently, 11 organizations showed real products and prototypes based on the standard. This puts the industry well on the way to defining interoperable chiplets that designers can easily use in applications. Current work emphasizes making chiplet-based products easier to develop and market. The community is creating standard form factors, developing supply chains, and creating an easily accessed marketplace. The idea is to help smaller or peripheral companies create chiplets for AI, IoT, HPC, financial, industrial and process control, and mil/aero markets that have low volumes. We also plan to join with marketing, sales, and business development specialists to identify what is needed to make chiplets financially viable.]]></sessiondescription>
		<regrequired>false</regrequired>
		<sessionaudiance><![CDATA[]]></sessionaudiance>
		<roomnum></roomnum>
		<anchor>Pre-ConferenceTutorial H</anchor>
		<sessionformat>Paper Session</sessionformat>
		<sessionlinkURL><![CDATA[]]></sessionlinkURL>
		<sessionsponsor><![CDATA[]]></sessionsponsor>
	</agenda>
	<agenda>
		<id>a13VV000002p0r0</id>
		<name><![CDATA[Special Presentation 3: SNIA]]></name>
		<date>2024-02-08</date>
		<sessionopen></sessionopen>
		<datetime>2024-02-08T18:40:00.000Z</datetime>
		<enddatetime>2024-02-08T18:50:00.000Z</enddatetime>
		<track><![CDATA[CS 2024 Keynotes]]></track>
		<tracknum></tracknum>
		<trackcategory>Keynote</trackcategory>
		<sessionnum>SP-3</sessionnum>
		<session><![CDATA[]]></session>
		<sessionagenda><![CDATA[]]></sessionagenda>
		<sessionstarttime>10:40</sessionstarttime>
		<sessionendtime>10:50 AM</sessionendtime>
		<starttime><![CDATA[]]></starttime>
		<roomlocation>Floor 1</roomlocation>
		<publishroom>false</publishroom>
		<room><![CDATA[GAB J (Great America Ballroom J)]]></room>
		<numberregistered>0.0</numberregistered>
		<seesionoccupancy></seesionoccupancy>
		<sessiondescription><![CDATA[]]></sessiondescription>
		<regrequired>false</regrequired>
		<sessionaudiance><![CDATA[]]></sessionaudiance>
		<roomnum></roomnum>
		<anchor>SpecialPresentation 3</anchor>
		<sessionformat>Special Event</sessionformat>
		<sessionlinkURL><![CDATA[]]></sessionlinkURL>
		<sessionsponsor><![CDATA[]]></sessionsponsor>
	</agenda>
	<agenda>
		<id>a13VV000002p0qe</id>
		<name><![CDATA[Special Presentation 2: Silicon Catalyst]]></name>
		<date>2024-02-07</date>
		<sessionopen></sessionopen>
		<datetime>2024-02-07T19:20:00.000Z</datetime>
		<enddatetime>2024-02-07T19:30:00.000Z</enddatetime>
		<track><![CDATA[CS 2024 Keynotes]]></track>
		<tracknum></tracknum>
		<trackcategory>Keynote</trackcategory>
		<sessionnum>SP-2</sessionnum>
		<session><![CDATA[]]></session>
		<sessionagenda><![CDATA[]]></sessionagenda>
		<sessionstarttime>11:20</sessionstarttime>
		<sessionendtime>11:30 AM</sessionendtime>
		<starttime><![CDATA[]]></starttime>
		<roomlocation>Floor 1</roomlocation>
		<publishroom>false</publishroom>
		<room><![CDATA[GAB J (Great America Ballroom J)]]></room>
		<numberregistered>0.0</numberregistered>
		<seesionoccupancy></seesionoccupancy>
		<sessiondescription><![CDATA[]]></sessiondescription>
		<regrequired>false</regrequired>
		<sessionaudiance><![CDATA[]]></sessionaudiance>
		<roomnum></roomnum>
		<anchor>SpecialPresentation 2</anchor>
		<sessionformat>Special Event</sessionformat>
		<sessionlinkURL><![CDATA[]]></sessionlinkURL>
		<sessionsponsor><![CDATA[]]></sessionsponsor>
	</agenda>
	<agenda>
		<id>a13VV000002p0qt</id>
		<name><![CDATA[B-103: Interfaces - 2]]></name>
		<date>2024-02-07</date>
		<sessionopen></sessionopen>
		<datetime>2024-02-08T00:31:00.000Z</datetime>
		<enddatetime>2024-02-08T01:30:00.000Z</enddatetime>
		<track><![CDATA[Interfaces - Integration - Applications]]></track>
		<tracknum></tracknum>
		<trackcategory>Session</trackcategory>
		<sessionnum>B-103</sessionnum>
		<session><![CDATA[]]></session>
		<sessionagenda><![CDATA[]]></sessionagenda>
		<sessionstarttime>4:30</sessionstarttime>
		<sessionendtime>5:30 PM</sessionendtime>
		<starttime><![CDATA[]]></starttime>
		<roomlocation>Floor 2</roomlocation>
		<publishroom>false</publishroom>
		<room><![CDATA[GAMR 2 (Great America Meeting Room 2)]]></room>
		<numberregistered>0.0</numberregistered>
		<seesionoccupancy></seesionoccupancy>
		<sessiondescription><![CDATA[Interconnect within a package is a new feature of chiplet design. UCIe and BoW are examples of die-to-die interfaces developed specifically for that purpose. Network- on-chip (NoC) approaches are also available. Still another approach is to connect processors to memory directly without using an interposer.]]></sessiondescription>
		<regrequired>false</regrequired>
		<sessionaudiance><![CDATA[]]></sessionaudiance>
		<roomnum></roomnum>
		<anchor>B-103:</anchor>
		<sessionformat>Paper Session</sessionformat>
		<sessionlinkURL><![CDATA[]]></sessionlinkURL>
		<sessionsponsor><![CDATA[]]></sessionsponsor>
	</agenda>
	<agenda>
		<id>a13VV000002p0r1</id>
		<name><![CDATA[Keynote 5: Hyperion Technologies]]></name>
		<date>2024-02-08</date>
		<sessionopen></sessionopen>
		<datetime>2024-02-08T18:50:00.000Z</datetime>
		<enddatetime>2024-02-08T19:20:00.000Z</enddatetime>
		<track><![CDATA[CS 2024 Keynotes]]></track>
		<tracknum></tracknum>
		<trackcategory>Keynote</trackcategory>
		<sessionnum>K-5</sessionnum>
		<session><![CDATA[]]></session>
		<sessionagenda><![CDATA[]]></sessionagenda>
		<sessionstarttime>10:50</sessionstarttime>
		<sessionendtime>11:20 AM</sessionendtime>
		<starttime><![CDATA[]]></starttime>
		<roomlocation>Floor 1</roomlocation>
		<publishroom>false</publishroom>
		<room><![CDATA[GAB J (Great America Ballroom J)]]></room>
		<numberregistered>0.0</numberregistered>
		<seesionoccupancy></seesionoccupancy>
		<sessiondescription><![CDATA[]]></sessiondescription>
		<regrequired>false</regrequired>
		<sessionaudiance><![CDATA[]]></sessionaudiance>
		<roomnum></roomnum>
		<anchor>Keynote5</anchor>
		<sessionformat>Keynote</sessionformat>
		<sessionlinkURL><![CDATA[]]></sessionlinkURL>
		<sessionsponsor><![CDATA[]]></sessionsponsor>
	</agenda>
	<agenda>
		<id>a13VV000002p0qk</id>
		<name><![CDATA[C-101: Chiplets Drive Top Leading-Edge Designs]]></name>
		<date>2024-02-07</date>
		<sessionopen></sessionopen>
		<datetime>2024-02-07T22:02:00.000Z</datetime>
		<enddatetime>2024-02-07T23:00:00.000Z</enddatetime>
		<track><![CDATA[Panel]]></track>
		<tracknum></tracknum>
		<trackcategory>Session</trackcategory>
		<sessionnum>C-101</sessionnum>
		<session><![CDATA[]]></session>
		<sessionagenda><![CDATA[]]></sessionagenda>
		<sessionstarttime>2:00</sessionstarttime>
		<sessionendtime>3:00 PM</sessionendtime>
		<starttime><![CDATA[]]></starttime>
		<roomlocation>Floor 2</roomlocation>
		<publishroom>false</publishroom>
		<room><![CDATA[GAMR 3 (Great America Meeting Room 3)]]></room>
		<numberregistered>0.0</numberregistered>
		<seesionoccupancy></seesionoccupancy>
		<sessiondescription><![CDATA[Chiplets are currently the best answer to the increasing demands of applications such as generative AI. However, many issues arise in using them in the quest for more processing power at the right price. New architectures are necessary to bring compute closer to memory, preferably within packages to reduce transit delays. New packages are needed to allow higher power ratings, more conductive area, and faster interconnections. Testing and integration must occur in parallel with design to meet schedules and reduce time-to-market. And standardized chiplets must be readily available, easy to use, and highly reliable and secure. The entire process must also be usable for a wide range of applications with different cost structures, volumes, and environmental and lifetime requirements.]]></sessiondescription>
		<regrequired>false</regrequired>
		<sessionaudiance><![CDATA[]]></sessionaudiance>
		<roomnum></roomnum>
		<anchor>C-101:</anchor>
		<sessionformat>Panel Session</sessionformat>
		<sessionlinkURL><![CDATA[]]></sessionlinkURL>
		<sessionsponsor><![CDATA[]]></sessionsponsor>
	</agenda>
	<agenda>
		<id>a13VV000002p0r8</id>
		<name><![CDATA[C-202: Chiplets for Entrepreneurs - Making Money in the Chiplet Game]]></name>
		<date>2024-02-08</date>
		<sessionopen></sessionopen>
		<datetime>2024-02-08T22:02:00.000Z</datetime>
		<enddatetime>2024-02-08T23:20:00.000Z</enddatetime>
		<track><![CDATA[Panel]]></track>
		<tracknum></tracknum>
		<trackcategory>Session</trackcategory>
		<sessionnum>C-202</sessionnum>
		<session><![CDATA[]]></session>
		<sessionagenda><![CDATA[]]></sessionagenda>
		<sessionstarttime>2:00</sessionstarttime>
		<sessionendtime>3:20 PM</sessionendtime>
		<starttime><![CDATA[]]></starttime>
		<roomlocation>Floor 2</roomlocation>
		<publishroom>false</publishroom>
		<room><![CDATA[GAMR 3 (Great America Meeting Room 3)]]></room>
		<numberregistered>0.0</numberregistered>
		<seesionoccupancy></seesionoccupancy>
		<sessiondescription><![CDATA[Surely the obvious way to make money from chiplets is to build them. Most likely candidates are ones that have good-sized markets but require special expertise. Possibilities include financial algorithms, video encoding, mathematical functions, compression methods, noise reduction methods, or security. Still others might include functions of value in specific occupations such as accounting, insurance, or engineering. Still other ways to make money include offering chiplet development or test services, creating platforms for building chiplets, producing unusual devices such as special interposers, and providing accelerators for game players or financial analysts.]]></sessiondescription>
		<regrequired>false</regrequired>
		<sessionaudiance><![CDATA[]]></sessionaudiance>
		<roomnum></roomnum>
		<anchor>C-202:</anchor>
		<sessionformat>Panel Session</sessionformat>
		<sessionlinkURL><![CDATA[]]></sessionlinkURL>
		<sessionsponsor><![CDATA[]]></sessionsponsor>
	</agenda>
	<agenda>
		<id>a13VV000002p0qm</id>
		<name><![CDATA[Wednesday PM Refreshment Break]]></name>
		<date>2024-02-07</date>
		<sessionopen></sessionopen>
		<datetime>2024-02-07T23:00:00.000Z</datetime>
		<enddatetime>2024-02-07T23:15:00.000Z</enddatetime>
		<track><![CDATA[Break]]></track>
		<tracknum></tracknum>
		<trackcategory></trackcategory>
		<sessionnum></sessionnum>
		<session><![CDATA[]]></session>
		<sessionagenda><![CDATA[]]></sessionagenda>
		<sessionstarttime>3:00</sessionstarttime>
		<sessionendtime>3:15 PM</sessionendtime>
		<starttime><![CDATA[]]></starttime>
		<roomlocation></roomlocation>
		<publishroom>false</publishroom>
		<room><![CDATA[GAMR Hallway/GAB K Lobby]]></room>
		<numberregistered>0.0</numberregistered>
		<seesionoccupancy></seesionoccupancy>
		<sessiondescription><![CDATA[]]></sessiondescription>
		<regrequired>false</regrequired>
		<sessionaudiance><![CDATA[]]></sessionaudiance>
		<roomnum></roomnum>
		<anchor>Wednesday</anchor>
		<sessionformat>General Event</sessionformat>
		<sessionlinkURL><![CDATA[]]></sessionlinkURL>
		<sessionsponsor><![CDATA[]]></sessionsponsor>
	</agenda>
	<agenda>
		<id>a13VV000002p0qf</id>
		<name><![CDATA[Keynote 3: Micron]]></name>
		<date>2024-02-07</date>
		<sessionopen></sessionopen>
		<datetime>2024-02-07T19:30:00.000Z</datetime>
		<enddatetime>2024-02-07T20:00:00.000Z</enddatetime>
		<track><![CDATA[CS 2024 Keynotes]]></track>
		<tracknum></tracknum>
		<trackcategory>Keynote</trackcategory>
		<sessionnum>K-3</sessionnum>
		<session><![CDATA[]]></session>
		<sessionagenda><![CDATA[]]></sessionagenda>
		<sessionstarttime>11:30</sessionstarttime>
		<sessionendtime>12:00 PM</sessionendtime>
		<starttime><![CDATA[]]></starttime>
		<roomlocation>Floor 1</roomlocation>
		<publishroom>false</publishroom>
		<room><![CDATA[GAB J (Great America Ballroom J)]]></room>
		<numberregistered>0.0</numberregistered>
		<seesionoccupancy></seesionoccupancy>
		<sessiondescription><![CDATA[]]></sessiondescription>
		<regrequired>false</regrequired>
		<sessionaudiance><![CDATA[]]></sessionaudiance>
		<roomnum></roomnum>
		<anchor>Keynote3</anchor>
		<sessionformat>Keynote</sessionformat>
		<sessionlinkURL><![CDATA[]]></sessionlinkURL>
		<sessionsponsor><![CDATA[]]></sessionsponsor>
	</agenda>
	<agenda>
		<id>a13VV0000042giP</id>
		<name><![CDATA[Tutorial H Panel: Making the Open Chiplet Economy Grow]]></name>
		<date>2024-02-06</date>
		<sessionopen></sessionopen>
		<datetime>2024-02-06T21:03:00.000Z</datetime>
		<enddatetime>2024-02-07T01:00:00.000Z</enddatetime>
		<track><![CDATA[Pre-Conference Tutorials]]></track>
		<tracknum></tracknum>
		<trackcategory>Session</trackcategory>
		<sessionnum>PreConH</sessionnum>
		<session><![CDATA[]]></session>
		<sessionagenda><![CDATA[]]></sessionagenda>
		<sessionstarttime>1:00</sessionstarttime>
		<sessionendtime>5:00 PM</sessionendtime>
		<starttime><![CDATA[]]></starttime>
		<roomlocation>Floor 1</roomlocation>
		<publishroom>false</publishroom>
		<room><![CDATA[GAB J (Great America Ballroom J)]]></room>
		<numberregistered>0.0</numberregistered>
		<seesionoccupancy></seesionoccupancy>
		<sessiondescription><![CDATA[Chiplets have rapidly become the accepted way to develop chips at leading-edge nodes. In theory, they allow designers to drop known-good dies into their designs wherever needed. However, in practice, designers must have a way to quickly find what they want in a form they can use. A new chiplet economy is thus necessary. The Open Compute Project (OCP) has taken the lead in creating that economy. It started by supporting the Open Domain Specific Project (ODSA) in 2019, and it launched the "open chiplet economy" vision in 2023. The vision is quickly becoming reality. Its initial focus was on simplifying the definition of chiplet-based products by providing: 1. Business and technical workflows needed to assemble a chiplet-based product 2. Standards for creating IP for die-to-die interfaces 3. Reference tools for specifying, building, interfacing, inserting, and testing chiplets Remarkable progress has occurred since the launch. OCP and JEDEC have used an XML-based schema (developed by OCP) to create the JEP 30 standard. It allows EDA tools from multiple vendors to handle chiplets. Recently, 11 organizations showed real products and prototypes based on the standard. This puts the industry well on the way to defining interoperable chiplets that designers can easily use in applications. Current work emphasizes making chiplet-based products easier to develop and market. The community is creating standard form factors, developing supply chains, and creating an easily accessed marketplace. The idea is to help smaller or peripheral companies create chiplets for AI, IoT, HPC, financial, industrial and process control, and mil/aero markets that have low volumes. We also plan to join with marketing, sales, and business development specialists to identify what is needed to make chiplets financially viable.]]></sessiondescription>
		<regrequired>false</regrequired>
		<sessionaudiance><![CDATA[]]></sessionaudiance>
		<roomnum></roomnum>
		<anchor>TutorialH Panel</anchor>
		<sessionformat>Panel Session</sessionformat>
		<sessionlinkURL><![CDATA[]]></sessionlinkURL>
		<sessionsponsor><![CDATA[]]></sessionsponsor>
	</agenda>
	<agenda>
		<id>a13VV0000035Shw</id>
		<name><![CDATA[Introduction to the 2024 Chiplet Summit]]></name>
		<date>2024-02-07</date>
		<sessionopen></sessionopen>
		<datetime>2024-02-07T16:45:00.000Z</datetime>
		<enddatetime>2024-02-07T17:00:00.000Z</enddatetime>
		<track><![CDATA[CS 2024 Keynotes]]></track>
		<tracknum></tracknum>
		<trackcategory>Keynote</trackcategory>
		<sessionnum>INTRO</sessionnum>
		<session><![CDATA[]]></session>
		<sessionagenda><![CDATA[]]></sessionagenda>
		<sessionstarttime>8:45</sessionstarttime>
		<sessionendtime>9:00 AM</sessionendtime>
		<starttime><![CDATA[]]></starttime>
		<roomlocation>Floor 1</roomlocation>
		<publishroom>false</publishroom>
		<room><![CDATA[GAB J (Great America Ballroom J)]]></room>
		<numberregistered>0.0</numberregistered>
		<seesionoccupancy></seesionoccupancy>
		<sessiondescription><![CDATA[]]></sessiondescription>
		<regrequired>false</regrequired>
		<sessionaudiance><![CDATA[]]></sessionaudiance>
		<roomnum></roomnum>
		<anchor>Introduction</anchor>
		<sessionformat>Keynote</sessionformat>
		<sessionlinkURL><![CDATA[]]></sessionlinkURL>
		<sessionsponsor><![CDATA[]]></sessionsponsor>
	</agenda>
	<agenda>
		<id>a13VV000002p0qs</id>
		<name><![CDATA[A-103: Design - 2]]></name>
		<date>2024-02-07</date>
		<sessionopen></sessionopen>
		<datetime>2024-02-08T00:30:00.000Z</datetime>
		<enddatetime>2024-02-08T01:30:00.000Z</enddatetime>
		<track><![CDATA[Design/Security]]></track>
		<tracknum></tracknum>
		<trackcategory>Session</trackcategory>
		<sessionnum>A-103</sessionnum>
		<session><![CDATA[]]></session>
		<sessionagenda><![CDATA[]]></sessionagenda>
		<sessionstarttime>4:30</sessionstarttime>
		<sessionendtime>5:30 PM</sessionendtime>
		<starttime><![CDATA[]]></starttime>
		<roomlocation>Floor 2</roomlocation>
		<publishroom>false</publishroom>
		<room><![CDATA[GAMR 1 (Great America Meeting Room 1)]]></room>
		<numberregistered>0.0</numberregistered>
		<seesionoccupancy></seesionoccupancy>
		<sessiondescription><![CDATA[Chiplet-based design can be a long, time-consuming process. Each chiplet may require separate circuitry for such basic functions as power, clocking, and thermal protection. One possible approach to avoid all this extra work is to create a family of proven chiplets that designers can use to create complex chips. This approach provides many of the advantages of chiplets without all the work. One may compare it to building structures with prefabricated units or Legos rather than from scratch. The question is whether the resulting chips can handle applications well enough to be worth even the reduced time and trouble. Chiplets also raise many new issues. Power must be distributed everywhere to chiplets that may require a variety of voltages and may need substantial currents.]]></sessiondescription>
		<regrequired>false</regrequired>
		<sessionaudiance><![CDATA[]]></sessionaudiance>
		<roomnum></roomnum>
		<anchor>A-103:</anchor>
		<sessionformat>Paper Session</sessionformat>
		<sessionlinkURL><![CDATA[]]></sessionlinkURL>
		<sessionsponsor><![CDATA[]]></sessionsponsor>
	</agenda>
	<agenda>
		<id>a13VV000002p0qu</id>
		<name><![CDATA[C-102: Next Great Breakthrough in Chiplets (Panel)]]></name>
		<date>2024-02-07</date>
		<sessionopen></sessionopen>
		<datetime>2024-02-07T23:17:00.000Z</datetime>
		<enddatetime>2024-02-08T00:15:00.000Z</enddatetime>
		<track><![CDATA[Panel]]></track>
		<tracknum></tracknum>
		<trackcategory>Session</trackcategory>
		<sessionnum>C-102</sessionnum>
		<session><![CDATA[]]></session>
		<sessionagenda><![CDATA[]]></sessionagenda>
		<sessionstarttime>3:15</sessionstarttime>
		<sessionendtime>4:15 PM</sessionendtime>
		<starttime><![CDATA[]]></starttime>
		<roomlocation>Floor 2</roomlocation>
		<publishroom>false</publishroom>
		<room><![CDATA[GAMR 3 (Great America Meeting Room 3)]]></room>
		<numberregistered>0.0</numberregistered>
		<seesionoccupancy></seesionoccupancy>
		<sessiondescription><![CDATA[Many important changes will surely occur in the emerging chiplets arena. They may include new combined packages that allow designers to co-optimize chiplets from the partitioning stage through integration and test. Other possible advances could include standards that allow for portability of chiplets between applications, better test tools and interposers, interoperability testing, optical interfaces, and exchanges or chiplet stores that allow designers to readily find what they need from a variety of sources.]]></sessiondescription>
		<regrequired>false</regrequired>
		<sessionaudiance><![CDATA[]]></sessionaudiance>
		<roomnum></roomnum>
		<anchor>C-102:</anchor>
		<sessionformat>Panel Session</sessionformat>
		<sessionlinkURL><![CDATA[]]></sessionlinkURL>
		<sessionsponsor><![CDATA[]]></sessionsponsor>
	</agenda>
	<agenda>
		<id>a13VV000002p0qw</id>
		<name><![CDATA[Exhibits/Reception]]></name>
		<date>2024-02-07</date>
		<sessionopen></sessionopen>
		<datetime>2024-02-08T01:30:00.000Z</datetime>
		<enddatetime>2024-02-08T03:30:00.000Z</enddatetime>
		<track><![CDATA[Exhibits]]></track>
		<tracknum></tracknum>
		<trackcategory></trackcategory>
		<sessionnum></sessionnum>
		<session><![CDATA[]]></session>
		<sessionagenda><![CDATA[]]></sessionagenda>
		<sessionstarttime>5:30</sessionstarttime>
		<sessionendtime>7:30 PM</sessionendtime>
		<starttime><![CDATA[]]></starttime>
		<roomlocation>Floor 1</roomlocation>
		<publishroom>false</publishroom>
		<room><![CDATA[Exhibit Hall (Hall D)]]></room>
		<numberregistered>0.0</numberregistered>
		<seesionoccupancy></seesionoccupancy>
		<sessiondescription><![CDATA[]]></sessiondescription>
		<regrequired>false</regrequired>
		<sessionaudiance><![CDATA[]]></sessionaudiance>
		<roomnum></roomnum>
		<anchor></anchor>
		<sessionformat>Special Event</sessionformat>
		<sessionlinkURL><![CDATA[]]></sessionlinkURL>
		<sessionsponsor><![CDATA[]]></sessionsponsor>
	</agenda>
	<agenda>
		<id>a13VV000002p0qX</id>
		<name><![CDATA[Superpanel: How Can Chiplets Accelerate Generative AI Applications?]]></name>
		<date>2024-02-06</date>
		<sessionopen></sessionopen>
		<datetime>2024-02-07T01:00:00.000Z</datetime>
		<enddatetime>2024-02-07T02:00:00.000Z</enddatetime>
		<track><![CDATA[Panel]]></track>
		<tracknum></tracknum>
		<trackcategory>Session</trackcategory>
		<sessionnum></sessionnum>
		<session><![CDATA[]]></session>
		<sessionagenda><![CDATA[]]></sessionagenda>
		<sessionstarttime>5:00</sessionstarttime>
		<sessionendtime>6:00 PM</sessionendtime>
		<starttime><![CDATA[]]></starttime>
		<roomlocation>Floor 1</roomlocation>
		<publishroom>false</publishroom>
		<room><![CDATA[GAB J (Great America Ballroom J)]]></room>
		<numberregistered>0.0</numberregistered>
		<seesionoccupancy></seesionoccupancy>
		<sessiondescription><![CDATA[Generative AI is the biggest topic in computer technology today. Everyone is talking about ChatGPT, its originator OpenAI, and its top executive Sam Altman. So what role can chiplets play as applications roll out in areas ranging from accounting through zoology? Surely chiplets can provide faster, more powerful AI chips, as well as devices that can bring generative AI to the edge. Also the chiplet form can be the way to add generative AI accelerators to processor designs. Still other applications include high-speed memory and I/O devices sitting close to processors inside packages to allow more in-memory computation and fewer data moves.]]></sessiondescription>
		<regrequired>false</regrequired>
		<sessionaudiance><![CDATA[]]></sessionaudiance>
		<roomnum></roomnum>
		<anchor>Superpanel:</anchor>
		<sessionformat>Panel Session</sessionformat>
		<sessionlinkURL><![CDATA[]]></sessionlinkURL>
		<sessionsponsor><![CDATA[Achronix]]></sessionsponsor>
	</agenda>
	<agenda>
		<id>a13VV000002p20E</id>
		<name><![CDATA[Registration (sponsored by Achronix)]]></name>
		<date>2024-02-06</date>
		<sessionopen></sessionopen>
		<datetime>2024-02-06T15:30:00.000Z</datetime>
		<enddatetime>2024-02-07T02:00:00.000Z</enddatetime>
		<track><![CDATA[Registration]]></track>
		<tracknum></tracknum>
		<trackcategory></trackcategory>
		<sessionnum></sessionnum>
		<session><![CDATA[]]></session>
		<sessionagenda><![CDATA[]]></sessionagenda>
		<sessionstarttime>7:30</sessionstarttime>
		<sessionendtime>6:00 PM</sessionendtime>
		<starttime><![CDATA[]]></starttime>
		<roomlocation>Floor 1</roomlocation>
		<publishroom>false</publishroom>
		<room><![CDATA[GAB Lobby]]></room>
		<numberregistered>0.0</numberregistered>
		<seesionoccupancy></seesionoccupancy>
		<sessiondescription><![CDATA[]]></sessiondescription>
		<regrequired>false</regrequired>
		<sessionaudiance><![CDATA[]]></sessionaudiance>
		<roomnum></roomnum>
		<anchor>Registration</anchor>
		<sessionformat></sessionformat>
		<sessionlinkURL><![CDATA[]]></sessionlinkURL>
		<sessionsponsor><![CDATA[]]></sessionsponsor>
	</agenda>
	<agenda>
		<id>a13VV000002p0ql</id>
		<name><![CDATA[D-101: Annual Update on Packaging]]></name>
		<date>2024-02-07</date>
		<sessionopen></sessionopen>
		<datetime>2024-02-07T22:03:00.000Z</datetime>
		<enddatetime>2024-02-07T23:00:00.000Z</enddatetime>
		<track><![CDATA[Annual Update]]></track>
		<tracknum></tracknum>
		<trackcategory>Session</trackcategory>
		<sessionnum>D-101</sessionnum>
		<session><![CDATA[]]></session>
		<sessionagenda><![CDATA[]]></sessionagenda>
		<sessionstarttime>2:00</sessionstarttime>
		<sessionendtime>3:00 PM</sessionendtime>
		<starttime><![CDATA[]]></starttime>
		<roomlocation>Floor 1</roomlocation>
		<publishroom>false</publishroom>
		<room><![CDATA[GAB J (Great America Ballroom J)]]></room>
		<numberregistered>0.0</numberregistered>
		<seesionoccupancy></seesionoccupancy>
		<sessiondescription><![CDATA[Chiplet packaging depends on heterogeneous integration of multiple chiplets into a single chip. The package must support a variety of devices, based on different process nodes, substrates, and technologies. It must also provide sufficient heat flow to maintain normal operating temperatures. And it must allow for the interconnections and support mechanisms such as interposers needed to create a viable system. Today’s advanced packages increase system-level interconnection density, reduce power consumption, integrate more functions, lower cost, and achieve larger sizes.]]></sessiondescription>
		<regrequired>false</regrequired>
		<sessionaudiance><![CDATA[]]></sessionaudiance>
		<roomnum></roomnum>
		<anchor>D-101:</anchor>
		<sessionformat>Update</sessionformat>
		<sessionlinkURL><![CDATA[]]></sessionlinkURL>
		<sessionsponsor><![CDATA[]]></sessionsponsor>
	</agenda>
	<agenda>
		<id>a13VV000002ybJi</id>
		<name><![CDATA[C-201: Making Chiplets a Viable Market (sponsored by SmartSoC Solutions)]]></name>
		<date>2024-02-08</date>
		<sessionopen></sessionopen>
		<datetime>2024-02-08T17:02:00.000Z</datetime>
		<enddatetime>2024-02-08T18:00:00.000Z</enddatetime>
		<track><![CDATA[Panel]]></track>
		<tracknum></tracknum>
		<trackcategory>Session</trackcategory>
		<sessionnum>C-201</sessionnum>
		<session><![CDATA[]]></session>
		<sessionagenda><![CDATA[]]></sessionagenda>
		<sessionstarttime>9:00</sessionstarttime>
		<sessionendtime>10:00 AM</sessionendtime>
		<starttime><![CDATA[]]></starttime>
		<roomlocation>Floor 2</roomlocation>
		<publishroom>false</publishroom>
		<room><![CDATA[GAMR 3 (Great America Meeting Room 3)]]></room>
		<numberregistered>0.0</numberregistered>
		<seesionoccupancy></seesionoccupancy>
		<sessiondescription><![CDATA[Many articles have raised the idea of designers being able to shop for the chiplets they want in a marketplace and then simply drop them into their designs. Obviously, such a concept depends on a viable market in which chiplet designers can make a return on their investment. Clearly it would require standards for chiplets so designers would know what they’re getting and how it would integrate into their devices. Each chiplet must carry information about its connections and characteristics in a specific form. The chiplet would also have to pass both security and interoperability tests. Clearly such a marketplace will take time to develop and will require an organization to oversee it.]]></sessiondescription>
		<regrequired>false</regrequired>
		<sessionaudiance><![CDATA[]]></sessionaudiance>
		<roomnum></roomnum>
		<anchor>C-201:</anchor>
		<sessionformat>Panel Session</sessionformat>
		<sessionlinkURL><![CDATA[]]></sessionlinkURL>
		<sessionsponsor><![CDATA[]]></sessionsponsor>
	</agenda>
	<agenda>
		<id>a13VV000002p0qj</id>
		<name><![CDATA[B-101: Interfaces - 1]]></name>
		<date>2024-02-07</date>
		<sessionopen></sessionopen>
		<datetime>2024-02-07T22:01:00.000Z</datetime>
		<enddatetime>2024-02-07T23:00:00.000Z</enddatetime>
		<track><![CDATA[Interfaces - Integration - Applications]]></track>
		<tracknum></tracknum>
		<trackcategory>Session</trackcategory>
		<sessionnum>B-101</sessionnum>
		<session><![CDATA[]]></session>
		<sessionagenda><![CDATA[]]></sessionagenda>
		<sessionstarttime>2:00</sessionstarttime>
		<sessionendtime>3:00 PM</sessionendtime>
		<starttime><![CDATA[]]></starttime>
		<roomlocation>Floor 2</roomlocation>
		<publishroom>false</publishroom>
		<room><![CDATA[GAMR 2 (Great America Meeting Room 2)]]></room>
		<numberregistered>0.0</numberregistered>
		<seesionoccupancy></seesionoccupancy>
		<sessiondescription><![CDATA[The die-to-die interface connecting chiplets is critical to chiplet-based design. It must be extremely fast, highly reliable, and very flexible. It must also be low-power and take little chip area. There are two major contenders: Universal Chiplet Interface Express (UCIe) from the UCIe Consortium and Bunch-of-Wires (BoW) from the Open Compute Platform Foundation. Issues include the development of interface controllers, achieving interoperability, and developing models that allow designers to try out options and see how they perform.]]></sessiondescription>
		<regrequired>false</regrequired>
		<sessionaudiance><![CDATA[]]></sessionaudiance>
		<roomnum></roomnum>
		<anchor>B-101:</anchor>
		<sessionformat>Paper Session</sessionformat>
		<sessionlinkURL><![CDATA[]]></sessionlinkURL>
		<sessionsponsor><![CDATA[]]></sessionsponsor>
	</agenda>
	<agenda>
		<id>a13VV000002p0qS</id>
		<name><![CDATA[Pre-Conference Tutorial E: Design Methods]]></name>
		<date>2024-02-06</date>
		<sessionopen></sessionopen>
		<datetime>2024-02-06T21:00:00.000Z</datetime>
		<enddatetime>2024-02-07T01:00:00.000Z</enddatetime>
		<track><![CDATA[Pre-Conference Tutorials]]></track>
		<tracknum></tracknum>
		<trackcategory>Session</trackcategory>
		<sessionnum>PreConE</sessionnum>
		<session><![CDATA[]]></session>
		<sessionagenda><![CDATA[]]></sessionagenda>
		<sessionstarttime>1:00</sessionstarttime>
		<sessionendtime>5:00 PM</sessionendtime>
		<starttime><![CDATA[]]></starttime>
		<roomlocation>Floor 2</roomlocation>
		<publishroom>false</publishroom>
		<room><![CDATA[GAMR 1 (Great America Meeting Room 1)]]></room>
		<numberregistered>0.0</numberregistered>
		<seesionoccupancy></seesionoccupancy>
		<sessiondescription><![CDATA[Designing a chiplet is much like any other IC design, since the designer must balance among the usual power, performance, and area (PPA). However, new issues arise since the chiplet must fit into the overall chip design, so the designer must consider die-to-die interfaces and system-level problems. The interfaces must offer high bandwidth without using much chip area or power. Furthermore, the designer must make the chiplet be a useful citizen. It should serve a general purpose so it can fit into a range of designs and interface neatly with all of them. As chiplets become commonplace, many people will design them for sale or inclusion in libraries.]]></sessiondescription>
		<regrequired>false</regrequired>
		<sessionaudiance><![CDATA[]]></sessionaudiance>
		<roomnum></roomnum>
		<anchor>Pre-ConferenceTutorial E</anchor>
		<sessionformat>Paper Session</sessionformat>
		<sessionlinkURL><![CDATA[]]></sessionlinkURL>
		<sessionsponsor><![CDATA[]]></sessionsponsor>
	</agenda>
	<agenda>
		<id>a13VV000002p0qY</id>
		<name><![CDATA[Chat with the Experts (sponsored by Bolt Graphics)]]></name>
		<date>2024-02-06</date>
		<sessionopen></sessionopen>
		<datetime>2024-02-07T02:00:00.000Z</datetime>
		<enddatetime>2024-02-07T04:30:00.000Z</enddatetime>
		<track><![CDATA[Pre-Conference Tutorials]]></track>
		<tracknum></tracknum>
		<trackcategory>Session</trackcategory>
		<sessionnum>CH1</sessionnum>
		<session><![CDATA[]]></session>
		<sessionagenda><![CDATA[]]></sessionagenda>
		<sessionstarttime>6:00</sessionstarttime>
		<sessionendtime>8:30 PM</sessionendtime>
		<starttime><![CDATA[]]></starttime>
		<roomlocation>Floor 1</roomlocation>
		<publishroom>false</publishroom>
		<room><![CDATA[Mission City Ballroom]]></room>
		<numberregistered>0.0</numberregistered>
		<seesionoccupancy></seesionoccupancy>
		<sessiondescription><![CDATA[The session allows attendees to meet top experts in many crucial areas and ask questions in an informal setting. Each table has a different subject, and attendees are welcome to move from table to table. Beer, wine, soft drinks, and pizza are served to promote the informal atmosphere and encourage networking. Emphasis is on frequently asked questions, best practices, hints and warnings, major issues, and key products and standards.]]></sessiondescription>
		<regrequired>false</regrequired>
		<sessionaudiance><![CDATA[]]></sessionaudiance>
		<roomnum></roomnum>
		<anchor>Chat</anchor>
		<sessionformat>Chat with the Experts</sessionformat>
		<sessionlinkURL><![CDATA[]]></sessionlinkURL>
		<sessionsponsor><![CDATA[]]></sessionsponsor>
	</agenda>
	<agenda>
		<id>a13VV000002p0qU</id>
		<name><![CDATA[Pre-Conference Tutorial G: AI in Chiplet Design]]></name>
		<date>2024-02-06</date>
		<sessionopen></sessionopen>
		<datetime>2024-02-06T21:02:00.000Z</datetime>
		<enddatetime>2024-02-07T01:00:00.000Z</enddatetime>
		<track><![CDATA[Pre-Conference Tutorials]]></track>
		<tracknum></tracknum>
		<trackcategory>Session</trackcategory>
		<sessionnum>PreConG</sessionnum>
		<session><![CDATA[]]></session>
		<sessionagenda><![CDATA[]]></sessionagenda>
		<sessionstarttime>1:00</sessionstarttime>
		<sessionendtime>5:00 PM</sessionendtime>
		<starttime><![CDATA[]]></starttime>
		<roomlocation>Floor 2</roomlocation>
		<publishroom>false</publishroom>
		<room><![CDATA[GAMR 3 (Great America Meeting Room 3)]]></room>
		<numberregistered>0.0</numberregistered>
		<seesionoccupancy></seesionoccupancy>
		<sessiondescription><![CDATA[Chiplet-based design adds multiple chiplets and interfaces to systems already having millions of parameters, regions, and connections. AI/ML can help handle the increased complexity much as it has in many other areas. Typical uses include parameter value and consistency checks, rapid identification of problem areas, trend analysis, optimization procedures, and rule and standards checking. ML can simplify procedures, offer suggestions, explain error warnings, and make complex programs easier to use. Design tools can also offer interfaces to custom ML applications and to popular systems such as ChatGPT®. ML can even provide intelligent help with difficult tasks such as simulation and cooptimization.]]></sessiondescription>
		<regrequired>false</regrequired>
		<sessionaudiance><![CDATA[]]></sessionaudiance>
		<roomnum></roomnum>
		<anchor>Pre-ConferenceTutorial G</anchor>
		<sessionformat>Paper Session</sessionformat>
		<sessionlinkURL><![CDATA[]]></sessionlinkURL>
		<sessionsponsor><![CDATA[]]></sessionsponsor>
	</agenda>
	<agenda>
		<id>a13VV000002p0qT</id>
		<name><![CDATA[Pre-Conference Tutorial F: Working with Foundries]]></name>
		<date>2024-02-06</date>
		<sessionopen></sessionopen>
		<datetime>2024-02-06T21:01:00.000Z</datetime>
		<enddatetime>2024-02-07T01:00:00.000Z</enddatetime>
		<track><![CDATA[Pre-Conference Tutorials]]></track>
		<tracknum></tracknum>
		<trackcategory>Session</trackcategory>
		<sessionnum>PreConF</sessionnum>
		<session><![CDATA[]]></session>
		<sessionagenda><![CDATA[]]></sessionagenda>
		<sessionstarttime>1:00</sessionstarttime>
		<sessionendtime>5:00 PM</sessionendtime>
		<starttime><![CDATA[]]></starttime>
		<roomlocation>Floor 2</roomlocation>
		<publishroom>false</publishroom>
		<room><![CDATA[GAMR 2 (Great America Meeting Room 2)]]></room>
		<numberregistered>0.0</numberregistered>
		<seesionoccupancy></seesionoccupancy>
		<sessiondescription><![CDATA[Developing chiplet-based multi-die systems requires major coordination between design team and foundry. The approach is new to both sides, and involves many new technologies, standards, and methods. In particular, designers must decide on the package early in the entire process since it will determine how the foundry approaches the problem. Chip and package designers will thus need to work together right from the beginning to achieve a successful integration. In practice, leading foundries have their own packaging services and standards. They play an important role in streamlining multi-die system designs driving early architecture, design implementation, manufacturing, and package integration. Obviously, there will be many more process decks for the customer to handle, and much more data to be managed. Overall, designers can expect to spend far more time working with the foundry than they did when designing monolithic chips.]]></sessiondescription>
		<regrequired>false</regrequired>
		<sessionaudiance><![CDATA[]]></sessionaudiance>
		<roomnum></roomnum>
		<anchor>Pre-ConferenceTutorial F</anchor>
		<sessionformat>Paper Session</sessionformat>
		<sessionlinkURL><![CDATA[]]></sessionlinkURL>
		<sessionsponsor><![CDATA[]]></sessionsponsor>
	</agenda>
	<agenda>
		<id>a13VV000002yU3m</id>
		<name><![CDATA[B-201: Integration - 1]]></name>
		<date>2024-02-08</date>
		<sessionopen></sessionopen>
		<datetime>2024-02-08T17:01:00.000Z</datetime>
		<enddatetime>2024-02-08T18:00:00.000Z</enddatetime>
		<track><![CDATA[Interfaces - Integration - Applications]]></track>
		<tracknum></tracknum>
		<trackcategory>Session</trackcategory>
		<sessionnum>B-201</sessionnum>
		<session><![CDATA[]]></session>
		<sessionagenda><![CDATA[]]></sessionagenda>
		<sessionstarttime>9:00</sessionstarttime>
		<sessionendtime>10:00 AM</sessionendtime>
		<starttime><![CDATA[]]></starttime>
		<roomlocation>Floor 2</roomlocation>
		<publishroom>false</publishroom>
		<room><![CDATA[GAMR 2 (Great America Meeting Room 2)]]></room>
		<numberregistered>0.0</numberregistered>
		<seesionoccupancy></seesionoccupancy>
		<sessiondescription><![CDATA[Heterogeneous integration is surely the most difficult stage of chiplet development. It involves everything from ensuring that the chiplets actually fit in the package in the right order through power and thermal analysis. The designers must optimize everything together (so-called co-optimization) and manage to create a manufacturable device. The system-in-chip itself requires a controller to manage both control signals and data. One option is to use an FPGA chiplet to produce the needed signals. There are currently many approaches designers must evaluate carefully to get the right fit for their applications.]]></sessiondescription>
		<regrequired>false</regrequired>
		<sessionaudiance><![CDATA[]]></sessionaudiance>
		<roomnum></roomnum>
		<anchor>B-201:</anchor>
		<sessionformat>Paper Session</sessionformat>
		<sessionlinkURL><![CDATA[]]></sessionlinkURL>
		<sessionsponsor><![CDATA[]]></sessionsponsor>
	</agenda>
	<agenda>
		<id>a13VV000002p0r9</id>
		<name><![CDATA[Thursday PM Refreshment Break]]></name>
		<date>2024-02-08</date>
		<sessionopen></sessionopen>
		<datetime>2024-02-08T23:20:00.000Z</datetime>
		<enddatetime>2024-02-08T23:30:00.000Z</enddatetime>
		<track><![CDATA[Break]]></track>
		<tracknum></tracknum>
		<trackcategory></trackcategory>
		<sessionnum></sessionnum>
		<session><![CDATA[]]></session>
		<sessionagenda><![CDATA[]]></sessionagenda>
		<sessionstarttime>3:20</sessionstarttime>
		<sessionendtime>3:30 PM</sessionendtime>
		<starttime><![CDATA[]]></starttime>
		<roomlocation></roomlocation>
		<publishroom>false</publishroom>
		<room><![CDATA[GAMR Hallway/GAB K Lobby]]></room>
		<numberregistered>0.0</numberregistered>
		<seesionoccupancy></seesionoccupancy>
		<sessiondescription><![CDATA[]]></sessiondescription>
		<regrequired>false</regrequired>
		<sessionaudiance><![CDATA[]]></sessionaudiance>
		<roomnum></roomnum>
		<anchor>Thursday</anchor>
		<sessionformat>General Event</sessionformat>
		<sessionlinkURL><![CDATA[]]></sessionlinkURL>
		<sessionsponsor><![CDATA[]]></sessionsponsor>
	</agenda>
	<agenda>
		<id>a13VV000002p0qo</id>
		<name><![CDATA[B-102: Applications - 1]]></name>
		<date>2024-02-07</date>
		<sessionopen></sessionopen>
		<datetime>2024-02-07T23:16:00.000Z</datetime>
		<enddatetime>2024-02-08T00:15:00.000Z</enddatetime>
		<track><![CDATA[Interfaces - Integration - Applications]]></track>
		<tracknum></tracknum>
		<trackcategory>Session</trackcategory>
		<sessionnum>B-102</sessionnum>
		<session><![CDATA[]]></session>
		<sessionagenda><![CDATA[]]></sessionagenda>
		<sessionstarttime>3:15</sessionstarttime>
		<sessionendtime>4:15 PM</sessionendtime>
		<starttime><![CDATA[]]></starttime>
		<roomlocation>Floor 2</roomlocation>
		<publishroom>false</publishroom>
		<room><![CDATA[GAMR 2 (Great America Meeting Room 2)]]></room>
		<numberregistered>0.0</numberregistered>
		<seesionoccupancy></seesionoccupancy>
		<sessiondescription><![CDATA[The chiplet approach can serve a wide range of applications. One popular example is driver-assistance systems for vehicles. Furthermore, the chiplet substructure may itself be dynamically reconfigurable to allow system changes for clouds where the mix of applications is constantly changing.]]></sessiondescription>
		<regrequired>false</regrequired>
		<sessionaudiance><![CDATA[]]></sessionaudiance>
		<roomnum></roomnum>
		<anchor>B-102:</anchor>
		<sessionformat>Paper Session</sessionformat>
		<sessionlinkURL><![CDATA[]]></sessionlinkURL>
		<sessionsponsor><![CDATA[]]></sessionsponsor>
	</agenda>
	<agenda>
		<id>a13VV000002yZg7</id>
		<name><![CDATA[A-201: Design - 3]]></name>
		<date>2024-02-08</date>
		<sessionopen></sessionopen>
		<datetime>2024-02-08T17:00:00.000Z</datetime>
		<enddatetime>2024-02-08T18:00:00.000Z</enddatetime>
		<track><![CDATA[Design/Security]]></track>
		<tracknum></tracknum>
		<trackcategory>Session</trackcategory>
		<sessionnum>A-201</sessionnum>
		<session><![CDATA[]]></session>
		<sessionagenda><![CDATA[]]></sessionagenda>
		<sessionstarttime>9:00</sessionstarttime>
		<sessionendtime>10:00 AM</sessionendtime>
		<starttime><![CDATA[]]></starttime>
		<roomlocation>Floor 2</roomlocation>
		<publishroom>false</publishroom>
		<room><![CDATA[GAMR 1 (Great America Meeting Room 1)]]></room>
		<numberregistered>0.0</numberregistered>
		<seesionoccupancy></seesionoccupancy>
		<sessiondescription><![CDATA[Having the right tools is surely the key to successful chiplet-based design. System-level models have become essential in all cases since emulation hardware is seldom available. They allow designers to experiment with different decisions and see what happens. Even long runs are better than waiting for prototypes to be built and tested. Special software is also necessary to handle non-electrical issues, such as power, thermals, and mechanical design. Of course, such tools must be updated to operate in the chiplet world rather than the traditional monolithic designs.]]></sessiondescription>
		<regrequired>false</regrequired>
		<sessionaudiance><![CDATA[]]></sessionaudiance>
		<roomnum></roomnum>
		<anchor>A-201:</anchor>
		<sessionformat>Paper Session</sessionformat>
		<sessionlinkURL><![CDATA[]]></sessionlinkURL>
		<sessionsponsor><![CDATA[]]></sessionsponsor>
	</agenda>
	<agenda>
		<id>a13VV000002p0qz</id>
		<name><![CDATA[Keynote 4: Alphawave Semi]]></name>
		<date>2024-02-08</date>
		<sessionopen></sessionopen>
		<datetime>2024-02-08T18:10:00.000Z</datetime>
		<enddatetime>2024-02-08T18:40:00.000Z</enddatetime>
		<track><![CDATA[CS 2024 Keynotes]]></track>
		<tracknum></tracknum>
		<trackcategory>Keynote</trackcategory>
		<sessionnum>K-4</sessionnum>
		<session><![CDATA[]]></session>
		<sessionagenda><![CDATA[]]></sessionagenda>
		<sessionstarttime>10:10</sessionstarttime>
		<sessionendtime>10:40 AM</sessionendtime>
		<starttime><![CDATA[]]></starttime>
		<roomlocation>Floor 1</roomlocation>
		<publishroom>false</publishroom>
		<room><![CDATA[GAB J (Great America Ballroom J)]]></room>
		<numberregistered>0.0</numberregistered>
		<seesionoccupancy></seesionoccupancy>
		<sessiondescription><![CDATA[]]></sessiondescription>
		<regrequired>false</regrequired>
		<sessionaudiance><![CDATA[]]></sessionaudiance>
		<roomnum></roomnum>
		<anchor>Keynote4</anchor>
		<sessionformat>Keynote</sessionformat>
		<sessionlinkURL><![CDATA[]]></sessionlinkURL>
		<sessionsponsor><![CDATA[]]></sessionsponsor>
	</agenda>
	<agenda>
		<id>a13VV000003hgLe</id>
		<name><![CDATA[Registration (sponsored by Achronix)]]></name>
		<date>2024-02-08</date>
		<sessionopen></sessionopen>
		<datetime>2024-02-08T16:00:00.000Z</datetime>
		<enddatetime>2024-02-08T23:00:00.000Z</enddatetime>
		<track><![CDATA[Registration]]></track>
		<tracknum></tracknum>
		<trackcategory></trackcategory>
		<sessionnum></sessionnum>
		<session><![CDATA[]]></session>
		<sessionagenda><![CDATA[]]></sessionagenda>
		<sessionstarttime>8:00</sessionstarttime>
		<sessionendtime>3:00 PM</sessionendtime>
		<starttime><![CDATA[]]></starttime>
		<roomlocation>Floor 1</roomlocation>
		<publishroom>false</publishroom>
		<room><![CDATA[GAB Lobby]]></room>
		<numberregistered>0.0</numberregistered>
		<seesionoccupancy></seesionoccupancy>
		<sessiondescription><![CDATA[]]></sessiondescription>
		<regrequired>false</regrequired>
		<sessionaudiance><![CDATA[]]></sessionaudiance>
		<roomnum></roomnum>
		<anchor>Registration</anchor>
		<sessionformat></sessionformat>
		<sessionlinkURL><![CDATA[]]></sessionlinkURL>
		<sessionsponsor><![CDATA[]]></sessionsponsor>
	</agenda>
	<agenda>
		<id>a13VV000003haua</id>
		<name><![CDATA[Wednesday Breakfast (sponsored by Chiplet.US)]]></name>
		<date>2024-02-07</date>
		<sessionopen></sessionopen>
		<datetime>2024-02-07T15:30:00.000Z</datetime>
		<enddatetime>2024-02-07T16:45:00.000Z</enddatetime>
		<track><![CDATA[Registration]]></track>
		<tracknum></tracknum>
		<trackcategory></trackcategory>
		<sessionnum></sessionnum>
		<session><![CDATA[]]></session>
		<sessionagenda><![CDATA[]]></sessionagenda>
		<sessionstarttime>7:30</sessionstarttime>
		<sessionendtime>8:45 AM</sessionendtime>
		<starttime><![CDATA[]]></starttime>
		<roomlocation>Floor 1</roomlocation>
		<publishroom>false</publishroom>
		<room><![CDATA[GAB Lobby]]></room>
		<numberregistered>0.0</numberregistered>
		<seesionoccupancy></seesionoccupancy>
		<sessiondescription><![CDATA[]]></sessiondescription>
		<regrequired>false</regrequired>
		<sessionaudiance><![CDATA[]]></sessionaudiance>
		<roomnum></roomnum>
		<anchor>Wednesday</anchor>
		<sessionformat></sessionformat>
		<sessionlinkURL><![CDATA[]]></sessionlinkURL>
		<sessionsponsor><![CDATA[]]></sessionsponsor>
	</agenda>
	<agenda>
		<id>a13VV000002p0qy</id>
		<name><![CDATA[Thursday AM Refreshment Break]]></name>
		<date>2024-02-08</date>
		<sessionopen></sessionopen>
		<datetime>2024-02-08T18:00:00.000Z</datetime>
		<enddatetime>2024-02-08T18:10:00.000Z</enddatetime>
		<track><![CDATA[Break]]></track>
		<tracknum></tracknum>
		<trackcategory></trackcategory>
		<sessionnum></sessionnum>
		<session><![CDATA[]]></session>
		<sessionagenda><![CDATA[]]></sessionagenda>
		<sessionstarttime>10:00</sessionstarttime>
		<sessionendtime>10:10 AM</sessionendtime>
		<starttime><![CDATA[]]></starttime>
		<roomlocation>Floor 1</roomlocation>
		<publishroom>false</publishroom>
		<room><![CDATA[GAB Lobby]]></room>
		<numberregistered>0.0</numberregistered>
		<seesionoccupancy></seesionoccupancy>
		<sessiondescription><![CDATA[]]></sessiondescription>
		<regrequired>false</regrequired>
		<sessionaudiance><![CDATA[]]></sessionaudiance>
		<roomnum></roomnum>
		<anchor>Thursday</anchor>
		<sessionformat>General Event</sessionformat>
		<sessionlinkURL><![CDATA[]]></sessionlinkURL>
		<sessionsponsor><![CDATA[]]></sessionsponsor>
	</agenda>
	<agenda>
		<id>a13VV000003xhSD</id>
		<name><![CDATA[Tuesday Breakfast]]></name>
		<date>2024-02-06</date>
		<sessionopen></sessionopen>
		<datetime>2024-02-06T15:30:00.000Z</datetime>
		<enddatetime>2024-02-06T16:30:00.000Z</enddatetime>
		<track><![CDATA[Registration]]></track>
		<tracknum></tracknum>
		<trackcategory></trackcategory>
		<sessionnum></sessionnum>
		<session><![CDATA[]]></session>
		<sessionagenda><![CDATA[]]></sessionagenda>
		<sessionstarttime>7:30</sessionstarttime>
		<sessionendtime>8:30 AM</sessionendtime>
		<starttime><![CDATA[]]></starttime>
		<roomlocation>Floor 1</roomlocation>
		<publishroom>false</publishroom>
		<room><![CDATA[GAB Lobby]]></room>
		<numberregistered>0.0</numberregistered>
		<seesionoccupancy></seesionoccupancy>
		<sessiondescription><![CDATA[]]></sessiondescription>
		<regrequired>false</regrequired>
		<sessionaudiance><![CDATA[]]></sessionaudiance>
		<roomnum></roomnum>
		<anchor>Tuesday</anchor>
		<sessionformat></sessionformat>
		<sessionlinkURL><![CDATA[]]></sessionlinkURL>
		<sessionsponsor><![CDATA[]]></sessionsponsor>
	</agenda>
	<agenda>
		<id>a13VV000002p20I</id>
		<name><![CDATA[Pre-Conference Tutorial D: Interfaces (Section 1)]]></name>
		<date>2024-02-06</date>
		<sessionopen></sessionopen>
		<datetime>2024-02-06T16:32:00.000Z</datetime>
		<enddatetime>2024-02-06T20:00:00.000Z</enddatetime>
		<track><![CDATA[Pre-Conference Tutorials]]></track>
		<tracknum></tracknum>
		<trackcategory>Session</trackcategory>
		<sessionnum>PreConD</sessionnum>
		<session><![CDATA[]]></session>
		<sessionagenda><![CDATA[]]></sessionagenda>
		<sessionstarttime>8:30 AM</sessionstarttime>
		<sessionendtime>12:00 PM</sessionendtime>
		<starttime><![CDATA[]]></starttime>
		<roomlocation>Floor 2</roomlocation>
		<publishroom>false</publishroom>
		<room><![CDATA[GAMR 3 (Great America Meeting Room 3)]]></room>
		<numberregistered>0.0</numberregistered>
		<seesionoccupancy></seesionoccupancy>
		<sessiondescription><![CDATA[Fast on-chip die-to-die interfaces are the key to making the chiplet idea work. High data rates are essential for top performance and low latency. The interfaces also must consume little chip area or power or affect thermal budgets. Example buses such as Bunch-of-Wires (BoW) and Universal Chiplet Interface Express (UCIe) are already widely available. Designers must consider cost, chip area, throughput, and support when deciding which to use for their applications. The interface must be flexible, comprehensive, and easy to integrate with a wide variety of chiplets. Test and monitoring tools and platforms are particularly important in reducing time-to-market. Super-high performance applications, such as AI clusters, may require optical connections as well as electrical.]]></sessiondescription>
		<regrequired>false</regrequired>
		<sessionaudiance><![CDATA[]]></sessionaudiance>
		<roomnum></roomnum>
		<anchor>Pre-ConferenceTutorial D</anchor>
		<sessionformat>Paper Session</sessionformat>
		<sessionlinkURL><![CDATA[]]></sessionlinkURL>
		<sessionsponsor><![CDATA[]]></sessionsponsor>
	</agenda>
	<agenda>
		<id>a13VV000003hZLp</id>
		<name><![CDATA[Registration (sponsored by Achronix)]]></name>
		<date>2024-02-07</date>
		<sessionopen></sessionopen>
		<datetime>2024-02-07T15:00:00.000Z</datetime>
		<enddatetime>2024-02-08T02:00:00.000Z</enddatetime>
		<track><![CDATA[Registration]]></track>
		<tracknum></tracknum>
		<trackcategory></trackcategory>
		<sessionnum></sessionnum>
		<session><![CDATA[]]></session>
		<sessionagenda><![CDATA[]]></sessionagenda>
		<sessionstarttime>7:00</sessionstarttime>
		<sessionendtime>6:00 PM</sessionendtime>
		<starttime><![CDATA[]]></starttime>
		<roomlocation>Floor 1</roomlocation>
		<publishroom>false</publishroom>
		<room><![CDATA[GAB Lobby]]></room>
		<numberregistered>0.0</numberregistered>
		<seesionoccupancy></seesionoccupancy>
		<sessiondescription><![CDATA[]]></sessiondescription>
		<regrequired>false</regrequired>
		<sessionaudiance><![CDATA[]]></sessionaudiance>
		<roomnum></roomnum>
		<anchor>Registration</anchor>
		<sessionformat></sessionformat>
		<sessionlinkURL><![CDATA[]]></sessionlinkURL>
		<sessionsponsor><![CDATA[]]></sessionsponsor>
	</agenda>
	<agenda>
		<id>a13VV000002p0qc</id>
		<name><![CDATA[Special Presentation 1: UCIe Consortium]]></name>
		<date>2024-02-07</date>
		<sessionopen></sessionopen>
		<datetime>2024-02-07T18:40:00.000Z</datetime>
		<enddatetime>2024-02-07T18:50:00.000Z</enddatetime>
		<track><![CDATA[CS 2024 Keynotes]]></track>
		<tracknum></tracknum>
		<trackcategory>Keynote</trackcategory>
		<sessionnum>SP-1</sessionnum>
		<session><![CDATA[]]></session>
		<sessionagenda><![CDATA[]]></sessionagenda>
		<sessionstarttime>10:40</sessionstarttime>
		<sessionendtime>10:50 AM</sessionendtime>
		<starttime><![CDATA[]]></starttime>
		<roomlocation>Floor 1</roomlocation>
		<publishroom>false</publishroom>
		<room><![CDATA[GAB J (Great America Ballroom J)]]></room>
		<numberregistered>0.0</numberregistered>
		<seesionoccupancy></seesionoccupancy>
		<sessiondescription><![CDATA[]]></sessiondescription>
		<regrequired>false</regrequired>
		<sessionaudiance><![CDATA[]]></sessionaudiance>
		<roomnum></roomnum>
		<anchor>SpecialPresentation 1</anchor>
		<sessionformat>Special Event</sessionformat>
		<sessionlinkURL><![CDATA[]]></sessionlinkURL>
		<sessionsponsor><![CDATA[]]></sessionsponsor>
	</agenda>
	<agenda>
		<id>a13VV000002p0r3</id>
		<name><![CDATA[Keynote 6: Open Compute Project]]></name>
		<date>2024-02-08</date>
		<sessionopen></sessionopen>
		<datetime>2024-02-08T19:35:00.000Z</datetime>
		<enddatetime>2024-02-08T20:05:00.000Z</enddatetime>
		<track><![CDATA[CS 2024 Keynotes]]></track>
		<tracknum></tracknum>
		<trackcategory>Keynote</trackcategory>
		<sessionnum>K-6</sessionnum>
		<session><![CDATA[]]></session>
		<sessionagenda><![CDATA[]]></sessionagenda>
		<sessionstarttime>11:35</sessionstarttime>
		<sessionendtime>12:05 PM</sessionendtime>
		<starttime><![CDATA[]]></starttime>
		<roomlocation>Floor 1</roomlocation>
		<publishroom>false</publishroom>
		<room><![CDATA[GAB J (Great America Ballroom J)]]></room>
		<numberregistered>0.0</numberregistered>
		<seesionoccupancy></seesionoccupancy>
		<sessiondescription><![CDATA[]]></sessiondescription>
		<regrequired>false</regrequired>
		<sessionaudiance><![CDATA[]]></sessionaudiance>
		<roomnum></roomnum>
		<anchor>Keynote6</anchor>
		<sessionformat>Keynote</sessionformat>
		<sessionlinkURL><![CDATA[]]></sessionlinkURL>
		<sessionsponsor><![CDATA[]]></sessionsponsor>
	</agenda>
	<agenda>
		<id>a13VV000002p0qW</id>
		<name><![CDATA[Tuesday PM Refreshment Break]]></name>
		<date>2024-02-06</date>
		<sessionopen></sessionopen>
		<datetime>2024-02-06T23:15:00.000Z</datetime>
		<enddatetime>2024-02-06T23:30:00.000Z</enddatetime>
		<track><![CDATA[Break]]></track>
		<tracknum></tracknum>
		<trackcategory></trackcategory>
		<sessionnum></sessionnum>
		<session><![CDATA[]]></session>
		<sessionagenda><![CDATA[]]></sessionagenda>
		<sessionstarttime>3:15</sessionstarttime>
		<sessionendtime>3:30 PM</sessionendtime>
		<starttime><![CDATA[]]></starttime>
		<roomlocation></roomlocation>
		<publishroom>false</publishroom>
		<room><![CDATA[GAMR Hallway/GAB K Lobby]]></room>
		<numberregistered>0.0</numberregistered>
		<seesionoccupancy></seesionoccupancy>
		<sessiondescription><![CDATA[]]></sessiondescription>
		<regrequired>false</regrequired>
		<sessionaudiance><![CDATA[]]></sessionaudiance>
		<roomnum></roomnum>
		<anchor>Tuesday</anchor>
		<sessionformat>Pre-Con Seminar</sessionformat>
		<sessionlinkURL><![CDATA[]]></sessionlinkURL>
		<sessionsponsor><![CDATA[]]></sessionsponsor>
	</agenda>
	<agenda>
		<id>a13VV000002p0qr</id>
		<name><![CDATA[Wednesday PM Refreshment Break]]></name>
		<date>2024-02-07</date>
		<sessionopen></sessionopen>
		<datetime>2024-02-08T00:15:00.000Z</datetime>
		<enddatetime>2024-02-08T00:30:00.000Z</enddatetime>
		<track><![CDATA[Break]]></track>
		<tracknum></tracknum>
		<trackcategory></trackcategory>
		<sessionnum></sessionnum>
		<session><![CDATA[]]></session>
		<sessionagenda><![CDATA[]]></sessionagenda>
		<sessionstarttime>4:15</sessionstarttime>
		<sessionendtime>4:30 PM</sessionendtime>
		<starttime><![CDATA[]]></starttime>
		<roomlocation></roomlocation>
		<publishroom>false</publishroom>
		<room><![CDATA[GAMR Hallway/GAB K Lobby]]></room>
		<numberregistered>0.0</numberregistered>
		<seesionoccupancy></seesionoccupancy>
		<sessiondescription><![CDATA[]]></sessiondescription>
		<regrequired>false</regrequired>
		<sessionaudiance><![CDATA[]]></sessionaudiance>
		<roomnum></roomnum>
		<anchor>Wednesday</anchor>
		<sessionformat>General Event</sessionformat>
		<sessionlinkURL><![CDATA[]]></sessionlinkURL>
		<sessionsponsor><![CDATA[]]></sessionsponsor>
	</agenda>
	<agenda>
		<id>a13VV000002ym2I</id>
		<name><![CDATA[Chiplets: Where We Are Today]]></name>
		<date>2024-02-07</date>
		<sessionopen></sessionopen>
		<datetime>2024-02-07T17:00:00.000Z</datetime>
		<enddatetime>2024-02-07T18:00:00.000Z</enddatetime>
		<track><![CDATA[Plenary]]></track>
		<tracknum></tracknum>
		<trackcategory>Session</trackcategory>
		<sessionnum>PLEN</sessionnum>
		<session><![CDATA[]]></session>
		<sessionagenda><![CDATA[]]></sessionagenda>
		<sessionstarttime>9:00</sessionstarttime>
		<sessionendtime>10:00 AM</sessionendtime>
		<starttime><![CDATA[]]></starttime>
		<roomlocation>Floor 1</roomlocation>
		<publishroom>false</publishroom>
		<room><![CDATA[GAB J (Great America Ballroom J)]]></room>
		<numberregistered>0.0</numberregistered>
		<seesionoccupancy></seesionoccupancy>
		<sessiondescription><![CDATA[Chiplets allow designers to break up the design of large chips into smaller units. The advantages are shorter design time, lower cost, easier drop-in inclusion of already available designs, increased modularity and scalability, and fewer manufacturing defects. Chiplets allow for ready inclusion of analog and other accessory circuits, proven designs from previous nodes, and designs from other technologies. Obviously, the major issue is integrating all the chiplets together. This requires high-speed buses to avoid latency and maximize throughput, interconnection patterns, and often an interposer to provide connections between chiplets. The drop-in approach should eventually lead to a large ecosystem including chiplet libraries, IP, stores, and exchanges.]]></sessiondescription>
		<regrequired>false</regrequired>
		<sessionaudiance><![CDATA[]]></sessionaudiance>
		<roomnum></roomnum>
		<anchor>Chiplets:</anchor>
		<sessionformat>Plenary</sessionformat>
		<sessionlinkURL><![CDATA[]]></sessionlinkURL>
		<sessionsponsor><![CDATA[]]></sessionsponsor>
	</agenda>
	<agenda>
		<id>a13VV000002p0rB</id>
		<name><![CDATA[B-203: Chiplets in 2029 and How We Got There (Panel)]]></name>
		<date>2024-02-08</date>
		<sessionopen></sessionopen>
		<datetime>2024-02-08T23:30:00.000Z</datetime>
		<enddatetime>2024-02-09T00:50:00.000Z</enddatetime>
		<track><![CDATA[Panel]]></track>
		<tracknum></tracknum>
		<trackcategory>Session</trackcategory>
		<sessionnum>B-203</sessionnum>
		<session><![CDATA[]]></session>
		<sessionagenda><![CDATA[]]></sessionagenda>
		<sessionstarttime>3:30</sessionstarttime>
		<sessionendtime>4:50 PM</sessionendtime>
		<starttime><![CDATA[]]></starttime>
		<roomlocation>Floor 2</roomlocation>
		<publishroom>false</publishroom>
		<room><![CDATA[GAMR 3 (Great America Meeting Room 3)]]></room>
		<numberregistered>0.0</numberregistered>
		<seesionoccupancy></seesionoccupancy>
		<sessiondescription><![CDATA[The five-year horizon for chiplets is very promising. They will make up an ever increasing part of the large chip market, as their cost is more than balanced by the tremendous advantages they bring to chip design and development. More development platforms, operating systems, utilities, and other tools will be available for them. Standardization will be a major issue, as most large customers will want multiple sources as well as large ecosystems and wide support for both development and test. Other issues include achieving higher throughput and lower latency, isolating executing applications from one another, security, and EDA, packaging, integration, and test platform support.]]></sessiondescription>
		<regrequired>false</regrequired>
		<sessionaudiance><![CDATA[]]></sessionaudiance>
		<roomnum></roomnum>
		<anchor>B-203:</anchor>
		<sessionformat>Panel Session</sessionformat>
		<sessionlinkURL><![CDATA[]]></sessionlinkURL>
		<sessionsponsor><![CDATA[]]></sessionsponsor>
	</agenda>
	<agenda>
		<id>a13VV000002p0r7</id>
		<name><![CDATA[B-202: Best Packaging for Chiplets Today (Panel)]]></name>
		<date>2024-02-08</date>
		<sessionopen></sessionopen>
		<datetime>2024-02-08T22:01:00.000Z</datetime>
		<enddatetime>2024-02-08T23:20:00.000Z</enddatetime>
		<track><![CDATA[Panel]]></track>
		<tracknum></tracknum>
		<trackcategory>Session</trackcategory>
		<sessionnum>B-202</sessionnum>
		<session><![CDATA[]]></session>
		<sessionagenda><![CDATA[]]></sessionagenda>
		<sessionstarttime>2:00</sessionstarttime>
		<sessionendtime>3:20 PM</sessionendtime>
		<starttime><![CDATA[]]></starttime>
		<roomlocation>Floor 2</roomlocation>
		<publishroom>false</publishroom>
		<room><![CDATA[GAMR 2 (Great America Meeting Room 2)]]></room>
		<numberregistered>0.0</numberregistered>
		<seesionoccupancy></seesionoccupancy>
		<sessiondescription><![CDATA[Packaging is one of the most difficult areas for chiplet designers. Packages must be capable of handling power and heat dissipation, be reasonably priced and small, and be rugged enough for standard applications. Issues of concern include who selects the package and how, which packages are best-suited to chiplet-based designs, what breakthroughs we can expect in packaging over the next few years, and what are the best tradeoffs among size, performance, features, and cost for the many types of packages available today.]]></sessiondescription>
		<regrequired>false</regrequired>
		<sessionaudiance><![CDATA[]]></sessionaudiance>
		<roomnum></roomnum>
		<anchor>B-202:</anchor>
		<sessionformat>Panel Session</sessionformat>
		<sessionlinkURL><![CDATA[]]></sessionlinkURL>
		<sessionsponsor><![CDATA[]]></sessionsponsor>
	</agenda>
	<agenda>
		<id>a13VV000002p0qd</id>
		<name><![CDATA[Keynote 2: Synopsys]]></name>
		<date>2024-02-07</date>
		<sessionopen></sessionopen>
		<datetime>2024-02-07T18:50:00.000Z</datetime>
		<enddatetime>2024-02-07T19:20:00.000Z</enddatetime>
		<track><![CDATA[CS 2024 Keynotes]]></track>
		<tracknum></tracknum>
		<trackcategory>Keynote</trackcategory>
		<sessionnum>K-2</sessionnum>
		<session><![CDATA[]]></session>
		<sessionagenda><![CDATA[]]></sessionagenda>
		<sessionstarttime>10:50</sessionstarttime>
		<sessionendtime>11:20 AM</sessionendtime>
		<starttime><![CDATA[]]></starttime>
		<roomlocation>Floor 1</roomlocation>
		<publishroom>false</publishroom>
		<room><![CDATA[GAB J (Great America Ballroom J)]]></room>
		<numberregistered>0.0</numberregistered>
		<seesionoccupancy></seesionoccupancy>
		<sessiondescription><![CDATA[]]></sessiondescription>
		<regrequired>false</regrequired>
		<sessionaudiance><![CDATA[]]></sessionaudiance>
		<roomnum></roomnum>
		<anchor>Keynote2</anchor>
		<sessionformat>Keynote</sessionformat>
		<sessionlinkURL><![CDATA[]]></sessionlinkURL>
		<sessionsponsor><![CDATA[]]></sessionsponsor>
	</agenda>
	<agenda>
		<id>a13VV000002p0qR</id>
		<name><![CDATA[Tuesday Lunch]]></name>
		<date>2024-02-06</date>
		<sessionopen></sessionopen>
		<datetime>2024-02-06T20:00:00.000Z</datetime>
		<enddatetime>2024-02-06T21:00:00.000Z</enddatetime>
		<track><![CDATA[Break]]></track>
		<tracknum></tracknum>
		<trackcategory></trackcategory>
		<sessionnum></sessionnum>
		<session><![CDATA[]]></session>
		<sessionagenda><![CDATA[]]></sessionagenda>
		<sessionstarttime>12:00</sessionstarttime>
		<sessionendtime>1:00 PM</sessionendtime>
		<starttime><![CDATA[]]></starttime>
		<roomlocation>Floor 1</roomlocation>
		<publishroom>false</publishroom>
		<room><![CDATA[GAB Lobby]]></room>
		<numberregistered>0.0</numberregistered>
		<seesionoccupancy></seesionoccupancy>
		<sessiondescription><![CDATA[]]></sessiondescription>
		<regrequired>false</regrequired>
		<sessionaudiance><![CDATA[]]></sessionaudiance>
		<roomnum></roomnum>
		<anchor>Tuesday</anchor>
		<sessionformat>Pre-Con Seminar</sessionformat>
		<sessionlinkURL><![CDATA[]]></sessionlinkURL>
		<sessionsponsor><![CDATA[]]></sessionsponsor>
	</agenda>
	<agenda>
		<id>a13VV000002p0r2</id>
		<name><![CDATA[Special Presentation 4: Arm]]></name>
		<date>2024-02-08</date>
		<sessionopen></sessionopen>
		<datetime>2024-02-08T19:20:00.000Z</datetime>
		<enddatetime>2024-02-08T19:35:00.000Z</enddatetime>
		<track><![CDATA[CS 2024 Keynotes]]></track>
		<tracknum></tracknum>
		<trackcategory>Keynote</trackcategory>
		<sessionnum>SP-4</sessionnum>
		<session><![CDATA[]]></session>
		<sessionagenda><![CDATA[]]></sessionagenda>
		<sessionstarttime>11:20</sessionstarttime>
		<sessionendtime>11:35 AM</sessionendtime>
		<starttime><![CDATA[]]></starttime>
		<roomlocation>Floor 1</roomlocation>
		<publishroom>false</publishroom>
		<room><![CDATA[GAB J (Great America Ballroom J)]]></room>
		<numberregistered>0.0</numberregistered>
		<seesionoccupancy></seesionoccupancy>
		<sessiondescription><![CDATA[]]></sessiondescription>
		<regrequired>false</regrequired>
		<sessionaudiance><![CDATA[]]></sessionaudiance>
		<roomnum></roomnum>
		<anchor>SpecialPresentation 4</anchor>
		<sessionformat>Special Event</sessionformat>
		<sessionlinkURL><![CDATA[]]></sessionlinkURL>
		<sessionsponsor><![CDATA[]]></sessionsponsor>
	</agenda>
	<agenda>
		<id>a13VV000002p0qv</id>
		<name><![CDATA[D-103: Annual Update on Chiplet Design - Key Challenges and How to Meet Them]]></name>
		<date>2024-02-07</date>
		<sessionopen></sessionopen>
		<datetime>2024-02-08T00:33:00.000Z</datetime>
		<enddatetime>2024-02-08T01:30:00.000Z</enddatetime>
		<track><![CDATA[Annual Update]]></track>
		<tracknum></tracknum>
		<trackcategory>Session</trackcategory>
		<sessionnum>D-103</sessionnum>
		<session><![CDATA[]]></session>
		<sessionagenda><![CDATA[]]></sessionagenda>
		<sessionstarttime>4:30</sessionstarttime>
		<sessionendtime>5:30 PM</sessionendtime>
		<starttime><![CDATA[]]></starttime>
		<roomlocation>Floor 1</roomlocation>
		<publishroom>false</publishroom>
		<room><![CDATA[GAB K (Great America Ballroom K)]]></room>
		<numberregistered>0.0</numberregistered>
		<seesionoccupancy></seesionoccupancy>
		<sessiondescription><![CDATA[Chiplet based designs have progressed rapidly in recent years, however, most designs are sourced by a single vendor. Numerous questions remain about enabling a chiplet ecosystem. This panel will address some of the challenges for interoperability and testing between different vendors for D2D interfaces, tiers of compliance for ensuring an interoperable ecosystem, and test and debug of D2D interfaces. Furthermore, do we need to certify only the end-points (chiplets) or also the interconnect? What are the challenges of defining a common set of rules to ensure an open ecosystem while allowing technology innovation?]]></sessiondescription>
		<regrequired>false</regrequired>
		<sessionaudiance><![CDATA[]]></sessionaudiance>
		<roomnum></roomnum>
		<anchor>D-103:</anchor>
		<sessionformat>Panel Session</sessionformat>
		<sessionlinkURL><![CDATA[]]></sessionlinkURL>
		<sessionsponsor><![CDATA[]]></sessionsponsor>
	</agenda>
	<agenda>
		<id>a13VV000002p0qa</id>
		<name><![CDATA[Wednesday AM Refreshment Break]]></name>
		<date>2024-02-07</date>
		<sessionopen></sessionopen>
		<datetime>2024-02-07T18:00:00.000Z</datetime>
		<enddatetime>2024-02-07T18:10:00.000Z</enddatetime>
		<track><![CDATA[Break]]></track>
		<tracknum></tracknum>
		<trackcategory></trackcategory>
		<sessionnum></sessionnum>
		<session><![CDATA[]]></session>
		<sessionagenda><![CDATA[]]></sessionagenda>
		<sessionstarttime>10:00</sessionstarttime>
		<sessionendtime>10:10 AM</sessionendtime>
		<starttime><![CDATA[]]></starttime>
		<roomlocation>Floor 1</roomlocation>
		<publishroom>false</publishroom>
		<room><![CDATA[GAB Lobby]]></room>
		<numberregistered>0.0</numberregistered>
		<seesionoccupancy></seesionoccupancy>
		<sessiondescription><![CDATA[]]></sessiondescription>
		<regrequired>false</regrequired>
		<sessionaudiance><![CDATA[]]></sessionaudiance>
		<roomnum></roomnum>
		<anchor>Wednesday</anchor>
		<sessionformat>General Event</sessionformat>
		<sessionlinkURL><![CDATA[]]></sessionlinkURL>
		<sessionsponsor><![CDATA[]]></sessionsponsor>
	</agenda>
	<agenda>
		<id>a13VV0000042Z5r</id>
		<name><![CDATA[Tutorial D Panel: Choosing the Right Die-to-Die Interface for Your Application]]></name>
		<date>2024-02-06</date>
		<sessionopen></sessionopen>
		<datetime>2024-02-06T16:32:00.000Z</datetime>
		<enddatetime>2024-02-06T20:00:00.000Z</enddatetime>
		<track><![CDATA[Pre-Conference Tutorials]]></track>
		<tracknum></tracknum>
		<trackcategory>Session</trackcategory>
		<sessionnum>PreConD</sessionnum>
		<session><![CDATA[]]></session>
		<sessionagenda><![CDATA[]]></sessionagenda>
		<sessionstarttime>8:30</sessionstarttime>
		<sessionendtime>12:00 PM</sessionendtime>
		<starttime><![CDATA[]]></starttime>
		<roomlocation>Floor 2</roomlocation>
		<publishroom>false</publishroom>
		<room><![CDATA[GAMR 3 (Great America Meeting Room 3)]]></room>
		<numberregistered>0.0</numberregistered>
		<seesionoccupancy></seesionoccupancy>
		<sessiondescription><![CDATA[Fast on-chip die-to-die interfaces are the key to making the chiplet idea work. High data rates are essential for top performance and low latency. The interfaces also must consume little chip area or power or affect thermal budgets. Example buses such as Bunch-of-Wires (BoW) and Universal Chiplet Interface Express (UCIe) are already widely available. Designers must consider cost, chip area, throughput, and support when deciding which to use for their applications. The interface must be flexible, comprehensive, and easy to integrate with a wide variety of chiplets. Test and monitoring tools and platforms are particularly important in reducing time-to-market. Super-high performance applications, such as AI clusters, may require optical connections as well as electrical.]]></sessiondescription>
		<regrequired>false</regrequired>
		<sessionaudiance><![CDATA[]]></sessionaudiance>
		<roomnum></roomnum>
		<anchor>TutorialD Panel</anchor>
		<sessionformat>Panel Session</sessionformat>
		<sessionlinkURL><![CDATA[]]></sessionlinkURL>
		<sessionsponsor><![CDATA[]]></sessionsponsor>
	</agenda>
	<agenda>
		<id>a13VV000002p0qi</id>
		<name><![CDATA[A-101: Security - 1]]></name>
		<date>2024-02-07</date>
		<sessionopen></sessionopen>
		<datetime>2024-02-07T22:00:00.000Z</datetime>
		<enddatetime>2024-02-07T23:00:00.000Z</enddatetime>
		<track><![CDATA[Design/Security]]></track>
		<tracknum></tracknum>
		<trackcategory>Session</trackcategory>
		<sessionnum>A-101</sessionnum>
		<session><![CDATA[]]></session>
		<sessionagenda><![CDATA[]]></sessionagenda>
		<sessionstarttime>2:00</sessionstarttime>
		<sessionendtime>3:00 PM</sessionendtime>
		<starttime><![CDATA[]]></starttime>
		<roomlocation>Floor 2</roomlocation>
		<publishroom>false</publishroom>
		<room><![CDATA[GAMR 1 (Great America Meeting Room 1)]]></room>
		<numberregistered>0.0</numberregistered>
		<seesionoccupancy></seesionoccupancy>
		<sessiondescription><![CDATA[Security is a major challenge for chiplet-based designs. Vulnerabilities can occur at the chip or chiplet level. They may also occur in the die-to-die interfaces, packaging, and other circuitry including power and clock distribution. Even more problems can occur if chiplets are from different manufacturers, processes, or substrates. Security standards will be essential if an open chiplet economy is to be achieved.]]></sessiondescription>
		<regrequired>false</regrequired>
		<sessionaudiance><![CDATA[]]></sessionaudiance>
		<roomnum></roomnum>
		<anchor>A-101:</anchor>
		<sessionformat>Paper Session</sessionformat>
		<sessionlinkURL><![CDATA[]]></sessionlinkURL>
		<sessionsponsor><![CDATA[]]></sessionsponsor>
	</agenda>
	<agenda>
		<id>a13VV000002p0r5</id>
		<name><![CDATA[Exhibits]]></name>
		<date>2024-02-08</date>
		<sessionopen></sessionopen>
		<datetime>2024-02-08T20:00:00.000Z</datetime>
		<enddatetime>2024-02-08T22:00:00.000Z</enddatetime>
		<track><![CDATA[Exhibits]]></track>
		<tracknum></tracknum>
		<trackcategory></trackcategory>
		<sessionnum></sessionnum>
		<session><![CDATA[]]></session>
		<sessionagenda><![CDATA[]]></sessionagenda>
		<sessionstarttime>12:00</sessionstarttime>
		<sessionendtime>2:00 PM</sessionendtime>
		<starttime><![CDATA[]]></starttime>
		<roomlocation>Floor 1</roomlocation>
		<publishroom>false</publishroom>
		<room><![CDATA[Hall D]]></room>
		<numberregistered>0.0</numberregistered>
		<seesionoccupancy></seesionoccupancy>
		<sessiondescription><![CDATA[]]></sessiondescription>
		<regrequired>false</regrequired>
		<sessionaudiance><![CDATA[]]></sessionaudiance>
		<roomnum></roomnum>
		<anchor></anchor>
		<sessionformat>General Event</sessionformat>
		<sessionlinkURL><![CDATA[]]></sessionlinkURL>
		<sessionsponsor><![CDATA[]]></sessionsponsor>
	</agenda>
	<agenda>
		<id>a13VV000002p20G</id>
		<name><![CDATA[Pre-Conference Tutorial A: Chiplet Basics]]></name>
		<date>2024-02-06</date>
		<sessionopen></sessionopen>
		<datetime>2024-02-06T16:30:00.000Z</datetime>
		<enddatetime>2024-02-06T20:00:00.000Z</enddatetime>
		<track><![CDATA[Pre-Conference Tutorials]]></track>
		<tracknum></tracknum>
		<trackcategory>Session</trackcategory>
		<sessionnum>PreConA</sessionnum>
		<session><![CDATA[]]></session>
		<sessionagenda><![CDATA[]]></sessionagenda>
		<sessionstarttime>8:30 AM</sessionstarttime>
		<sessionendtime>12:00 PM</sessionendtime>
		<starttime><![CDATA[]]></starttime>
		<roomlocation>Floor 2</roomlocation>
		<publishroom>false</publishroom>
		<room><![CDATA[GAMR 1 (Great America Meeting Room 1)]]></room>
		<numberregistered>0.0</numberregistered>
		<seesionoccupancy></seesionoccupancy>
		<sessiondescription><![CDATA[Chiplets let designers develop leading-edge chips more efficiently. The idea is to divide a large SoC into building blocks (or chiplets). They are essentially drop-in pieces of IP, which designers can build, buy or reuse from previous designs. They may come from older process nodes, use new technologies (rather than standard CMOS), or include analog, optical, or other peripheral circuits. Combining the pieces is known as Heterogeneous Integration. It requires a high-speed die to die interface such as Bunch-of-Wires (BoW) or Universal Chiplet Interface Express (UCIe). Designing with chiplets starts with intelligent choices for dividing up the SoC. Chiplets also require complex platforms that offer cross-boundary optimization and support partitioning, validation, packaging, integration, and test. The results are lower manufacturing cost, shorter time-to-market, and better use of resources. The future of chiplets is bright. We will see new platforms, new interfaces, new packages, and new approaches to all development stages. Chiplets are already the way in which all major chipmakers are implementing processors, DPUs, AI chips, communications devices, and ASICs.]]></sessiondescription>
		<regrequired>false</regrequired>
		<sessionaudiance><![CDATA[]]></sessionaudiance>
		<roomnum></roomnum>
		<anchor>Pre-ConferenceTutorial A</anchor>
		<sessionformat>Paper Session</sessionformat>
		<sessionlinkURL><![CDATA[]]></sessionlinkURL>
		<sessionsponsor><![CDATA[]]></sessionsponsor>
	</agenda>
	<agenda>
		<id>a13VV000002p0qq</id>
		<name><![CDATA[D-102: Annual Update on Die-to-Die Interfaces]]></name>
		<date>2024-02-07</date>
		<sessionopen></sessionopen>
		<datetime>2024-02-07T23:18:00.000Z</datetime>
		<enddatetime>2024-02-08T00:15:00.000Z</enddatetime>
		<track><![CDATA[Annual Update]]></track>
		<tracknum></tracknum>
		<trackcategory>Session</trackcategory>
		<sessionnum>D-102</sessionnum>
		<session><![CDATA[]]></session>
		<sessionagenda><![CDATA[]]></sessionagenda>
		<sessionstarttime>3:15</sessionstarttime>
		<sessionendtime>4:15 PM</sessionendtime>
		<starttime><![CDATA[]]></starttime>
		<roomlocation>Floor 1</roomlocation>
		<publishroom>false</publishroom>
		<room><![CDATA[GAB J (Great America Ballroom J)]]></room>
		<numberregistered>0.0</numberregistered>
		<seesionoccupancy></seesionoccupancy>
		<sessiondescription><![CDATA[The common interfaces for chiplet design today are BoW (Bunch of Wires) from the Open Compute Project (OCP) and UCIe (Universal Chiplet Interface Express) from the UCIe Consortium. Both are open standards that support many architectures and have emerging ecosystems. Both have governing bodies that issue extensions and revisions and provide training, education, and other support.]]></sessiondescription>
		<regrequired>false</regrequired>
		<sessionaudiance><![CDATA[]]></sessionaudiance>
		<roomnum></roomnum>
		<anchor>D-102:</anchor>
		<sessionformat>Update</sessionformat>
		<sessionlinkURL><![CDATA[]]></sessionlinkURL>
		<sessionsponsor><![CDATA[]]></sessionsponsor>
	</agenda>
	<agenda>
		<id>a13VV000003hh9d</id>
		<name><![CDATA[Thursday Breakfast]]></name>
		<date>2024-02-08</date>
		<sessionopen></sessionopen>
		<datetime>2024-02-08T16:15:00.000Z</datetime>
		<enddatetime>2024-02-08T17:00:00.000Z</enddatetime>
		<track><![CDATA[Registration]]></track>
		<tracknum></tracknum>
		<trackcategory></trackcategory>
		<sessionnum></sessionnum>
		<session><![CDATA[]]></session>
		<sessionagenda><![CDATA[]]></sessionagenda>
		<sessionstarttime>8:15</sessionstarttime>
		<sessionendtime>9:00 AM</sessionendtime>
		<starttime><![CDATA[]]></starttime>
		<roomlocation>Floor 1</roomlocation>
		<publishroom>false</publishroom>
		<room><![CDATA[GAB Lobby]]></room>
		<numberregistered>0.0</numberregistered>
		<seesionoccupancy></seesionoccupancy>
		<sessiondescription><![CDATA[]]></sessiondescription>
		<regrequired>false</regrequired>
		<sessionaudiance><![CDATA[]]></sessionaudiance>
		<roomnum></roomnum>
		<anchor>Thursday</anchor>
		<sessionformat></sessionformat>
		<sessionlinkURL><![CDATA[]]></sessionlinkURL>
		<sessionsponsor><![CDATA[]]></sessionsponsor>
	</agenda>
	<agenda>
		<id>a13VV000002p0qn</id>
		<name><![CDATA[A-102: Design - 1]]></name>
		<date>2024-02-07</date>
		<sessionopen></sessionopen>
		<datetime>2024-02-07T23:15:00.000Z</datetime>
		<enddatetime>2024-02-08T00:15:00.000Z</enddatetime>
		<track><![CDATA[Design/Security]]></track>
		<tracknum></tracknum>
		<trackcategory>Session</trackcategory>
		<sessionnum>A-102</sessionnum>
		<session><![CDATA[]]></session>
		<sessionagenda><![CDATA[]]></sessionagenda>
		<sessionstarttime>3:15</sessionstarttime>
		<sessionendtime>4:15 PM</sessionendtime>
		<starttime><![CDATA[]]></starttime>
		<roomlocation>Floor 2</roomlocation>
		<publishroom>false</publishroom>
		<room><![CDATA[GAMR 1 (Great America Meeting Room 1)]]></room>
		<numberregistered>0.0</numberregistered>
		<seesionoccupancy></seesionoccupancy>
		<sessiondescription><![CDATA[Chiplet-based design requires many new and upgraded tools. The usual analysis and verification platforms must be extended to handle multiple chiplets and data must be managed. All of this is complicated by the need to apply everything both to individual chiplets and to the package as a whole. Runtimes will lengthen for entire packages, and the number of runs obviously depends directly on the number of chiplets. Drop-in chiplets can help reduce the strain if methods can be developed for assuring their characteristics and performance. Power is also a problem, since it must be distributed properly among chips with varying requirements and often high demands.]]></sessiondescription>
		<regrequired>false</regrequired>
		<sessionaudiance><![CDATA[]]></sessionaudiance>
		<roomnum></roomnum>
		<anchor>A-102:</anchor>
		<sessionformat>Paper Session</sessionformat>
		<sessionlinkURL><![CDATA[]]></sessionlinkURL>
		<sessionsponsor><![CDATA[]]></sessionsponsor>
	</agenda>
</agendalist>
