<?xml version="1.0" encoding="UTF-8"?>
<speakerlist lastupdate="2024-02-11 23:29:30">
	<speaker>
		<id>a155f00000AHOwJ</id>
		<sessionname><![CDATA[B-102: Applications - 1]]></sessionname>
		<sessionid>a13VV000002p0qo</sessionid>
		<name><![CDATA[Ian Land]]></name>
		<account><![CDATA[Synopsys India]]></account>
		<contact><![CDATA[Land, Ian]]></contact>
		<contactid>003VV000001awwr</contactid>
		<date>2024-02-07</date>
		<time><![CDATA[3:15]]></time>
		<datetime>2024-02-07T23:16:00.000Z</datetime>
		<track><![CDATA[]]></track>
		<tracknum></tracknum>
		<sessionnum>B-102</sessionnum>
		<starttime><![CDATA[]]></starttime>
		<roomnum></roomnum>
		<room><![CDATA[GAMR 2 (Great America Meeting Room 2)]]></room>
		<speakerdetails><![CDATA[]]></speakerdetails>
		<speakertype>Speaker</speakertype>
		<speakerbio><![CDATA[Ian Land is Synopsys’s Director of Security, Government, and Aerospace Solutions. He handles product marketing, product planning, business development, strategic alliances, and business analysis. Before joining Synopsys, he was Director of Intel’s Public Sector Business Unit which sold embedded CPU products worldwide. He has also worked for Altera and Xilinx. He is a frequent blogger on military/defense applications and has been active at Synopsys User Group (SNUG) meetings. He earned master's degrees in mechanical engineering and management from MIT.]]></speakerbio>
		<speakertitle><![CDATA[Sr Solutions Director]]></speakertitle>
		<dayoftheweek><![CDATA[Wednesday]]></dayoftheweek>
		<speakerimageurl><![CDATA[]]></speakerimageurl>
		<speakerhierarchy></speakerhierarchy>
		<publish>a0q5f0000044zmaAAA</publish>
	</speaker>
	<speaker>
		<id>a15VV000000ZLCs</id>
		<sessionname><![CDATA[B-103: Interfaces - 2]]></sessionname>
		<sessionid>a13VV000002p0qt</sessionid>
		<name><![CDATA[Jeff Hutchins]]></name>
		<account><![CDATA[Ranovus]]></account>
		<contact><![CDATA[Hutchins, Jeff]]></contact>
		<contactid>0035f00000OAM6q</contactid>
		<date>2024-02-07</date>
		<time><![CDATA[4:30]]></time>
		<datetime>2024-02-08T00:31:00.000Z</datetime>
		<track><![CDATA[]]></track>
		<tracknum></tracknum>
		<sessionnum>B-103</sessionnum>
		<starttime><![CDATA[]]></starttime>
		<roomnum></roomnum>
		<room><![CDATA[GAMR 2 (Great America Meeting Room 2)]]></room>
		<speakerdetails><![CDATA[]]></speakerdetails>
		<speakertype>Speaker</speakertype>
		<speakerbio><![CDATA[Jeff Hutchins is a director in the CTO Office at Ranovus, a developer of optical interconnect and co-packaged optics. He has been active in standards development and is currently a vice chair of the Energy Efficient Interfaces effort at the OIF. He is a board member of the OIF and has also co-authored white papers and delivered presentations at many conferences including OFC. He earned an MSEE in electron devices from Stanford University and holds 5 patents.]]></speakerbio>
		<speakertitle><![CDATA[Director CTO Office]]></speakertitle>
		<dayoftheweek><![CDATA[Wednesday]]></dayoftheweek>
		<speakerimageurl><![CDATA[]]></speakerimageurl>
		<speakerhierarchy></speakerhierarchy>
		<publish>a0q5f0000044zmaAAA</publish>
	</speaker>
	<speaker>
		<id>a15VV000000fPbx</id>
		<sessionname><![CDATA[B-101: Interfaces - 1]]></sessionname>
		<sessionid>a13VV000002p0qj</sessionid>
		<name><![CDATA[Stephen Wong]]></name>
		<account><![CDATA[Intel]]></account>
		<contact><![CDATA[Wong, Stephen]]></contact>
		<contactid>0035f00001161Uz</contactid>
		<date>2024-02-07</date>
		<time><![CDATA[2:00]]></time>
		<datetime>2024-02-07T22:01:00.000Z</datetime>
		<track><![CDATA[]]></track>
		<tracknum></tracknum>
		<sessionnum>B-101</sessionnum>
		<starttime><![CDATA[]]></starttime>
		<roomnum></roomnum>
		<room><![CDATA[GAMR 2 (Great America Meeting Room 2)]]></room>
		<speakerdetails><![CDATA[]]></speakerdetails>
		<speakertype>Speaker</speakertype>
		<speakerbio><![CDATA[Stephen Wong is a Principal Engineer at Intel, where he currently focuses on EDA and IP strategy and planning. He has expertise in mixed-signal IP design, procurement, and vendor management of third-party IP. He also has expertise in defining and enabling IP platforms for foundry process nodes. With over 20 years experience, Stephen has worked at Intel and Synopsys. He earned a BSEE from the University of Waterloo (Canada).]]></speakerbio>
		<speakertitle><![CDATA[]]></speakertitle>
		<dayoftheweek><![CDATA[Wednesday]]></dayoftheweek>
		<speakerimageurl><![CDATA[]]></speakerimageurl>
		<speakerhierarchy></speakerhierarchy>
		<publish>a0q5f0000044zmaAAA</publish>
	</speaker>
	<speaker>
		<id>a15VV000000mTis</id>
		<sessionname><![CDATA[C-103: Best Way to Optimize Chiplets (Panel)]]></sessionname>
		<sessionid>a13VV000002p0qp</sessionid>
		<name><![CDATA[Sridhar Valluru]]></name>
		<account><![CDATA[Arm]]></account>
		<contact><![CDATA[Valluru, Sridhar]]></contact>
		<contactid>003VV000003FJVF</contactid>
		<date>2024-02-07</date>
		<time><![CDATA[4:30]]></time>
		<datetime>2024-02-08T00:32:00.000Z</datetime>
		<track><![CDATA[]]></track>
		<tracknum></tracknum>
		<sessionnum>C-103</sessionnum>
		<starttime><![CDATA[]]></starttime>
		<roomnum></roomnum>
		<room><![CDATA[GAMR 3 (Great America Meeting Room 3)]]></room>
		<speakerdetails><![CDATA[]]></speakerdetails>
		<speakertype>Panelist</speakertype>
		<speakerbio><![CDATA[]]></speakerbio>
		<speakertitle><![CDATA[Director Product Management]]></speakertitle>
		<dayoftheweek><![CDATA[Wednesday]]></dayoftheweek>
		<speakerimageurl><![CDATA[]]></speakerimageurl>
		<speakerhierarchy></speakerhierarchy>
		<publish>a0q5f0000044zmaAAA</publish>
	</speaker>
	<speaker>
		<id>a15VV000000a9GC</id>
		<sessionname><![CDATA[B-102: Applications - 1]]></sessionname>
		<sessionid>a13VV000002p0qo</sessionid>
		<name><![CDATA[Nokibul Islam]]></name>
		<account><![CDATA[JCET Group]]></account>
		<contact><![CDATA[Islam, Nokibul]]></contact>
		<contactid>0035f00000h7hJy</contactid>
		<date>2024-02-07</date>
		<time><![CDATA[3:15]]></time>
		<datetime>2024-02-07T23:16:00.000Z</datetime>
		<track><![CDATA[]]></track>
		<tracknum></tracknum>
		<sessionnum>B-102</sessionnum>
		<starttime><![CDATA[]]></starttime>
		<roomnum></roomnum>
		<room><![CDATA[GAMR 2 (Great America Meeting Room 2)]]></room>
		<speakerdetails><![CDATA[]]></speakerdetails>
		<speakertype>Moderator</speakertype>
		<speakerbio><![CDATA[Nokibul Islam is Sr Director Field Applications Engineering at JCET Group, where he focuses on semiconductor packaging technology, product development, qualification, product management, and marketing. Before joining JCET Group, he was an engineer at Amkor. He has published many papers on electronic packaging design and has presented at many conferences including IMAPS, ECTC, and DPC. He has been a program committee member for many conferences and is the General Chair for the 19th Annual Device Packaging Conference (DPC 2023). He earned a PhD in mechanical engineering from Auburn University (AL).]]></speakerbio>
		<speakertitle><![CDATA[Director Group Technology Strategy]]></speakertitle>
		<dayoftheweek><![CDATA[Wednesday]]></dayoftheweek>
		<speakerimageurl><![CDATA[]]></speakerimageurl>
		<speakerhierarchy></speakerhierarchy>
		<publish>a0q5f0000044zmaAAA</publish>
	</speaker>
	<speaker>
		<id>a15VV000000a9GT</id>
		<sessionname><![CDATA[D-103: Annual Update on Chiplet Design - Key Challenges and How to Meet Them]]></sessionname>
		<sessionid>a13VV000002p0qv</sessionid>
		<name><![CDATA[Joshua Rubin]]></name>
		<account><![CDATA[IBM Research]]></account>
		<contact><![CDATA[Rubin, Joshua]]></contact>
		<contactid>0035f00000h7hK3</contactid>
		<date>2024-02-07</date>
		<time><![CDATA[4:30]]></time>
		<datetime>2024-02-08T00:33:00.000Z</datetime>
		<track><![CDATA[]]></track>
		<tracknum></tracknum>
		<sessionnum>D-103</sessionnum>
		<starttime><![CDATA[]]></starttime>
		<roomnum></roomnum>
		<room><![CDATA[GAB K (Great America Ballroom K)]]></room>
		<speakerdetails><![CDATA[]]></speakerdetails>
		<speakertype>Moderator</speakertype>
		<speakerbio><![CDATA[Joshua Rubin is a Sr Engineer at IBM, where he has been technical lead on projects dealing with wafer scale 3D integration, system performance analysis for novel technical elements, heterogeneous integration, and AI hardware design. An IBM Master Inventor, he holds over 75 patents in transistor design and integration, power distribution, 3D integration, packaging, and memory devices. He earned a PhD in electrical engineering at Cornell University. He has also published several technical articles and presented at several conferences including the Electronic Components and Technology Conference (ECTC).]]></speakerbio>
		<speakertitle><![CDATA[Sr Engineer]]></speakertitle>
		<dayoftheweek><![CDATA[Wednesday]]></dayoftheweek>
		<speakerimageurl><![CDATA[]]></speakerimageurl>
		<speakerhierarchy></speakerhierarchy>
		<publish>a0q5f0000044zmaAAA</publish>
	</speaker>
	<speaker>
		<id>a15VV000000NgWP</id>
		<sessionname><![CDATA[B-102: Applications - 1]]></sessionname>
		<sessionid>a13VV000002p0qo</sessionid>
		<name><![CDATA[Philip Lewer]]></name>
		<account><![CDATA[Untether AI]]></account>
		<contact><![CDATA[Lewer, Philip]]></contact>
		<contactid>003VV000003ZRJn</contactid>
		<date>2024-02-07</date>
		<time><![CDATA[3:15]]></time>
		<datetime>2024-02-07T23:16:00.000Z</datetime>
		<track><![CDATA[]]></track>
		<tracknum></tracknum>
		<sessionnum>B-102</sessionnum>
		<starttime><![CDATA[]]></starttime>
		<roomnum></roomnum>
		<room><![CDATA[GAMR 2 (Great America Meeting Room 2)]]></room>
		<speakerdetails><![CDATA[]]></speakerdetails>
		<speakertype>Speaker</speakertype>
		<speakerbio><![CDATA[Philip currently works as the Senior Director of Product at Untether AI, where he is responsible for outbound marketing, software product management, and business operations. Prior to joining Untether AI, Philip worked at Arm in different positions. Philip served as the Director of Ecosystem and Developer Relations, Machine Learning, where he managed the ecosystem and developer relations team and led the Arm AI Partner Program. He completed his Master of Business Administration (MBA) with a specialization in Management and Entrepreneurial Studies.]]></speakerbio>
		<speakertitle><![CDATA[Sr Product Director]]></speakertitle>
		<dayoftheweek><![CDATA[Wednesday]]></dayoftheweek>
		<speakerimageurl><![CDATA[]]></speakerimageurl>
		<speakerhierarchy></speakerhierarchy>
		<publish>a0q5f0000044zmaAAA</publish>
	</speaker>
	<speaker>
		<id>a15VV000000aP9Z</id>
		<sessionname><![CDATA[Keynote 2: Synopsys]]></sessionname>
		<sessionid>a13VV000002p0qd</sessionid>
		<name><![CDATA[Abhijeet Chakraborty]]></name>
		<account><![CDATA[Synopsys]]></account>
		<contact><![CDATA[Modirzadeh, Soheil]]></contact>
		<contactid>0035f00000OAMBI</contactid>
		<date>2024-02-07</date>
		<time><![CDATA[10:50]]></time>
		<datetime>2024-02-07T18:50:00.000Z</datetime>
		<track><![CDATA[]]></track>
		<tracknum></tracknum>
		<sessionnum>K-2</sessionnum>
		<starttime><![CDATA[]]></starttime>
		<roomnum></roomnum>
		<room><![CDATA[GAB J (Great America Ballroom J)]]></room>
		<speakerdetails><![CDATA[]]></speakerdetails>
		<speakertype>Keynote Speaker</speakertype>
		<speakerbio><![CDATA[Abhijeet Chakraborty is VP Engineering at Synopsys, where he is responsible for the EDA technology roadmap, driving 3D heterogeneous integration in government programs, and cloud solutions. He has also held senior engineering R&D leadership roles at the highly regarded startups Magma Design Automation and Monterey Design Systems. He has been active in promoting multi-die systems through his work with the MITRE Engenuity task force. He has participated in many conferences, including DAC and ECTC, and holds several patents. He earned an MSEE from the University of Texas at Austin.]]></speakerbio>
		<speakertitle><![CDATA[Fellow]]></speakertitle>
		<dayoftheweek><![CDATA[Wednesday]]></dayoftheweek>
		<speakerimageurl><![CDATA[https://realintelligence.com/customers/expos/00D5f000000Kf85/images/Abhijeet.png]]></speakerimageurl>
		<speakerhierarchy></speakerhierarchy>
		<publish>a0q5f0000044zmaAAA</publish>
	</speaker>
	<speaker>
		<id>a15VV000000ioIr</id>
		<sessionname><![CDATA[Special Presentation 2: Silicon Catalyst]]></sessionname>
		<sessionid>a13VV000002p0qe</sessionid>
		<name><![CDATA[Nick Kepler]]></name>
		<account><![CDATA[Silicon Catalyst]]></account>
		<contact><![CDATA[Kepler, Nick]]></contact>
		<contactid>0035f00000Bd7nu</contactid>
		<date>2024-02-07</date>
		<time><![CDATA[11:20]]></time>
		<datetime>2024-02-07T19:20:00.000Z</datetime>
		<track><![CDATA[]]></track>
		<tracknum></tracknum>
		<sessionnum>SP-2</sessionnum>
		<starttime><![CDATA[]]></starttime>
		<roomnum></roomnum>
		<room><![CDATA[GAB J (Great America Ballroom J)]]></room>
		<speakerdetails><![CDATA[]]></speakerdetails>
		<speakertype>Presenter</speakertype>
		<speakerbio><![CDATA[Nick Kepler has over 30 years of experience in the semiconductor industry, with varied leadership and technology management roles including semiconductor process technology development and manufacturing, design enablement, technical program management, and customer-facing marketing and technical sales. Prior to Silicon Catalyst, Nick was VP of Products for SuVolta, a startup developing semiconductor technology IP. Prior to SuVolta, Nick was VP of Corporate Program Management and previously VP of Design Enablement at GLOBALFOUNDRIES. Nick spent 23 years at AMD in a variety of management and technical roles concluding with VP, Advanced CMOS Process Technology Development. Nick has BS and MS degrees in EECS from the University of California at Berkeley.]]></speakerbio>
		<speakertitle><![CDATA[]]></speakertitle>
		<dayoftheweek><![CDATA[Wednesday]]></dayoftheweek>
		<speakerimageurl><![CDATA[http://realintelligence.com/customers/expos/linkedin/1517682606173.jpeg]]></speakerimageurl>
		<speakerhierarchy></speakerhierarchy>
		<publish>a0q5f0000044zmaAAA</publish>
	</speaker>
	<speaker>
		<id>a15VV000000aP6L</id>
		<sessionname><![CDATA[Keynote 1: Applied Materials]]></sessionname>
		<sessionid>a13VV000002p0qb</sessionid>
		<name><![CDATA[Subi Kengeri]]></name>
		<account><![CDATA[Applied Materials]]></account>
		<contact><![CDATA[Kengeri, Subi]]></contact>
		<contactid>0035f00000h8TWv</contactid>
		<date>2024-02-07</date>
		<time><![CDATA[10:10]]></time>
		<datetime>2024-02-07T18:10:00.000Z</datetime>
		<track><![CDATA[]]></track>
		<tracknum></tracknum>
		<sessionnum>K-1</sessionnum>
		<starttime><![CDATA[]]></starttime>
		<roomnum></roomnum>
		<room><![CDATA[GAB J (Great America Ballroom J)]]></room>
		<speakerdetails><![CDATA[]]></speakerdetails>
		<speakertype>Keynote Speaker</speakertype>
		<speakerbio><![CDATA[Subi Kengeri is VP AI System Solutions at Applied Materials, where he leads the development of next generation products. He was previously CTO/VP World-Wide Client Solutions at GlobalFoundries and Sr Director/Head TSMC North America Design Center. He holds 47 patents and has given over 100 invited talks and press interviews. He earned an MSEE equivalent at IIT Delhi.]]></speakerbio>
		<speakertitle><![CDATA[]]></speakertitle>
		<dayoftheweek><![CDATA[Wednesday]]></dayoftheweek>
		<speakerimageurl><![CDATA[https://realintelligence.com/customers/expos/linkedin/1571152199669.jpeg]]></speakerimageurl>
		<speakerhierarchy></speakerhierarchy>
		<publish>a0q5f0000044zmaAAA</publish>
	</speaker>
	<speaker>
		<id>a15VV000000cPwf</id>
		<sessionname><![CDATA[C-103: Best Way to Optimize Chiplets (Panel)]]></sessionname>
		<sessionid>a13VV000002p0qp</sessionid>
		<name><![CDATA[Philip Lewer]]></name>
		<account><![CDATA[Untether AI]]></account>
		<contact><![CDATA[Lewer, Philip]]></contact>
		<contactid>003VV000003ZRJn</contactid>
		<date>2024-02-07</date>
		<time><![CDATA[4:30]]></time>
		<datetime>2024-02-08T00:32:00.000Z</datetime>
		<track><![CDATA[]]></track>
		<tracknum></tracknum>
		<sessionnum>C-103</sessionnum>
		<starttime><![CDATA[]]></starttime>
		<roomnum></roomnum>
		<room><![CDATA[GAMR 3 (Great America Meeting Room 3)]]></room>
		<speakerdetails><![CDATA[]]></speakerdetails>
		<speakertype>Panelist</speakertype>
		<speakerbio><![CDATA[]]></speakerbio>
		<speakertitle><![CDATA[Sr Product Director]]></speakertitle>
		<dayoftheweek><![CDATA[Wednesday]]></dayoftheweek>
		<speakerimageurl><![CDATA[]]></speakerimageurl>
		<speakerhierarchy></speakerhierarchy>
		<publish>a0q5f0000044zmaAAA</publish>
	</speaker>
	<speaker>
		<id>a15VV000000a9GJ</id>
		<sessionname><![CDATA[C-101: Chiplets Drive Top Leading-Edge Designs]]></sessionname>
		<sessionid>a13VV000002p0qk</sessionid>
		<name><![CDATA[Arvind Kumar]]></name>
		<account><![CDATA[IBM]]></account>
		<contact><![CDATA[Kumar, Arvind]]></contact>
		<contactid>0035f00000h6eYC</contactid>
		<date>2024-02-07</date>
		<time><![CDATA[2:00]]></time>
		<datetime>2024-02-07T22:02:00.000Z</datetime>
		<track><![CDATA[]]></track>
		<tracknum></tracknum>
		<sessionnum>C-101</sessionnum>
		<starttime><![CDATA[]]></starttime>
		<roomnum></roomnum>
		<room><![CDATA[GAMR 3 (Great America Meeting Room 3)]]></room>
		<speakerdetails><![CDATA[]]></speakerdetails>
		<speakertype>Organizer + Moderator</speakertype>
		<speakerbio><![CDATA[Arvind Kumar is a manager of AI Hardware Technologies at the IBM Thomas J. Watson Research Center. His research focuses on the requirements of AI systems and the heterogeneous integration innovations to accelerate them. He has presented several invited talks and served as a panelist and short-course instructor in this area at major conferences. He holds 30 patents and is an IBM Master Inventor. He has published articles in such journals as ACM Journal on Emerging Technologies in Computing Systems and Solid State Physics. He earned a PhD in Electrical Engineering and Computer Science from MIT.]]></speakerbio>
		<speakertitle><![CDATA[Principal Research Staff Member]]></speakertitle>
		<dayoftheweek><![CDATA[Wednesday]]></dayoftheweek>
		<speakerimageurl><![CDATA[]]></speakerimageurl>
		<speakerhierarchy></speakerhierarchy>
		<publish>a0q5f0000044zmaAAA</publish>
	</speaker>
	<speaker>
		<id>a15VV000000jpXp</id>
		<sessionname><![CDATA[C-101: Chiplets Drive Top Leading-Edge Designs]]></sessionname>
		<sessionid>a13VV000002p0qk</sessionid>
		<name><![CDATA[Anu Ramamurthy]]></name>
		<account><![CDATA[Microchip]]></account>
		<contact><![CDATA[Ramamurthy, Anu]]></contact>
		<contactid>0035f00000h6jAk</contactid>
		<date>2024-02-07</date>
		<time><![CDATA[2:00]]></time>
		<datetime>2024-02-07T22:02:00.000Z</datetime>
		<track><![CDATA[]]></track>
		<tracknum></tracknum>
		<sessionnum>C-101</sessionnum>
		<starttime><![CDATA[]]></starttime>
		<roomnum></roomnum>
		<room><![CDATA[GAMR 3 (Great America Meeting Room 3)]]></room>
		<speakerdetails><![CDATA[]]></speakerdetails>
		<speakertype>Panelist</speakertype>
		<speakerbio><![CDATA[]]></speakerbio>
		<speakertitle><![CDATA[Associate Technical Fellow]]></speakertitle>
		<dayoftheweek><![CDATA[Wednesday]]></dayoftheweek>
		<speakerimageurl><![CDATA[]]></speakerimageurl>
		<speakerhierarchy></speakerhierarchy>
		<publish>a0q5f0000044zmaAAA</publish>
	</speaker>
	<speaker>
		<id>a15VV000000aPHd</id>
		<sessionname><![CDATA[Special Presentation 1: UCIe Consortium]]></sessionname>
		<sessionid>a13VV000002p0qc</sessionid>
		<name><![CDATA[Brian Rea]]></name>
		<account><![CDATA[UCIe Consortium]]></account>
		<contact><![CDATA[Rea, Brian]]></contact>
		<contactid>0035f00000kYRHi</contactid>
		<date>2024-02-07</date>
		<time><![CDATA[10:40]]></time>
		<datetime>2024-02-07T18:40:00.000Z</datetime>
		<track><![CDATA[]]></track>
		<tracknum></tracknum>
		<sessionnum>SP-1</sessionnum>
		<starttime><![CDATA[]]></starttime>
		<roomnum></roomnum>
		<room><![CDATA[GAB J (Great America Ballroom J)]]></room>
		<speakerdetails><![CDATA[]]></speakerdetails>
		<speakertype>Speaker</speakertype>
		<speakerbio><![CDATA[Brian Rea is a senior technologist in the industry initiative and technology enabling team at Intel and is the Marketing Working Group Co-Chair for the UCIe Consortium. Brian has held engineering, marketing, and strategic planning roles bringing products with new technologies to market including USB, Gigabit Ethernet, PCIe, and CXL. His passion is working with customers and partners to enable ecosystem innovations in silicon, hardware, and software. Brian holds an MBA from the University of Washington and a BSEE from the University of Texas at Austin.]]></speakerbio>
		<speakertitle><![CDATA[]]></speakertitle>
		<dayoftheweek><![CDATA[Wednesday]]></dayoftheweek>
		<speakerimageurl><![CDATA[https://realintelligence.com/customers/expos/00D5f000000Kf85/images/brian-rae.png]]></speakerimageurl>
		<speakerhierarchy></speakerhierarchy>
		<publish>a0q5f0000044zmaAAA</publish>
	</speaker>
	<speaker>
		<id>a15VV000000ffvF</id>
		<sessionname><![CDATA[C-103: Best Way to Optimize Chiplets (Panel)]]></sessionname>
		<sessionid>a13VV000002p0qp</sessionid>
		<name><![CDATA[Mick Posner]]></name>
		<account><![CDATA[Synopsys]]></account>
		<contact><![CDATA[Posner, Mick]]></contact>
		<contactid>0035f00000w9Zxk</contactid>
		<date>2024-02-07</date>
		<time><![CDATA[4:30]]></time>
		<datetime>2024-02-08T00:32:00.000Z</datetime>
		<track><![CDATA[]]></track>
		<tracknum></tracknum>
		<sessionnum>C-103</sessionnum>
		<starttime><![CDATA[]]></starttime>
		<roomnum></roomnum>
		<room><![CDATA[GAMR 3 (Great America Meeting Room 3)]]></room>
		<speakerdetails><![CDATA[]]></speakerdetails>
		<speakertype>Panelist</speakertype>
		<speakerbio><![CDATA[]]></speakerbio>
		<speakertitle><![CDATA[VP HPC Interfaces]]></speakertitle>
		<dayoftheweek><![CDATA[Wednesday]]></dayoftheweek>
		<speakerimageurl><![CDATA[]]></speakerimageurl>
		<speakerhierarchy></speakerhierarchy>
		<publish>a0q5f0000044zmaAAA</publish>
	</speaker>
	<speaker>
		<id>a15VV000000juqr</id>
		<sessionname><![CDATA[D-103: Annual Update on Chiplet Design - Key Challenges and How to Meet Them]]></sessionname>
		<sessionid>a13VV000002p0qv</sessionid>
		<name><![CDATA[Stephen Wong]]></name>
		<account><![CDATA[Intel]]></account>
		<contact><![CDATA[Wong, Stephen]]></contact>
		<contactid>0035f00001161Uz</contactid>
		<date>2024-02-07</date>
		<time><![CDATA[4:30]]></time>
		<datetime>2024-02-08T00:33:00.000Z</datetime>
		<track><![CDATA[]]></track>
		<tracknum></tracknum>
		<sessionnum>D-103</sessionnum>
		<starttime><![CDATA[]]></starttime>
		<roomnum></roomnum>
		<room><![CDATA[GAB K (Great America Ballroom K)]]></room>
		<speakerdetails><![CDATA[]]></speakerdetails>
		<speakertype>Panelist</speakertype>
		<speakerbio><![CDATA[Joshua Rubin is a Sr Engineer at IBM, where he has been technical lead on projects dealing with wafer scale 3D integration, system performance analysis for novel technical elements, heterogeneous integration, and AI hardware design. An IBM Master Inventor, he holds over 75 patents in transistor design and integration, power distribution, 3D integration, packaging, and memory devices. He earned a PhD in electrical engineering at Cornell University. He has also published several technical articles and presented at several conferences including the Electronic Components and Technology Conference (ECTC).]]></speakerbio>
		<speakertitle><![CDATA[]]></speakertitle>
		<dayoftheweek><![CDATA[Wednesday]]></dayoftheweek>
		<speakerimageurl><![CDATA[]]></speakerimageurl>
		<speakerhierarchy></speakerhierarchy>
		<publish>a0q5f0000044zmaAAA</publish>
	</speaker>
	<speaker>
		<id>a15VV000000a9GR</id>
		<sessionname><![CDATA[D-101: Annual Update on Packaging]]></sessionname>
		<sessionid>a13VV000002p0ql</sessionid>
		<name><![CDATA[Nathan Brookwood]]></name>
		<account><![CDATA[Insight 64]]></account>
		<contact><![CDATA[Brookwood, Nathan]]></contact>
		<contactid>0035f00000w9Z3e</contactid>
		<date>2024-02-07</date>
		<time><![CDATA[2:00]]></time>
		<datetime>2024-02-07T22:03:00.000Z</datetime>
		<track><![CDATA[]]></track>
		<tracknum></tracknum>
		<sessionnum>D-101</sessionnum>
		<starttime><![CDATA[]]></starttime>
		<roomnum></roomnum>
		<room><![CDATA[GAB J (Great America Ballroom J)]]></room>
		<speakerdetails><![CDATA[]]></speakerdetails>
		<speakertype>Moderator</speakertype>
		<speakerbio><![CDATA[Nathan Brookwood is Research Fellow at Insight 64, a semiconductor consulting firm. He has focused recently on microprocessors used in computational applications. His views on the microprocessor market often find their way into articles in mainstream media, business media, and the trade press. He has worked for and with suppliers of mainframes, minicomputers, personal computers, and semiconductors, and he has analyzed and commented on the industry for D.H. Brown Associates and Dataquest. He is a graduate of MIT.]]></speakerbio>
		<speakertitle><![CDATA[]]></speakertitle>
		<dayoftheweek><![CDATA[Wednesday]]></dayoftheweek>
		<speakerimageurl><![CDATA[]]></speakerimageurl>
		<speakerhierarchy></speakerhierarchy>
		<publish>a0q5f0000044zmaAAA</publish>
	</speaker>
	<speaker>
		<id>a155f00000CbBlI</id>
		<sessionname><![CDATA[Chiplets: Where We Are Today]]></sessionname>
		<sessionid>a13VV000002ym2I</sessionid>
		<name><![CDATA[Jawad Nasrullah]]></name>
		<account><![CDATA[Palo Alto Electron]]></account>
		<contact><![CDATA[Nasrullah, Jawad]]></contact>
		<contactid>0035f00000h6w2s</contactid>
		<date>2024-02-07</date>
		<time><![CDATA[9:00]]></time>
		<datetime>2024-02-07T17:00:00.000Z</datetime>
		<track><![CDATA[]]></track>
		<tracknum></tracknum>
		<sessionnum>PLEN</sessionnum>
		<starttime><![CDATA[]]></starttime>
		<roomnum></roomnum>
		<room><![CDATA[GAB J (Great America Ballroom J)]]></room>
		<speakerdetails><![CDATA[]]></speakerdetails>
		<speakertype>Speaker</speakertype>
		<speakerbio><![CDATA[Jawad Nasrullah is CEO of Palo Alto Electron, a startup focused on doing research on heterogeneous integrated circuits and developing 3D-ICs for performance computing. He was previously President, CTO, and Co-Founder of ZGlue, the creator of a platform for developing chiplets as well as a marketplace for distributing them. Before co-founding ZGlue, he was an engineer at Samsung Electronics, Intel, and Sun Microsystems. He earned a PhD in EE at Stanford, has 6 publications, and holds 14 patents.]]></speakerbio>
		<speakertitle><![CDATA[CEO]]></speakertitle>
		<dayoftheweek><![CDATA[Wednesday]]></dayoftheweek>
		<speakerimageurl><![CDATA[]]></speakerimageurl>
		<speakerhierarchy></speakerhierarchy>
		<publish>a0q5f0000044zmaAAA</publish>
	</speaker>
	<speaker>
		<id>a15VV000000cOJ4</id>
		<sessionname><![CDATA[C-103: Best Way to Optimize Chiplets (Panel)]]></sessionname>
		<sessionid>a13VV000002p0qp</sessionid>
		<name><![CDATA[Shahab Ardalan]]></name>
		<account><![CDATA[Enosemi]]></account>
		<contact><![CDATA[Ardalan, Shahab]]></contact>
		<contactid>0035f00001znqet</contactid>
		<date>2024-02-07</date>
		<time><![CDATA[4:30]]></time>
		<datetime>2024-02-08T00:32:00.000Z</datetime>
		<track><![CDATA[]]></track>
		<tracknum></tracknum>
		<sessionnum>C-103</sessionnum>
		<starttime><![CDATA[]]></starttime>
		<roomnum></roomnum>
		<room><![CDATA[GAMR 3 (Great America Meeting Room 3)]]></room>
		<speakerdetails><![CDATA[]]></speakerdetails>
		<speakertype>Panelist</speakertype>
		<speakerbio><![CDATA[]]></speakerbio>
		<speakertitle><![CDATA[VP Engineering]]></speakertitle>
		<dayoftheweek><![CDATA[Wednesday]]></dayoftheweek>
		<speakerimageurl><![CDATA[]]></speakerimageurl>
		<speakerhierarchy></speakerhierarchy>
		<publish>a0q5f0000044zmaAAA</publish>
	</speaker>
	<speaker>
		<id>a155f00000BMr3F</id>
		<sessionname><![CDATA[A-102: Design - 1]]></sessionname>
		<sessionid>a13VV000002p0qn</sessionid>
		<name><![CDATA[Lang Lin]]></name>
		<account><![CDATA[Ansys]]></account>
		<contact><![CDATA[Lin, Lang]]></contact>
		<contactid>0035f00001Aj5Zn</contactid>
		<date>2024-02-07</date>
		<time><![CDATA[3:15]]></time>
		<datetime>2024-02-07T23:15:00.000Z</datetime>
		<track><![CDATA[]]></track>
		<tracknum></tracknum>
		<sessionnum>A-102</sessionnum>
		<starttime><![CDATA[]]></starttime>
		<roomnum></roomnum>
		<room><![CDATA[GAMR 1 (Great America Meeting Room 1)]]></room>
		<speakerdetails><![CDATA[]]></speakerdetails>
		<speakertype>Speaker</speakertype>
		<speakerbio><![CDATA[Lang Lin is a principal product manager at Ansys, where he works on multiphysics simulation tools for power integrity, thermal integrity, and IC security verification. Before joining Ansys, he was a senior hardware engineer at Intel leading the silicon-correlated modeling methodology of a server chip power grid network. He has authored over 20 technical publications and holds four patents. He has presented at many EDA and security conferences such as DesignCon, Design Automation Conference (DAC), and the International Symposium on Hardware Oriented Security and Trust (HOST). He earned a PhD in electrical and computer engineering from University of Massachusetts (Amherst).]]></speakerbio>
		<speakertitle><![CDATA[Principal Engineer]]></speakertitle>
		<dayoftheweek><![CDATA[Wednesday]]></dayoftheweek>
		<speakerimageurl><![CDATA[]]></speakerimageurl>
		<speakerhierarchy></speakerhierarchy>
		<publish>a0q5f0000044zmaAAA</publish>
	</speaker>
	<speaker>
		<id>a15VV000000jpSz</id>
		<sessionname><![CDATA[C-101: Chiplets Drive Top Leading-Edge Designs]]></sessionname>
		<sessionid>a13VV000002p0qk</sessionid>
		<name><![CDATA[Denis Dutoit]]></name>
		<account><![CDATA[CEA-List]]></account>
		<contact><![CDATA[Dutoit, Denis]]></contact>
		<contactid>0035f00000h8XuA</contactid>
		<date>2024-02-07</date>
		<time><![CDATA[2:00]]></time>
		<datetime>2024-02-07T22:02:00.000Z</datetime>
		<track><![CDATA[]]></track>
		<tracknum></tracknum>
		<sessionnum>C-101</sessionnum>
		<starttime><![CDATA[]]></starttime>
		<roomnum></roomnum>
		<room><![CDATA[GAMR 3 (Great America Meeting Room 3)]]></room>
		<speakerdetails><![CDATA[]]></speakerdetails>
		<speakertype>Panelist</speakertype>
		<speakerbio><![CDATA[]]></speakerbio>
		<speakertitle><![CDATA[Program Manager]]></speakertitle>
		<dayoftheweek><![CDATA[Wednesday]]></dayoftheweek>
		<speakerimageurl><![CDATA[]]></speakerimageurl>
		<speakerhierarchy></speakerhierarchy>
		<publish>a0q5f0000044zmaAAA</publish>
	</speaker>
	<speaker>
		<id>a15VV000000mW8r</id>
		<sessionname><![CDATA[C-102: Next Great Breakthrough in Chiplets (Panel)]]></sessionname>
		<sessionid>a13VV000002p0qu</sessionid>
		<name><![CDATA[Mark Knight]]></name>
		<account><![CDATA[Arm]]></account>
		<contact><![CDATA[Knight, Mark]]></contact>
		<contactid>003VV0000031Xpq</contactid>
		<date>2024-02-07</date>
		<time><![CDATA[3:15]]></time>
		<datetime>2024-02-07T23:17:00.000Z</datetime>
		<track><![CDATA[]]></track>
		<tracknum></tracknum>
		<sessionnum>C-102</sessionnum>
		<starttime><![CDATA[]]></starttime>
		<roomnum></roomnum>
		<room><![CDATA[GAMR 3 (Great America Meeting Room 3)]]></room>
		<speakerdetails><![CDATA[]]></speakerdetails>
		<speakertype>Panelist</speakertype>
		<speakerbio><![CDATA[]]></speakerbio>
		<speakertitle><![CDATA[Director Product Management]]></speakertitle>
		<dayoftheweek><![CDATA[Wednesday]]></dayoftheweek>
		<speakerimageurl><![CDATA[]]></speakerimageurl>
		<speakerhierarchy></speakerhierarchy>
		<publish>a0q5f0000044zmaAAA</publish>
	</speaker>
	<speaker>
		<id>a15VV000000a9GB</id>
		<sessionname><![CDATA[B-101: Interfaces - 1]]></sessionname>
		<sessionid>a13VV000002p0qj</sessionid>
		<name><![CDATA[Dharmesh Jani]]></name>
		<account><![CDATA[Meta]]></account>
		<contact><![CDATA[Jani, Dharmesh]]></contact>
		<contactid>0035f00000BdFAj</contactid>
		<date>2024-02-07</date>
		<time><![CDATA[2:00]]></time>
		<datetime>2024-02-07T22:01:00.000Z</datetime>
		<track><![CDATA[]]></track>
		<tracknum></tracknum>
		<sessionnum>B-101</sessionnum>
		<starttime><![CDATA[]]></starttime>
		<roomnum></roomnum>
		<room><![CDATA[GAMR 2 (Great America Meeting Room 2)]]></room>
		<speakerdetails><![CDATA[]]></speakerdetails>
		<speakertype>Moderator</speakertype>
		<speakerbio><![CDATA[Dharmesh Jani is Infrastructure Ecosystem/Partnership Lead at Meta, where he drives strategic technology engagement with the industry and the open source community. He is co-chair of the Incubation Committee at Open Compute Project, driving the organization’s vision for the data center. He is also a member of the board of directors of the Universal Chiplet Interface Express (UCIe) Consortium which is developing a die-to-die interface for chiplets. He has presented at many conferences, including OCP Summit and Chiplet Summit. Before joining Meta, he was a VP at Flex, where he drove technology innovation. He earned an MSEE at UCLA.]]></speakerbio>
		<speakertitle><![CDATA[Open Source Ecosystem Leader]]></speakertitle>
		<dayoftheweek><![CDATA[Wednesday]]></dayoftheweek>
		<speakerimageurl><![CDATA[]]></speakerimageurl>
		<speakerhierarchy></speakerhierarchy>
		<publish>a0q5f0000044zmaAAA</publish>
	</speaker>
	<speaker>
		<id>a155f00000AHQSu</id>
		<sessionname><![CDATA[A-101: Security - 1]]></sessionname>
		<sessionid>a13VV000002p0qi</sessionid>
		<name><![CDATA[Dana Neustadter]]></name>
		<account><![CDATA[Synopsys]]></account>
		<contact><![CDATA[Neustadter, Dana]]></contact>
		<contactid>0035f00000BdFHj</contactid>
		<date>2024-02-07</date>
		<time><![CDATA[2:00]]></time>
		<datetime>2024-02-07T22:00:00.000Z</datetime>
		<track><![CDATA[]]></track>
		<tracknum></tracknum>
		<sessionnum>A-101</sessionnum>
		<starttime><![CDATA[]]></starttime>
		<roomnum></roomnum>
		<room><![CDATA[GAMR 1 (Great America Meeting Room 1)]]></room>
		<speakerdetails><![CDATA[]]></speakerdetails>
		<speakertype>Speaker</speakertype>
		<speakerbio><![CDATA[Dana Neustadter is Director Product Management for Synopsys' security solutions, where she works on problems ranging from automotive applications through interface IP and on up to quantum computing cyberattacks. She has long experience in the security, IP, semiconductor, and EDA industries with an emphasis on strategy development and marketing for security IP. She is an active blogger on security-related subjects on the Synopsys website. She has also given presentations at D&R IP-SoC Days and has written articles for SemiWiki and Semiconductor Engineering. Dana earned an MSEE from the Technical University Cluj-Napoca (Romania).]]></speakerbio>
		<speakertitle><![CDATA[Product Management Director]]></speakertitle>
		<dayoftheweek><![CDATA[Wednesday]]></dayoftheweek>
		<speakerimageurl><![CDATA[]]></speakerimageurl>
		<speakerhierarchy></speakerhierarchy>
		<publish>a0q5f0000044zmaAAA</publish>
	</speaker>
	<speaker>
		<id>a15VV000000juxJ</id>
		<sessionname><![CDATA[D-103: Annual Update on Chiplet Design - Key Challenges and How to Meet Them]]></sessionname>
		<sessionid>a13VV000002p0qv</sessionid>
		<name><![CDATA[Letizia Giuliano]]></name>
		<account><![CDATA[Alphawave Semi]]></account>
		<contact><![CDATA[Giuliano, Letizia]]></contact>
		<contactid>0035f00000h6w20</contactid>
		<date>2024-02-07</date>
		<time><![CDATA[4:30]]></time>
		<datetime>2024-02-08T00:33:00.000Z</datetime>
		<track><![CDATA[]]></track>
		<tracknum></tracknum>
		<sessionnum>D-103</sessionnum>
		<starttime><![CDATA[]]></starttime>
		<roomnum></roomnum>
		<room><![CDATA[GAB K (Great America Ballroom K)]]></room>
		<speakerdetails><![CDATA[]]></speakerdetails>
		<speakertype>Panelist</speakertype>
		<speakerbio><![CDATA[Joshua Rubin is a Sr Engineer at IBM, where he has been technical lead on projects dealing with wafer scale 3D integration, system performance analysis for novel technical elements, heterogeneous integration, and AI hardware design. An IBM Master Inventor, he holds over 75 patents in transistor design and integration, power distribution, 3D integration, packaging, and memory devices. He earned a PhD in electrical engineering at Cornell University. He has also published several technical articles and presented at several conferences including the Electronic Components and Technology Conference (ECTC).]]></speakerbio>
		<speakertitle><![CDATA[VP IP Product Marketing/Management]]></speakertitle>
		<dayoftheweek><![CDATA[Wednesday]]></dayoftheweek>
		<speakerimageurl><![CDATA[]]></speakerimageurl>
		<speakerhierarchy></speakerhierarchy>
		<publish>a0q5f0000044zmaAAA</publish>
	</speaker>
	<speaker>
		<id>a15VV000000xH6T</id>
		<sessionname><![CDATA[C-101: Chiplets Drive Top Leading-Edge Designs]]></sessionname>
		<sessionid>a13VV000002p0qk</sessionid>
		<name><![CDATA[Jinho An]]></name>
		<account><![CDATA[Applied Materials]]></account>
		<contact><![CDATA[An, Jinho]]></contact>
		<contactid>003VV000003hhhW</contactid>
		<date>2024-02-07</date>
		<time><![CDATA[2:00]]></time>
		<datetime>2024-02-07T22:02:00.000Z</datetime>
		<track><![CDATA[]]></track>
		<tracknum></tracknum>
		<sessionnum>C-101</sessionnum>
		<starttime><![CDATA[]]></starttime>
		<roomnum></roomnum>
		<room><![CDATA[GAMR 3 (Great America Meeting Room 3)]]></room>
		<speakerdetails><![CDATA[]]></speakerdetails>
		<speakertype>Panelist</speakertype>
		<speakerbio><![CDATA[]]></speakerbio>
		<speakertitle><![CDATA[]]></speakertitle>
		<dayoftheweek><![CDATA[Wednesday]]></dayoftheweek>
		<speakerimageurl><![CDATA[]]></speakerimageurl>
		<speakerhierarchy></speakerhierarchy>
		<publish>a0q5f0000044zmaAAA</publish>
	</speaker>
	<speaker>
		<id>a15VV000000Q8GU</id>
		<sessionname><![CDATA[B-101: Interfaces - 1]]></sessionname>
		<sessionid>a13VV000002p0qj</sessionid>
		<name><![CDATA[Hee-Soo Lee]]></name>
		<account><![CDATA[Keysight Technologies]]></account>
		<contact><![CDATA[Lee, Hee-Soo]]></contact>
		<contactid>003VV000001quiH</contactid>
		<date>2024-02-07</date>
		<time><![CDATA[2:00]]></time>
		<datetime>2024-02-07T22:01:00.000Z</datetime>
		<track><![CDATA[]]></track>
		<tracknum></tracknum>
		<sessionnum>B-101</sessionnum>
		<starttime><![CDATA[]]></starttime>
		<roomnum></roomnum>
		<room><![CDATA[GAMR 2 (Great America Meeting Room 2)]]></room>
		<speakerdetails><![CDATA[]]></speakerdetails>
		<speakertype>Speaker</speakertype>
		<speakerbio><![CDATA[Hee-Soo Lee is the High-Speed Design Lead at Keysight, where he works on electromagnetic and circuit simulations. He also covers DDR/SerDes products. He has 15 years experience with simulation models of high-speed circuits. He earned a BSEE from Korea Aerospace University, has written articles for Signal Integrity Journal, and has presented at webinars and at conferences including DesignCon.]]></speakerbio>
		<speakertitle><![CDATA[High-Speed Design Lead]]></speakertitle>
		<dayoftheweek><![CDATA[Wednesday]]></dayoftheweek>
		<speakerimageurl><![CDATA[]]></speakerimageurl>
		<speakerhierarchy></speakerhierarchy>
		<publish>a0q5f0000044zmaAAA</publish>
	</speaker>
	<speaker>
		<id>a15VV000000a9GD</id>
		<sessionname><![CDATA[B-103: Interfaces - 2]]></sessionname>
		<sessionid>a13VV000002p0qt</sessionid>
		<name><![CDATA[Nick Ilyadis]]></name>
		<account><![CDATA[Achronix]]></account>
		<contact><![CDATA[Ilyadis, Nick]]></contact>
		<contactid>0035f00000h8XqL</contactid>
		<date>2024-02-07</date>
		<time><![CDATA[4:30]]></time>
		<datetime>2024-02-08T00:31:00.000Z</datetime>
		<track><![CDATA[]]></track>
		<tracknum></tracknum>
		<sessionnum>B-103</sessionnum>
		<starttime><![CDATA[]]></starttime>
		<roomnum></roomnum>
		<room><![CDATA[GAMR 2 (Great America Meeting Room 2)]]></room>
		<speakerdetails><![CDATA[]]></speakerdetails>
		<speakertype>Moderator</speakertype>
		<speakerbio><![CDATA[Nick Ilyadis is VP Product Planning at Achronix, a leading maker of high-performance FPGAs. He works on next generation FPGA solutions for products and customers in networking, 5G, data center, and automotive applications. A long-time technical leader in the networking area, he previously worked at Marvell, Broadcom, Nortel, and DEC. A prolific inventor with 75 patents, he has written many articles and whitepapers and has presented at such conferences as the IEEE SuperComputer, Chiplet Summit, and SmartNICs Summit. He earned an MSEE in VLSI engineering from the University of New Hampshire.]]></speakerbio>
		<speakertitle><![CDATA[VP Product Planning]]></speakertitle>
		<dayoftheweek><![CDATA[Wednesday]]></dayoftheweek>
		<speakerimageurl><![CDATA[]]></speakerimageurl>
		<speakerhierarchy></speakerhierarchy>
		<publish>a0q5f0000044zmaAAA</publish>
	</speaker>
	<speaker>
		<id>a15VV000000BYBF</id>
		<sessionname><![CDATA[A-102: Design - 1]]></sessionname>
		<sessionid>a13VV000002p0qn</sessionid>
		<name><![CDATA[Trey Roessig]]></name>
		<account><![CDATA[Empower Semiconductor]]></account>
		<contact><![CDATA[Roessig, Trey]]></contact>
		<contactid>0035f00000OALzn</contactid>
		<date>2024-02-07</date>
		<time><![CDATA[3:15]]></time>
		<datetime>2024-02-07T23:15:00.000Z</datetime>
		<track><![CDATA[]]></track>
		<tracknum></tracknum>
		<sessionnum>A-102</sessionnum>
		<starttime><![CDATA[]]></starttime>
		<roomnum></roomnum>
		<room><![CDATA[GAMR 1 (Great America Meeting Room 1)]]></room>
		<speakerdetails><![CDATA[]]></speakerdetails>
		<speakertype>Speaker</speakertype>
		<speakerbio><![CDATA[Trey Roessig is CTO/Sr VP Engineering at Empower Semiconductor, a leading maker of integrated voltage regulators. He handles the companyâs product roadmap, technology advancement, and product development. Before joining Empower, he worked at Analog Devices, where he developed power conversion products and helped grow new businesses for the company. A leading figure in power conversion, he holds 27 patents and has written 5 publications. He also developed the worldâs first dual-LED flash driver. Trey earned a PhD in Mechanical Engineering / Control Systems from UC Berkeley.]]></speakerbio>
		<speakertitle><![CDATA[CTO and SVP Engineering]]></speakertitle>
		<dayoftheweek><![CDATA[Wednesday]]></dayoftheweek>
		<speakerimageurl><![CDATA[]]></speakerimageurl>
		<speakerhierarchy></speakerhierarchy>
		<publish>a0q5f0000044zmaAAA</publish>
	</speaker>
	<speaker>
		<id>a15VV000000Q46P</id>
		<sessionname><![CDATA[A-101: Security - 1]]></sessionname>
		<sessionid>a13VV000002p0qi</sessionid>
		<name><![CDATA[Lee Harrison]]></name>
		<account><![CDATA[Siemens Digital Industries Software]]></account>
		<contact><![CDATA[Harrison, Lee]]></contact>
		<contactid>0035f00001eAzzf</contactid>
		<date>2024-02-07</date>
		<time><![CDATA[2:00]]></time>
		<datetime>2024-02-07T22:00:00.000Z</datetime>
		<track><![CDATA[]]></track>
		<tracknum></tracknum>
		<sessionnum>A-101</sessionnum>
		<starttime><![CDATA[]]></starttime>
		<roomnum></roomnum>
		<room><![CDATA[GAMR 1 (Great America Meeting Room 1)]]></room>
		<speakerdetails><![CDATA[]]></speakerdetails>
		<speakertype>Speaker</speakertype>
		<speakerbio><![CDATA[Lee Harrison is Director Product Marketing at Siemens, where he works on safety and security products focused on the automotive industry. He has over 20 years experience with DFT products and has helped deliver high-quality DFT solutions. He has hosted the Security by Design podcast series discussing safety and security in the IC industry and has presented at industry conferences such as DAC, ITC, and DATE. He earned a BEng in MicroElectronic Engineering from Brunel University London.]]></speakerbio>
		<speakertitle><![CDATA[Marketing Director]]></speakertitle>
		<dayoftheweek><![CDATA[Wednesday]]></dayoftheweek>
		<speakerimageurl><![CDATA[]]></speakerimageurl>
		<speakerhierarchy></speakerhierarchy>
		<publish>a0q5f0000044zmaAAA</publish>
	</speaker>
	<speaker>
		<id>a155f00000AcGhN</id>
		<sessionname><![CDATA[A-102: Design - 1]]></sessionname>
		<sessionid>a13VV000002p0qn</sessionid>
		<name><![CDATA[Subramanian Lalgudi]]></name>
		<account><![CDATA[Siemens EDA]]></account>
		<contact><![CDATA[Lalgudi, Subramanian]]></contact>
		<contactid>0035f00000kYTi1</contactid>
		<date>2024-02-07</date>
		<time><![CDATA[3:15]]></time>
		<datetime>2024-02-07T23:15:00.000Z</datetime>
		<track><![CDATA[]]></track>
		<tracknum></tracknum>
		<sessionnum>A-102</sessionnum>
		<starttime><![CDATA[]]></starttime>
		<roomnum></roomnum>
		<room><![CDATA[GAMR 1 (Great America Meeting Room 1)]]></room>
		<speakerdetails><![CDATA[]]></speakerdetails>
		<speakertype>Speaker</speakertype>
		<speakerbio><![CDATA[Subramanian Lalgudi is a multi-physics solutions architect at Siemens EDA where he focuses on emerging areas such as 3-D ICs and power electronics. A leader in engineering simulations, he previously managed circuit simulation R&D at Ansys. He has presented at many conferences including the International Integrated Reliability Workshop and the Conference on Electrical Performance of Electronic Packaging (EPEPS) and has 11 publications including an article in IEEE Transactions on Components, Packaging, and Manufacturing Technology. He earned a PhD in electrical engineering from Georgia Institute of Technology. Co-Author Information: John Caka is a Signal Integrity Field Application Engineer at Siemens EDA. Before joining Siemens, he was a signal integrity engineer at Micron. John earned a BSEE from the University of Utah. Jawad Nasrullah is CEO of Palo Alto Electron, a startup focused on heterogeneous integrated circuits and 3D-ICs for performance computing. He was previously President, CTO, and Co-Founder of ZGlue, the creator of a platform for developing chiplets as well as a marketplace for distributing them. Before co-founding ZGlue, he was an engineer at Samsung Electronics, Intel, and Sun Microsystems. He earned a PhD in electrical engineering at Stanford, has 6 publications, and holds 14 patents.]]></speakerbio>
		<speakertitle><![CDATA[]]></speakertitle>
		<dayoftheweek><![CDATA[Wednesday]]></dayoftheweek>
		<speakerimageurl><![CDATA[]]></speakerimageurl>
		<speakerhierarchy></speakerhierarchy>
		<publish>a0q5f0000044zmaAAA</publish>
	</speaker>
	<speaker>
		<id>a15VV000000a9GL</id>
		<sessionname><![CDATA[C-102: Next Great Breakthrough in Chiplets (Panel)]]></sessionname>
		<sessionid>a13VV000002p0qu</sessionid>
		<name><![CDATA[Milind Weling]]></name>
		<account><![CDATA[EMD Electronics]]></account>
		<contact><![CDATA[Weling, Milind]]></contact>
		<contactid>0035f00000BdEV5</contactid>
		<date>2024-02-07</date>
		<time><![CDATA[3:15]]></time>
		<datetime>2024-02-07T23:17:00.000Z</datetime>
		<track><![CDATA[]]></track>
		<tracknum></tracknum>
		<sessionnum>C-102</sessionnum>
		<starttime><![CDATA[]]></starttime>
		<roomnum></roomnum>
		<room><![CDATA[GAMR 3 (Great America Meeting Room 3)]]></room>
		<speakerdetails><![CDATA[]]></speakerdetails>
		<speakertype>Moderator</speakertype>
		<speakerbio><![CDATA[Milind Weling is the Head of Neuromorphic Realization and co-founder of the Neuromorphic Computing incubator of EMD Electronics, a business of Merck KGaA Darmstadt Germany. Previously he led Customer Programs and Operations for Intermolecular, where he drove the discovery and optimization of new materials, integrated module solutions, and leading edge devices. Milind has extensive experience in advanced memory and logic technology development, DFM and design-process interactions, new product introduction, and foundry management. He previously held senior engineering and management positions at Cadence Design Systems, Sun Microsystems, Philips Semiconductors, and VLSI Technology. Milind earned an MSEE at the University of Hawaii. He holds 50+ patents and has co-authored over 70 technical papers, primarily focused on semiconductor process technology, device reliability, and integration.]]></speakerbio>
		<speakertitle><![CDATA[Head Neuromorphic Realization]]></speakertitle>
		<dayoftheweek><![CDATA[Wednesday]]></dayoftheweek>
		<speakerimageurl><![CDATA[]]></speakerimageurl>
		<speakerhierarchy></speakerhierarchy>
		<publish>a0q5f0000044zmaAAA</publish>
	</speaker>
	<speaker>
		<id>a15VV000000fftd</id>
		<sessionname><![CDATA[C-103: Best Way to Optimize Chiplets (Panel)]]></sessionname>
		<sessionid>a13VV000002p0qp</sessionid>
		<name><![CDATA[Elad Alon]]></name>
		<account><![CDATA[Blue Cheetah Analog Design]]></account>
		<contact><![CDATA[Alon, Elad]]></contact>
		<contactid>0035f00000h6j5G</contactid>
		<date>2024-02-07</date>
		<time><![CDATA[4:30]]></time>
		<datetime>2024-02-08T00:32:00.000Z</datetime>
		<track><![CDATA[]]></track>
		<tracknum></tracknum>
		<sessionnum>C-103</sessionnum>
		<starttime><![CDATA[]]></starttime>
		<roomnum></roomnum>
		<room><![CDATA[GAMR 3 (Great America Meeting Room 3)]]></room>
		<speakerdetails><![CDATA[]]></speakerdetails>
		<speakertype>Panelist</speakertype>
		<speakerbio><![CDATA[]]></speakerbio>
		<speakertitle><![CDATA[CEO]]></speakertitle>
		<dayoftheweek><![CDATA[Wednesday]]></dayoftheweek>
		<speakerimageurl><![CDATA[]]></speakerimageurl>
		<speakerhierarchy></speakerhierarchy>
		<publish>a0q5f0000044zmaAAA</publish>
	</speaker>
	<speaker>
		<id>a15VV000000cQO5</id>
		<sessionname><![CDATA[C-102: Next Great Breakthrough in Chiplets (Panel)]]></sessionname>
		<sessionid>a13VV000002p0qu</sessionid>
		<name><![CDATA[Nir Sever]]></name>
		<account><![CDATA[ProteanTecs]]></account>
		<contact><![CDATA[Sever, Nir]]></contact>
		<contactid>0035f00000pcYPH</contactid>
		<date>2024-02-07</date>
		<time><![CDATA[3:15]]></time>
		<datetime>2024-02-07T23:17:00.000Z</datetime>
		<track><![CDATA[]]></track>
		<tracknum></tracknum>
		<sessionnum>C-102</sessionnum>
		<starttime><![CDATA[]]></starttime>
		<roomnum></roomnum>
		<room><![CDATA[GAMR 3 (Great America Meeting Room 3)]]></room>
		<speakerdetails><![CDATA[]]></speakerdetails>
		<speakertype>Panelist</speakertype>
		<speakerbio><![CDATA[]]></speakerbio>
		<speakertitle><![CDATA[]]></speakertitle>
		<dayoftheweek><![CDATA[Wednesday]]></dayoftheweek>
		<speakerimageurl><![CDATA[]]></speakerimageurl>
		<speakerhierarchy></speakerhierarchy>
		<publish>a0q5f0000044zmaAAA</publish>
	</speaker>
	<speaker>
		<id>a15VV000000aPBB</id>
		<sessionname><![CDATA[Keynote 3: Micron]]></sessionname>
		<sessionid>a13VV000002p0qf</sessionid>
		<name><![CDATA[Gurtej Sandhu]]></name>
		<account><![CDATA[Micron]]></account>
		<contact><![CDATA[Sandhu, Gurtej]]></contact>
		<contactid>0035f00001eAzzF</contactid>
		<date>2024-02-07</date>
		<time><![CDATA[11:30]]></time>
		<datetime>2024-02-07T19:30:00.000Z</datetime>
		<track><![CDATA[]]></track>
		<tracknum></tracknum>
		<sessionnum>K-3</sessionnum>
		<starttime><![CDATA[]]></starttime>
		<roomnum></roomnum>
		<room><![CDATA[GAB J (Great America Ballroom J)]]></room>
		<speakerdetails><![CDATA[]]></speakerdetails>
		<speakertype>Keynote Speaker</speakertype>
		<speakerbio><![CDATA[Gurtej Sandhu is Principal Fellow and CVP at Micron Technology. In his current role, he is responsible for Micron’s end-to-end (Si-to-Package) R&D technology roadmaps. The scope includes driving cross-functional alignment across various departments and business units to proactively identify technology gaps and managing the engineering organization to resource and execute on developing innovative technology solutions for future memory scaling. Dr. Sandhu’s responsibilities include driving state of the art methodologies to help develop complex technologies faster and more efficiently and managing interactions with research consortia around the world. Dr. Sandhu received a degree in electrical engineering at the Indian Institute of Technology, New Delhi, and a Ph.D. in physics at the University of North Carolina, Chapel Hill.. He is a Fellow of IEEE and recognized as one of the top inventors in the world. In 2018, he received the IEEE Andrew S. Grove Award for outstanding contributions for DRAM and NAND memory chip scaling.]]></speakerbio>
		<speakertitle><![CDATA[]]></speakertitle>
		<dayoftheweek><![CDATA[Wednesday]]></dayoftheweek>
		<speakerimageurl><![CDATA[https://realintelligence.com/customers/expos/linkedin/1516311334202.jpeg]]></speakerimageurl>
		<speakerhierarchy></speakerhierarchy>
		<publish>a0q5f0000044zmaAAA</publish>
	</speaker>
	<speaker>
		<id>a15VV000000jpZR</id>
		<sessionname><![CDATA[C-102: Next Great Breakthrough in Chiplets (Panel)]]></sessionname>
		<sessionid>a13VV000002p0qu</sessionid>
		<name><![CDATA[Nitza Basoco]]></name>
		<account><![CDATA[Teradyne]]></account>
		<contact><![CDATA[Basoco, Nitza]]></contact>
		<contactid>0035f0000114V69</contactid>
		<date>2024-02-07</date>
		<time><![CDATA[3:15]]></time>
		<datetime>2024-02-07T23:17:00.000Z</datetime>
		<track><![CDATA[]]></track>
		<tracknum></tracknum>
		<sessionnum>C-102</sessionnum>
		<starttime><![CDATA[]]></starttime>
		<roomnum></roomnum>
		<room><![CDATA[GAMR 3 (Great America Meeting Room 3)]]></room>
		<speakerdetails><![CDATA[]]></speakerdetails>
		<speakertype>Panelist</speakertype>
		<speakerbio><![CDATA[]]></speakerbio>
		<speakertitle><![CDATA[]]></speakertitle>
		<dayoftheweek><![CDATA[Wednesday]]></dayoftheweek>
		<speakerimageurl><![CDATA[]]></speakerimageurl>
		<speakerhierarchy></speakerhierarchy>
		<publish>a0q5f0000044zmaAAA</publish>
	</speaker>
	<speaker>
		<id>a155f00000AbvgY</id>
		<sessionname><![CDATA[A-103: Design - 2]]></sessionname>
		<sessionid>a13VV000002p0qs</sessionid>
		<name><![CDATA[Dan Kultran]]></name>
		<account><![CDATA[Epirus]]></account>
		<contact><![CDATA[Kultran, Dan]]></contact>
		<contactid>0035f00001zniLg</contactid>
		<date>2024-02-07</date>
		<time><![CDATA[4:30]]></time>
		<datetime>2024-02-08T00:30:00.000Z</datetime>
		<track><![CDATA[]]></track>
		<tracknum></tracknum>
		<sessionnum>A-103</sessionnum>
		<starttime><![CDATA[]]></starttime>
		<roomnum></roomnum>
		<room><![CDATA[GAMR 1 (Great America Meeting Room 1)]]></room>
		<speakerdetails><![CDATA[]]></speakerdetails>
		<speakertype>Speaker</speakertype>
		<speakerbio><![CDATA[Dan Kultran is the CTO of Epirus, where he has developed smart power management and solid-state technologies (including GaN) across multiple product lines. Before joining Epirus, Dan worked at Northrop Grumman and Raytheon, where he developed advanced system-on-chip designs and integrated circuits. He has also worked on RFICs at Broadcom. He earned an MSEE from the University of Southern California and holds 12 patents.]]></speakerbio>
		<speakertitle><![CDATA[CTO]]></speakertitle>
		<dayoftheweek><![CDATA[Wednesday]]></dayoftheweek>
		<speakerimageurl><![CDATA[]]></speakerimageurl>
		<speakerhierarchy></speakerhierarchy>
		<publish>a0q5f0000044zmaAAA</publish>
	</speaker>
	<speaker>
		<id>a15VV000000cQKr</id>
		<sessionname><![CDATA[C-102: Next Great Breakthrough in Chiplets (Panel)]]></sessionname>
		<sessionid>a13VV000002p0qu</sessionid>
		<name><![CDATA[Jim Finnegan]]></name>
		<account><![CDATA[Netronome]]></account>
		<contact><![CDATA[Finnegan, Jim]]></contact>
		<contactid>0035f000006qhiJ</contactid>
		<date>2024-02-07</date>
		<time><![CDATA[3:15]]></time>
		<datetime>2024-02-07T23:17:00.000Z</datetime>
		<track><![CDATA[]]></track>
		<tracknum></tracknum>
		<sessionnum>C-102</sessionnum>
		<starttime><![CDATA[]]></starttime>
		<roomnum></roomnum>
		<room><![CDATA[GAMR 3 (Great America Meeting Room 3)]]></room>
		<speakerdetails><![CDATA[]]></speakerdetails>
		<speakertype>Panelist</speakertype>
		<speakerbio><![CDATA[]]></speakerbio>
		<speakertitle><![CDATA[COO]]></speakertitle>
		<dayoftheweek><![CDATA[Wednesday]]></dayoftheweek>
		<speakerimageurl><![CDATA[]]></speakerimageurl>
		<speakerhierarchy></speakerhierarchy>
		<publish>a0q5f0000044zmaAAA</publish>
	</speaker>
	<speaker>
		<id>a15VV000000oLdx</id>
		<sessionname><![CDATA[D-101: Annual Update on Packaging]]></sessionname>
		<sessionid>a13VV000002p0ql</sessionid>
		<name><![CDATA[Mike Kelly]]></name>
		<account><![CDATA[Amkor]]></account>
		<contact><![CDATA[Kelly, Mike]]></contact>
		<contactid>0035f00000h7fCs</contactid>
		<date>2024-02-07</date>
		<time><![CDATA[2:00]]></time>
		<datetime>2024-02-07T22:03:00.000Z</datetime>
		<track><![CDATA[]]></track>
		<tracknum></tracknum>
		<sessionnum>D-101</sessionnum>
		<starttime><![CDATA[]]></starttime>
		<roomnum></roomnum>
		<room><![CDATA[GAB J (Great America Ballroom J)]]></room>
		<speakerdetails><![CDATA[]]></speakerdetails>
		<speakertype>Speaker</speakertype>
		<speakerbio><![CDATA[Mike joined Amkor in 2005 and has led package developments for EMI shielding, thermally enhanced packages, sensors and high density MCM packages and more recently chiplet-based packaging using high-density fan-out (HDFO) and bridges. He has worked in electronics and IC package design and manufacturing for 30 years, and has more than 40 patents in the field and holds master’s degrees in Mechanical and Chemical Engineering.]]></speakerbio>
		<speakertitle><![CDATA[VP Chiplets and Avanced FCBGA Packaging]]></speakertitle>
		<dayoftheweek><![CDATA[Wednesday]]></dayoftheweek>
		<speakerimageurl><![CDATA[]]></speakerimageurl>
		<speakerhierarchy></speakerhierarchy>
		<publish>a0q5f0000044zmaAAA</publish>
	</speaker>
	<speaker>
		<id>a15VV000000a9GK</id>
		<sessionname><![CDATA[C-103: Best Way to Optimize Chiplets (Panel)]]></sessionname>
		<sessionid>a13VV000002p0qp</sessionid>
		<name><![CDATA[Jean Bozman]]></name>
		<account><![CDATA[Cloud Architects]]></account>
		<contact><![CDATA[Bozman, Jean]]></contact>
		<contactid>0035f0000098EyF</contactid>
		<date>2024-02-07</date>
		<time><![CDATA[4:30]]></time>
		<datetime>2024-02-08T00:32:00.000Z</datetime>
		<track><![CDATA[]]></track>
		<tracknum></tracknum>
		<sessionnum>C-103</sessionnum>
		<starttime><![CDATA[]]></starttime>
		<roomnum></roomnum>
		<room><![CDATA[GAMR 3 (Great America Meeting Room 3)]]></room>
		<speakerdetails><![CDATA[]]></speakerdetails>
		<speakertype>Moderator</speakertype>
		<speakerbio><![CDATA[Jean Bozman is President/Principal Analyst at Cloud Architects, a research and consulting firm focused on cloud infrastructure. She is an expert industry analyst with over 20 years of experience focused on the worldwide IT markets for databases, servers, storage, and software. Her primary focus is analyzing the technologies and market opportunities for data center infrastructure, including both cloud and enterprise data centers. She is well-known from her long stint as IDC’s Research VP and primary analyst on servers. She is a frequent participant at conferences such as Flash Memory Summit and is often quoted in the trade and technical press, including BusinessWeek, Investor’s Business Daily, Bloomberg, and Reuters. She earned an MA from Stanford University.]]></speakerbio>
		<speakertitle><![CDATA[President]]></speakertitle>
		<dayoftheweek><![CDATA[Wednesday]]></dayoftheweek>
		<speakerimageurl><![CDATA[]]></speakerimageurl>
		<speakerhierarchy></speakerhierarchy>
		<publish>a0q5f0000044zmaAAA</publish>
	</speaker>
	<speaker>
		<id>a15VV000000MmcH</id>
		<sessionname><![CDATA[B-103: Interfaces - 2]]></sessionname>
		<sessionid>a13VV000002p0qt</sessionid>
		<name><![CDATA[Ramin Farjad]]></name>
		<account><![CDATA[Eliyan]]></account>
		<contact><![CDATA[Farjad, Ramin]]></contact>
		<contactid>0035f00000tIwTb</contactid>
		<date>2024-02-07</date>
		<time><![CDATA[4:30]]></time>
		<datetime>2024-02-08T00:31:00.000Z</datetime>
		<track><![CDATA[]]></track>
		<tracknum></tracknum>
		<sessionnum>B-103</sessionnum>
		<starttime><![CDATA[]]></starttime>
		<roomnum></roomnum>
		<room><![CDATA[GAMR 2 (Great America Meeting Room 2)]]></room>
		<speakerdetails><![CDATA[]]></speakerdetails>
		<speakertype>Speaker</speakertype>
		<speakerbio><![CDATA[Ramin Farjad is CEO of Eliyan, a company focused on next generation chiplet-based system-in-package (SiP) solutions. He was previously the CTO/VP Networking/Automotive PHYs at Marvell, in charge of developing connectivity technologies for autonomous vehicles, hyperscale data centers, and heterogenous SiP Integration. Before that, he was Co-Founder/VP Technology of Aquantia, where he focused on Ethernet PHY technologies. Ramin has pioneered several signaling schemes adopted as international standards, such as PAM4 SerDes (IEEE 802.3cd), Multi-Gig Automotive Ethernet (IEEE 802.3ch), Enterprise Ethernet (IEEE 802.3bz), and the BoW die-to-die connectivity scheme at OCP. He is the author of over 130 granted/pending patents. He earned a PhD in electrical engineering from Stanford University.]]></speakerbio>
		<speakertitle><![CDATA[]]></speakertitle>
		<dayoftheweek><![CDATA[Wednesday]]></dayoftheweek>
		<speakerimageurl><![CDATA[]]></speakerimageurl>
		<speakerhierarchy></speakerhierarchy>
		<publish>a0q5f0000044zmaAAA</publish>
	</speaker>
	<speaker>
		<id>a15VV000000oLhB</id>
		<sessionname><![CDATA[D-102: Annual Update on Die-to-Die Interfaces]]></sessionname>
		<sessionid>a13VV000002p0qq</sessionid>
		<name><![CDATA[Letizia Giuliano]]></name>
		<account><![CDATA[Alphawave Semi]]></account>
		<contact><![CDATA[Giuliano, Letizia]]></contact>
		<contactid>0035f00000h6w20</contactid>
		<date>2024-02-07</date>
		<time><![CDATA[3:15]]></time>
		<datetime>2024-02-07T23:18:00.000Z</datetime>
		<track><![CDATA[]]></track>
		<tracknum></tracknum>
		<sessionnum>D-102</sessionnum>
		<starttime><![CDATA[]]></starttime>
		<roomnum></roomnum>
		<room><![CDATA[GAB J (Great America Ballroom J)]]></room>
		<speakerdetails><![CDATA[]]></speakerdetails>
		<speakertype>Speaker</speakertype>
		<speakerbio><![CDATA[Nathan Brookwood is Research Fellow at Insight 64, a semiconductor consulting firm. He has focused recently on microprocessors used in computational applications. His views on the microprocessor market often find their way into articles in mainstream media, business media, and the trade press. He has worked for and with suppliers of mainframes, minicomputers, personal computers, and semiconductors, and he has analyzed and commented on the industry for D.H. Brown Associates and Dataquest. He is a graduate of MIT.]]></speakerbio>
		<speakertitle><![CDATA[VP IP Product Marketing/Management]]></speakertitle>
		<dayoftheweek><![CDATA[Wednesday]]></dayoftheweek>
		<speakerimageurl><![CDATA[]]></speakerimageurl>
		<speakerhierarchy></speakerhierarchy>
		<publish>a0q5f0000044zmaAAA</publish>
	</speaker>
	<speaker>
		<id>a155f00000AHQZM</id>
		<sessionname><![CDATA[B-102: Applications - 1]]></sessionname>
		<sessionid>a13VV000002p0qo</sessionid>
		<name><![CDATA[Paul Borrill]]></name>
		<account><![CDATA[Daedaelus]]></account>
		<contact><![CDATA[Borrill, Paul]]></contact>
		<contactid>0035f00000SXV8X</contactid>
		<date>2024-02-07</date>
		<time><![CDATA[3:15]]></time>
		<datetime>2024-02-07T23:16:00.000Z</datetime>
		<track><![CDATA[]]></track>
		<tracknum></tracknum>
		<sessionnum>B-102</sessionnum>
		<starttime><![CDATA[]]></starttime>
		<roomnum></roomnum>
		<room><![CDATA[GAMR 2 (Great America Meeting Room 2)]]></room>
		<speakerdetails><![CDATA[]]></speakerdetails>
		<speakertype>Speaker</speakertype>
		<speakerbio><![CDATA[Paul Borrill is founder and Chief Product Officer of Daedaelus and a leading industry expert on distributed systems and resilient network and storage infrastructures. He has been a major contributor to modern infrastructure development at NASA, Apple, Sun Microsystems, and Quantum. Paul was cofounder of the Hot Interconnects Symposium and founding chair of the Storage Networking Industry Association (SNIA). He has presented at many conferences on distributed systems and holds nine patents in that area. Paul earned a PhD in Physics from University College London. Co-Author: Charlie Johnson is Chief Engineer at Daedaelus, where he works on architecture, design, coding, and writing patent disclosures. He previously worked at Algo-Logic on FPGA networking and at Nutanix, HPE, and Tandem Computers. He holds over 20 patents and has written many articles, conference papers, and reports. Email: charlesone@yahoo.com]]></speakerbio>
		<speakertitle><![CDATA[Chief Product Officer]]></speakertitle>
		<dayoftheweek><![CDATA[Wednesday]]></dayoftheweek>
		<speakerimageurl><![CDATA[]]></speakerimageurl>
		<speakerhierarchy></speakerhierarchy>
		<publish>a0q5f0000044zmaAAA</publish>
	</speaker>
	<speaker>
		<id>a15VV000000blKv</id>
		<sessionname><![CDATA[Introduction to the 2024 Chiplet Summit]]></sessionname>
		<sessionid>a13VV0000035Shw</sessionid>
		<name><![CDATA[Charles Sobey]]></name>
		<account><![CDATA[Chiplet Summit]]></account>
		<contact><![CDATA[Sobey, Chuck]]></contact>
		<contactid>0035f000005Wj0R</contactid>
		<date>2024-02-07</date>
		<time><![CDATA[8:45]]></time>
		<datetime>2024-02-07T16:45:00.000Z</datetime>
		<track><![CDATA[]]></track>
		<tracknum></tracknum>
		<sessionnum>INTRO</sessionnum>
		<starttime><![CDATA[]]></starttime>
		<roomnum></roomnum>
		<room><![CDATA[GAB J (Great America Ballroom J)]]></room>
		<speakerdetails><![CDATA[]]></speakerdetails>
		<speakertype>Presenter</speakertype>
		<speakerbio><![CDATA[Chuck Sobey is the General Chair of Chiplet Summit. He leads the Organizing Committees and identifies key trends, sessions, and speakers. Chuck is a respected technology strategist/ researcher and President/Founder of the R&D services firm ChannelScience. He helps clients develop and deploy signal processing and coding solutions for emerging memory and storage technologies. He is leading a $1.6M research grant from the US Department of Energy to develop new technology to recover irreproducible scientific data from deteriorating legacy magnetic tapes. Chuck earned an MS in electrical and computer engineering from University of California, Santa Barbara (UCSB) and holds 7 US patents.]]></speakerbio>
		<speakertitle><![CDATA[]]></speakertitle>
		<dayoftheweek><![CDATA[Wednesday]]></dayoftheweek>
		<speakerimageurl><![CDATA[https://smartnicssummit.com//images/Chuck-300x300.png]]></speakerimageurl>
		<speakerhierarchy></speakerhierarchy>
		<publish>a0q5f0000044zmaAAA</publish>
	</speaker>
	<speaker>
		<id>a15VV000000jpUb</id>
		<sessionname><![CDATA[C-101: Chiplets Drive Top Leading-Edge Designs]]></sessionname>
		<sessionid>a13VV000002p0qk</sessionid>
		<name><![CDATA[Helia Naeimi]]></name>
		<account><![CDATA[Tenstorrent]]></account>
		<contact><![CDATA[Naeimi, Helia]]></contact>
		<contactid>003VV0000037ic5</contactid>
		<date>2024-02-07</date>
		<time><![CDATA[2:00]]></time>
		<datetime>2024-02-07T22:02:00.000Z</datetime>
		<track><![CDATA[]]></track>
		<tracknum></tracknum>
		<sessionnum>C-101</sessionnum>
		<starttime><![CDATA[]]></starttime>
		<roomnum></roomnum>
		<room><![CDATA[GAMR 3 (Great America Meeting Room 3)]]></room>
		<speakerdetails><![CDATA[]]></speakerdetails>
		<speakertype>Panelist</speakertype>
		<speakerbio><![CDATA[]]></speakerbio>
		<speakertitle><![CDATA[Director]]></speakertitle>
		<dayoftheweek><![CDATA[Wednesday]]></dayoftheweek>
		<speakerimageurl><![CDATA[]]></speakerimageurl>
		<speakerhierarchy></speakerhierarchy>
		<publish>a0q5f0000044zmaAAA</publish>
	</speaker>
	<speaker>
		<id>a15VV000000rtRN</id>
		<sessionname><![CDATA[C-102: Next Great Breakthrough in Chiplets (Panel)]]></sessionname>
		<sessionid>a13VV000002p0qu</sessionid>
		<name><![CDATA[Jean Bozman]]></name>
		<account><![CDATA[Cloud Architects]]></account>
		<contact><![CDATA[Bozman, Jean]]></contact>
		<contactid>0035f0000098EyF</contactid>
		<date>2024-02-07</date>
		<time><![CDATA[3:15]]></time>
		<datetime>2024-02-07T23:17:00.000Z</datetime>
		<track><![CDATA[]]></track>
		<tracknum></tracknum>
		<sessionnum>C-102</sessionnum>
		<starttime><![CDATA[]]></starttime>
		<roomnum></roomnum>
		<room><![CDATA[GAMR 3 (Great America Meeting Room 3)]]></room>
		<speakerdetails><![CDATA[]]></speakerdetails>
		<speakertype>Panelist</speakertype>
		<speakerbio><![CDATA[]]></speakerbio>
		<speakertitle><![CDATA[President]]></speakertitle>
		<dayoftheweek><![CDATA[Wednesday]]></dayoftheweek>
		<speakerimageurl><![CDATA[]]></speakerimageurl>
		<speakerhierarchy></speakerhierarchy>
		<publish>a0q5f0000044zmaAAA</publish>
	</speaker>
	<speaker>
		<id>a15VV000000a9G7</id>
		<sessionname><![CDATA[A-102: Design - 1]]></sessionname>
		<sessionid>a13VV000002p0qn</sessionid>
		<name><![CDATA[Siamak Tavallaei]]></name>
		<account><![CDATA[CXL Consortium]]></account>
		<contact><![CDATA[Tavallaei, Siamak]]></contact>
		<contactid>0035f00000OAM6e</contactid>
		<date>2024-02-07</date>
		<time><![CDATA[3:15]]></time>
		<datetime>2024-02-07T23:15:00.000Z</datetime>
		<track><![CDATA[]]></track>
		<tracknum></tracknum>
		<sessionnum>A-102</sessionnum>
		<starttime><![CDATA[]]></starttime>
		<roomnum></roomnum>
		<room><![CDATA[GAMR 1 (Great America Meeting Room 1)]]></room>
		<speakerdetails><![CDATA[]]></speakerdetails>
		<speakertype>Moderator</speakertype>
		<speakerbio><![CDATA[Siamak Tavallaei is an independent Chief Systems Architect instrumental in developing servers, computing elements, interconnects, and distributed computers. He has been a Chief Systems Architect at Google, a Principal Architect at Microsoft, and a Chief Architect at HP. He is an advisor to the Board and former President of the CXL Consortium, which is developing a high-speed processor-to-memory interface. He has also been active at OCP, where he was a co-lead of the Server Project and received the 2021 Leadership Award. He has over 50 registered patents in computer server architecture, design, and fault management, as well as many publications and conference appearances. He earned an MSEE at Utah State University.]]></speakerbio>
		<speakertitle><![CDATA[]]></speakertitle>
		<dayoftheweek><![CDATA[Wednesday]]></dayoftheweek>
		<speakerimageurl><![CDATA[]]></speakerimageurl>
		<speakerhierarchy></speakerhierarchy>
		<publish>a0q5f0000044zmaAAA</publish>
	</speaker>
	<speaker>
		<id>a15VV000000a9G8</id>
		<sessionname><![CDATA[A-103: Design - 2]]></sessionname>
		<sessionid>a13VV000002p0qs</sessionid>
		<name><![CDATA[Denis Dutoit]]></name>
		<account><![CDATA[CEA-List]]></account>
		<contact><![CDATA[Dutoit, Denis]]></contact>
		<contactid>0035f00000h8XuA</contactid>
		<date>2024-02-07</date>
		<time><![CDATA[4:30]]></time>
		<datetime>2024-02-08T00:30:00.000Z</datetime>
		<track><![CDATA[]]></track>
		<tracknum></tracknum>
		<sessionnum>A-103</sessionnum>
		<starttime><![CDATA[]]></starttime>
		<roomnum></roomnum>
		<room><![CDATA[GAMR 1 (Great America Meeting Room 1)]]></room>
		<speakerdetails><![CDATA[]]></speakerdetails>
		<speakertype>Moderator</speakertype>
		<speakerbio><![CDATA[Denis Dutoit is senior program manager for advanced computing and digital architectures at CEA-List, one of the world’s largest organizations for research in microelectronics. He coordinated the European ExaNoDe project that developed a computer node demonstrator combining chiplets, an active interposer, and bare dies in a System-in-Package (SiP). He has also contributed to the architecture of the European Processor Initiative (EPI). His current focus is on exploring chiplet-based designs for automotive electronics. Before joining CEA, he was a system-on-chip architect at ST Microelectronics and ST Ericsson. He has authored or coauthored more than 20 articles, including invited talks and tutorials at IEEE conferences. He earned a PhD in signal processing from Telecom Paris (ENST).]]></speakerbio>
		<speakertitle><![CDATA[Program Manager]]></speakertitle>
		<dayoftheweek><![CDATA[Wednesday]]></dayoftheweek>
		<speakerimageurl><![CDATA[]]></speakerimageurl>
		<speakerhierarchy></speakerhierarchy>
		<publish>a0q5f0000044zmaAAA</publish>
	</speaker>
	<speaker>
		<id>a155f00000Cb6oK</id>
		<sessionname><![CDATA[A-103: Design - 2]]></sessionname>
		<sessionid>a13VV000002p0qs</sessionid>
		<name><![CDATA[Kash Johal]]></name>
		<account><![CDATA[YorChip]]></account>
		<contact><![CDATA[Johal, Kash]]></contact>
		<contactid>0035f000023EVdN</contactid>
		<date>2024-02-07</date>
		<time><![CDATA[4:30]]></time>
		<datetime>2024-02-08T00:30:00.000Z</datetime>
		<track><![CDATA[]]></track>
		<tracknum></tracknum>
		<sessionnum>A-103</sessionnum>
		<starttime><![CDATA[]]></starttime>
		<roomnum></roomnum>
		<room><![CDATA[GAMR 1 (Great America Meeting Room 1)]]></room>
		<speakerdetails><![CDATA[]]></speakerdetails>
		<speakertype>Speaker</speakertype>
		<speakerbio><![CDATA[Kash Johal is the CEO of YorChip developing Chiplets for Mass Markets. Previous worked at multiple IP and ASIC startups for past 35 years with multiple exits.]]></speakerbio>
		<speakertitle><![CDATA[CEO]]></speakertitle>
		<dayoftheweek><![CDATA[Wednesday]]></dayoftheweek>
		<speakerimageurl><![CDATA[]]></speakerimageurl>
		<speakerhierarchy></speakerhierarchy>
		<publish>a0q5f0000044zmaAAA</publish>
	</speaker>
	<speaker>
		<id>a15VV000000a9G6</id>
		<sessionname><![CDATA[A-101: Security - 1]]></sessionname>
		<sessionid>a13VV000002p0qi</sessionid>
		<name><![CDATA[John Ferguson]]></name>
		<account><![CDATA[Siemens EDA]]></account>
		<contact><![CDATA[Ferguson, John]]></contact>
		<contactid>0035f00000h6w1v</contactid>
		<date>2024-02-07</date>
		<time><![CDATA[2:00]]></time>
		<datetime>2024-02-07T22:00:00.000Z</datetime>
		<track><![CDATA[]]></track>
		<tracknum></tracknum>
		<sessionnum>A-101</sessionnum>
		<starttime><![CDATA[]]></starttime>
		<roomnum></roomnum>
		<room><![CDATA[GAMR 1 (Great America Meeting Room 1)]]></room>
		<speakerdetails><![CDATA[]]></speakerdetails>
		<speakertype>Moderator</speakertype>
		<speakerbio><![CDATA[John Ferguson is Director Product Management at Siemens EDA where he is in charge of the Calibre nmDRC and 3DIC physical management tools. He holds several patents and is the author of many articles and blogs on physical design and verification design. He has also presented at many conferences, including Chiplet Summit. He earned a PhD in Electrical Engineering from the Oregon Graduate Institute of Science and Technology (Portland, OR).]]></speakerbio>
		<speakertitle><![CDATA[Principal Engineer]]></speakertitle>
		<dayoftheweek><![CDATA[Wednesday]]></dayoftheweek>
		<speakerimageurl><![CDATA[]]></speakerimageurl>
		<speakerhierarchy></speakerhierarchy>
		<publish>a0q5f0000044zmaAAA</publish>
	</speaker>
	<speaker>
		<id>a15VV000000jpPl</id>
		<sessionname><![CDATA[C-101: Chiplets Drive Top Leading-Edge Designs]]></sessionname>
		<sessionid>a13VV000002p0qk</sessionid>
		<name><![CDATA[Kenneth Larsen]]></name>
		<account><![CDATA[Synopsys]]></account>
		<contact><![CDATA[Larsen, Kenneth]]></contact>
		<contactid>0035f00000h6eXt</contactid>
		<date>2024-02-07</date>
		<time><![CDATA[2:00]]></time>
		<datetime>2024-02-07T22:02:00.000Z</datetime>
		<track><![CDATA[]]></track>
		<tracknum></tracknum>
		<sessionnum>C-101</sessionnum>
		<starttime><![CDATA[]]></starttime>
		<roomnum></roomnum>
		<room><![CDATA[GAMR 3 (Great America Meeting Room 3)]]></room>
		<speakerdetails><![CDATA[]]></speakerdetails>
		<speakertype>Panelist</speakertype>
		<speakerbio><![CDATA[]]></speakerbio>
		<speakertitle><![CDATA[Director Product Management]]></speakertitle>
		<dayoftheweek><![CDATA[Wednesday]]></dayoftheweek>
		<speakerimageurl><![CDATA[]]></speakerimageurl>
		<speakerhierarchy></speakerhierarchy>
		<publish>a0q5f0000044zmaAAA</publish>
	</speaker>
	<speaker>
		<id>a15VV0000006dOT</id>
		<sessionname><![CDATA[B-103: Interfaces - 2]]></sessionname>
		<sessionid>a13VV000002p0qt</sessionid>
		<name><![CDATA[Luis E. Rodriguez]]></name>
		<account><![CDATA[Siemens EDA]]></account>
		<contact><![CDATA[Rodriguez, Luis E]]></contact>
		<contactid>003VV000000few9</contactid>
		<date>2024-02-07</date>
		<time><![CDATA[4:30]]></time>
		<datetime>2024-02-08T00:31:00.000Z</datetime>
		<track><![CDATA[]]></track>
		<tracknum></tracknum>
		<sessionnum>B-103</sessionnum>
		<starttime><![CDATA[]]></starttime>
		<roomnum></roomnum>
		<room><![CDATA[GAMR 2 (Great America Meeting Room 2)]]></room>
		<speakerdetails><![CDATA[]]></speakerdetails>
		<speakertype>Speaker</speakertype>
		<speakerbio><![CDATA[Luis E. Rodriguez is a Solutions Architect/UCIe Verification IP Architect at Siemens EDA. He currently works on architecture and development of UCIe Verification IP and finding synergies between it and other Siemens tools. He has previously developed verification IP for PCIe, CXL, and NVMe. He earned an MS in computer science from the National Taiwan University.]]></speakerbio>
		<speakertitle><![CDATA[Solutions Architect]]></speakertitle>
		<dayoftheweek><![CDATA[Wednesday]]></dayoftheweek>
		<speakerimageurl><![CDATA[]]></speakerimageurl>
		<speakerhierarchy></speakerhierarchy>
		<publish>a0q5f0000044zmaAAA</publish>
	</speaker>
	<speaker>
		<id>a15VV000000jupF</id>
		<sessionname><![CDATA[D-103: Annual Update on Chiplet Design - Key Challenges and How to Meet Them]]></sessionname>
		<sessionid>a13VV000002p0qv</sessionid>
		<name><![CDATA[Pedro Merlo]]></name>
		<account><![CDATA[Keysight Technologies]]></account>
		<contact><![CDATA[Merlo, Pedro]]></contact>
		<contactid>003VV000003TZQV</contactid>
		<date>2024-02-07</date>
		<time><![CDATA[4:30]]></time>
		<datetime>2024-02-08T00:33:00.000Z</datetime>
		<track><![CDATA[]]></track>
		<tracknum></tracknum>
		<sessionnum>D-103</sessionnum>
		<starttime><![CDATA[]]></starttime>
		<roomnum></roomnum>
		<room><![CDATA[GAB K (Great America Ballroom K)]]></room>
		<speakerdetails><![CDATA[]]></speakerdetails>
		<speakertype>Panelist</speakertype>
		<speakerbio><![CDATA[Joshua Rubin is a Sr Engineer at IBM, where he has been technical lead on projects dealing with wafer scale 3D integration, system performance analysis for novel technical elements, heterogeneous integration, and AI hardware design. An IBM Master Inventor, he holds over 75 patents in transistor design and integration, power distribution, 3D integration, packaging, and memory devices. He earned a PhD in electrical engineering at Cornell University. He has also published several technical articles and presented at several conferences including the Electronic Components and Technology Conference (ECTC).]]></speakerbio>
		<speakertitle><![CDATA[Manager Strategic Planning]]></speakertitle>
		<dayoftheweek><![CDATA[Wednesday]]></dayoftheweek>
		<speakerimageurl><![CDATA[]]></speakerimageurl>
		<speakerhierarchy></speakerhierarchy>
		<publish>a0q5f0000044zmaAAA</publish>
	</speaker>
	<speaker>
		<id>a155f00000AFvps</id>
		<sessionname><![CDATA[B-101: Interfaces - 1]]></sessionname>
		<sessionid>a13VV000002p0qj</sessionid>
		<name><![CDATA[Nick Ilyadis]]></name>
		<account><![CDATA[Achronix]]></account>
		<contact><![CDATA[Ilyadis, Nick]]></contact>
		<contactid>0035f00000h8XqL</contactid>
		<date>2024-02-07</date>
		<time><![CDATA[2:00]]></time>
		<datetime>2024-02-07T22:01:00.000Z</datetime>
		<track><![CDATA[]]></track>
		<tracknum></tracknum>
		<sessionnum>B-101</sessionnum>
		<starttime><![CDATA[]]></starttime>
		<roomnum></roomnum>
		<room><![CDATA[GAMR 2 (Great America Meeting Room 2)]]></room>
		<speakerdetails><![CDATA[]]></speakerdetails>
		<speakertype>Speaker</speakertype>
		<speakerbio><![CDATA[Nick Ilyadis is Senior Director of Product Planning at Achronix, where he oversees all aspects of product planning from concept through production. Nick has 35 years of data and semiconductor engineering and manufacturing experience and holds 75 issued patents. A recognized expert on software and hardware development and quality control, he was previously VP Portfolio/Technology Strategy at Marvell Semiconductor and VP/Group CTO at Broadcom. He has extensive domain knowledge across semiconductors, networking, 5G, data centers, and automotive applications. He earned an MSEE in VLSI Technology from the University of New Hampshire. Nick has been active in many industry groups including the Ethernet Alliance and has participated in many conferences including HP Discover, OFC, Infocom, and Ethernet Technology Summit.]]></speakerbio>
		<speakertitle><![CDATA[VP Product Planning]]></speakertitle>
		<dayoftheweek><![CDATA[Wednesday]]></dayoftheweek>
		<speakerimageurl><![CDATA[]]></speakerimageurl>
		<speakerhierarchy></speakerhierarchy>
		<publish>a0q5f0000044zmaAAA</publish>
	</speaker>
	<speaker>
		<id>a155f00000AbuUv</id>
		<sessionname><![CDATA[B-101: Interfaces - 1]]></sessionname>
		<sessionid>a13VV000002p0qj</sessionid>
		<name><![CDATA[Manuel Mota]]></name>
		<account><![CDATA[Synopsys]]></account>
		<contact><![CDATA[Mota, Manuel]]></contact>
		<contactid>0035f00000h8Y2U</contactid>
		<date>2024-02-07</date>
		<time><![CDATA[2:00]]></time>
		<datetime>2024-02-07T22:01:00.000Z</datetime>
		<track><![CDATA[]]></track>
		<tracknum></tracknum>
		<sessionnum>B-101</sessionnum>
		<starttime><![CDATA[]]></starttime>
		<roomnum></roomnum>
		<room><![CDATA[GAMR 2 (Great America Meeting Room 2)]]></room>
		<speakerdetails><![CDATA[]]></speakerdetails>
		<speakertype>Speaker</speakertype>
		<speakerbio><![CDATA[Manuel Mota is a Senior Product Manager for Synopsys High-Speed Interface IP including UCIe. He has focused recently on multi-die systems and has published articles on UCIe in such journals as Embedded Computing Design and Semiconductor Engineering. He has also given presentations at Chiplet Summit and SNUG. Before joining Synopsys, Manuel worked at MIPS Technologies. He earned a PhD in Electronic Engineering from Lisbon Technical University (Portugal).]]></speakerbio>
		<speakertitle><![CDATA[Sr Product Manager]]></speakertitle>
		<dayoftheweek><![CDATA[Wednesday]]></dayoftheweek>
		<speakerimageurl><![CDATA[]]></speakerimageurl>
		<speakerhierarchy></speakerhierarchy>
		<publish>a0q5f0000044zmaAAA</publish>
	</speaker>
	<speaker>
		<id>a15VV000000ffs1</id>
		<sessionname><![CDATA[C-103: Best Way to Optimize Chiplets (Panel)]]></sessionname>
		<sessionid>a13VV000002p0qp</sessionid>
		<name><![CDATA[Jeff Twombly]]></name>
		<account><![CDATA[Credo Semiconductor]]></account>
		<contact><![CDATA[Twombly, Jeff]]></contact>
		<contactid>0035f00000GxSTa</contactid>
		<date>2024-02-07</date>
		<time><![CDATA[4:30]]></time>
		<datetime>2024-02-08T00:32:00.000Z</datetime>
		<track><![CDATA[]]></track>
		<tracknum></tracknum>
		<sessionnum>C-103</sessionnum>
		<starttime><![CDATA[]]></starttime>
		<roomnum></roomnum>
		<room><![CDATA[GAMR 3 (Great America Meeting Room 3)]]></room>
		<speakerdetails><![CDATA[]]></speakerdetails>
		<speakertype>Panelist</speakertype>
		<speakerbio><![CDATA[]]></speakerbio>
		<speakertitle><![CDATA[VP Business Development]]></speakertitle>
		<dayoftheweek><![CDATA[Wednesday]]></dayoftheweek>
		<speakerimageurl><![CDATA[]]></speakerimageurl>
		<speakerhierarchy></speakerhierarchy>
		<publish>a0q5f0000044zmaAAA</publish>
	</speaker>
	<speaker>
		<id>a15VV000000juu5</id>
		<sessionname><![CDATA[D-103: Annual Update on Chiplet Design - Key Challenges and How to Meet Them]]></sessionname>
		<sessionid>a13VV000002p0qv</sessionid>
		<name><![CDATA[Javier DeLaCruz]]></name>
		<account><![CDATA[Arm]]></account>
		<contact><![CDATA[DeLaCruz, Javier]]></contact>
		<contactid>0035f00000h6w1m</contactid>
		<date>2024-02-07</date>
		<time><![CDATA[4:30]]></time>
		<datetime>2024-02-08T00:33:00.000Z</datetime>
		<track><![CDATA[]]></track>
		<tracknum></tracknum>
		<sessionnum>D-103</sessionnum>
		<starttime><![CDATA[]]></starttime>
		<roomnum></roomnum>
		<room><![CDATA[GAB K (Great America Ballroom K)]]></room>
		<speakerdetails><![CDATA[]]></speakerdetails>
		<speakertype>Panelist</speakertype>
		<speakerbio><![CDATA[Joshua Rubin is a Sr Engineer at IBM, where he has been technical lead on projects dealing with wafer scale 3D integration, system performance analysis for novel technical elements, heterogeneous integration, and AI hardware design. An IBM Master Inventor, he holds over 75 patents in transistor design and integration, power distribution, 3D integration, packaging, and memory devices. He earned a PhD in electrical engineering at Cornell University. He has also published several technical articles and presented at several conferences including the Electronic Components and Technology Conference (ECTC).]]></speakerbio>
		<speakertitle><![CDATA[Fellow/Sr Director Integration]]></speakertitle>
		<dayoftheweek><![CDATA[Wednesday]]></dayoftheweek>
		<speakerimageurl><![CDATA[]]></speakerimageurl>
		<speakerhierarchy></speakerhierarchy>
		<publish>a0q5f0000044zmaAAA</publish>
	</speaker>
	<speaker>
		<id>a15VV000000jpWD</id>
		<sessionname><![CDATA[C-101: Chiplets Drive Top Leading-Edge Designs]]></sessionname>
		<sessionid>a13VV000002p0qk</sessionid>
		<name><![CDATA[Suresh Ramalingam]]></name>
		<account><![CDATA[AMD]]></account>
		<contact><![CDATA[Ramalingam, Suresh]]></contact>
		<contactid>003VV0000037f9d</contactid>
		<date>2024-02-07</date>
		<time><![CDATA[2:00]]></time>
		<datetime>2024-02-07T22:02:00.000Z</datetime>
		<track><![CDATA[]]></track>
		<tracknum></tracknum>
		<sessionnum>C-101</sessionnum>
		<starttime><![CDATA[]]></starttime>
		<roomnum></roomnum>
		<room><![CDATA[GAMR 3 (Great America Meeting Room 3)]]></room>
		<speakerdetails><![CDATA[]]></speakerdetails>
		<speakertype>Panelist</speakertype>
		<speakerbio><![CDATA[]]></speakerbio>
		<speakertitle><![CDATA[Corporate Fellow]]></speakertitle>
		<dayoftheweek><![CDATA[Wednesday]]></dayoftheweek>
		<speakerimageurl><![CDATA[]]></speakerimageurl>
		<speakerhierarchy></speakerhierarchy>
		<publish>a0q5f0000044zmaAAA</publish>
	</speaker>
	<speaker>
		<id>a15VV000000i8Je</id>
		<sessionname><![CDATA[A-103: Design - 2]]></sessionname>
		<sessionid>a13VV000002p0qs</sessionid>
		<name><![CDATA[Nermeen Hossam]]></name>
		<account><![CDATA[Siemens EDA]]></account>
		<contact><![CDATA[Hossam, Nermeen]]></contact>
		<contactid>0035f00000w9p0l</contactid>
		<date>2024-02-07</date>
		<time><![CDATA[4:30]]></time>
		<datetime>2024-02-08T00:30:00.000Z</datetime>
		<track><![CDATA[]]></track>
		<tracknum></tracknum>
		<sessionnum>A-103</sessionnum>
		<starttime><![CDATA[]]></starttime>
		<roomnum></roomnum>
		<room><![CDATA[GAMR 1 (Great America Meeting Room 1)]]></room>
		<speakerdetails><![CDATA[]]></speakerdetails>
		<speakertype>Speaker</speakertype>
		<speakerbio><![CDATA[Nermeen Hossam is a principal product manager at Siemens Digital Industries Software, where she manages the Calibre 3DSTACK tool. She is an expert in 3DIC technology and has contributed to blogs and articles in Semiconductor Engineering magazine. She has also presented at Design Automation Conference (DAC) and IEEE International 3D Systems Integration Conference. She earned a bachelorÃ¢ÂÂs degree in electrical and communication engineering from Ain Shams University (Egypt) and an MBA from the Edinburgh Business School of Heriot-Watt University.]]></speakerbio>
		<speakertitle><![CDATA[Director of Product Management, Calibre nmDRC and 3DIC Solutions]]></speakertitle>
		<dayoftheweek><![CDATA[Wednesday]]></dayoftheweek>
		<speakerimageurl><![CDATA[]]></speakerimageurl>
		<speakerhierarchy></speakerhierarchy>
		<publish>a0q5f0000044zmaAAA</publish>
	</speaker>
	<speaker>
		<id>a15VV000000a9GS</id>
		<sessionname><![CDATA[D-102: Annual Update on Die-to-Die Interfaces]]></sessionname>
		<sessionid>a13VV000002p0qq</sessionid>
		<name><![CDATA[Nathan Brookwood]]></name>
		<account><![CDATA[Insight 64]]></account>
		<contact><![CDATA[Brookwood, Nathan]]></contact>
		<contactid>0035f00000w9Z3e</contactid>
		<date>2024-02-07</date>
		<time><![CDATA[3:15]]></time>
		<datetime>2024-02-07T23:18:00.000Z</datetime>
		<track><![CDATA[]]></track>
		<tracknum></tracknum>
		<sessionnum>D-102</sessionnum>
		<starttime><![CDATA[]]></starttime>
		<roomnum></roomnum>
		<room><![CDATA[GAB J (Great America Ballroom J)]]></room>
		<speakerdetails><![CDATA[]]></speakerdetails>
		<speakertype>Moderator</speakertype>
		<speakerbio><![CDATA[Nathan Brookwood is Research Fellow at Insight 64, a semiconductor consulting firm. He has focused recently on microprocessors used in computational applications. His views on the microprocessor market often find their way into articles in mainstream media, business media, and the trade press. He has worked for and with suppliers of mainframes, minicomputers, personal computers, and semiconductors, and he has analyzed and commented on the industry for D.H. Brown Associates and Dataquest. He is a graduate of MIT.]]></speakerbio>
		<speakertitle><![CDATA[]]></speakertitle>
		<dayoftheweek><![CDATA[Wednesday]]></dayoftheweek>
		<speakerimageurl><![CDATA[]]></speakerimageurl>
		<speakerhierarchy></speakerhierarchy>
		<publish>a0q5f0000044zmaAAA</publish>
	</speaker>
	<speaker>
		<id>a15VV0000004V22</id>
		<sessionname><![CDATA[B-103: Interfaces - 2]]></sessionname>
		<sessionid>a13VV000002p0qt</sessionid>
		<name><![CDATA[Frank Schirrmeister]]></name>
		<account><![CDATA[Arteris IP]]></account>
		<contact><![CDATA[Schirrmeister, Frank]]></contact>
		<contactid>0035f00001eAzyr</contactid>
		<date>2024-02-07</date>
		<time><![CDATA[4:30]]></time>
		<datetime>2024-02-08T00:31:00.000Z</datetime>
		<track><![CDATA[]]></track>
		<tracknum></tracknum>
		<sessionnum>B-103</sessionnum>
		<starttime><![CDATA[]]></starttime>
		<roomnum></roomnum>
		<room><![CDATA[GAMR 2 (Great America Meeting Room 2)]]></room>
		<speakerdetails><![CDATA[]]></speakerdetails>
		<speakertype>Speaker</speakertype>
		<speakerbio><![CDATA[Frank Schirrmeister is VP Solutions/Business Development at Arteris IP, where he leads activities in automotive, enterprise computing, consumer, communications, and industrial applications and in artificial intelligence, machine learning, and safety technologies. A well-known leader in the EDA industry, he has played a key role at many major conferences, including being the Engineering Track Chair for the 2024 Design Automation Conference (DAC). He has also written many technical articles in media such as Semiconductor Engineering, EDACafe, and Design&Reuse. Before joining Arteris IP, Frank held management positions at Cadence Design Systems and Synopsys, focusing on product marketing and management, solutions, strategic ecosystem partner initiatives, and customer engagement. He earned a BSEE equivalent from the Technical University of Berlin (Germany).]]></speakerbio>
		<speakertitle><![CDATA[CEO]]></speakertitle>
		<dayoftheweek><![CDATA[Wednesday]]></dayoftheweek>
		<speakerimageurl><![CDATA[]]></speakerimageurl>
		<speakerhierarchy></speakerhierarchy>
		<publish>a0q5f0000044zmaAAA</publish>
	</speaker>
	<speaker>
		<id>a155f00000AHQO9</id>
		<sessionname><![CDATA[A-103: Design - 2]]></sessionname>
		<sessionid>a13VV000002p0qs</sessionid>
		<name><![CDATA[John Ferguson]]></name>
		<account><![CDATA[Siemens EDA]]></account>
		<contact><![CDATA[Ferguson, John]]></contact>
		<contactid>0035f00000h6w1v</contactid>
		<date>2024-02-07</date>
		<time><![CDATA[4:30]]></time>
		<datetime>2024-02-08T00:30:00.000Z</datetime>
		<track><![CDATA[]]></track>
		<tracknum></tracknum>
		<sessionnum>A-103</sessionnum>
		<starttime><![CDATA[]]></starttime>
		<roomnum></roomnum>
		<room><![CDATA[GAMR 1 (Great America Meeting Room 1)]]></room>
		<speakerdetails><![CDATA[]]></speakerdetails>
		<speakertype>Speaker</speakertype>
		<speakerbio><![CDATA[John Ferguson is Director Product Management at Siemens EDA where he is in charge of the Calibre nmDRC and 3DIC physical management tools. He holds several patents and is the author of many articles and blogs on physical design and verification design. He has also presented at many conferences, including Chiplet Summit. He earned a PhD in Electrical Engineering from the Oregon Graduate Institute of Science and Technology (Portland, OR).]]></speakerbio>
		<speakertitle><![CDATA[Principal Engineer]]></speakertitle>
		<dayoftheweek><![CDATA[Wednesday]]></dayoftheweek>
		<speakerimageurl><![CDATA[]]></speakerimageurl>
		<speakerhierarchy></speakerhierarchy>
		<publish>a0q5f0000044zmaAAA</publish>
	</speaker>
</speakerlist>
